Country Name,Country Code,year,Balance des transactions courantes en pourcentage du PIB,Cours des actions,Emploi,"Importations de biens et services, volume",M3,Prix à la consommation,Production volume,"Produit intérieur brut, volume",Taux de change nominal,Taux de chômage,tariff_AR,tariff_FN,tariff_selected,tariff_lag1,delta_tariff
Argentina,ARG,1988,2.8473640039751142,-13.0859467605299,7398.2419275,17.584398315727285,10.794519008139535,34.2772237131004,31.22718006104785,4.443886742733185,0.0008752604166666,7.2279543,12.66,12.66,12.66,,
Argentina,ARG,1989,2.8473640039751142,-13.0859467605299,7398.2419275,17.584398315727285,10.794519008139535,34.2772237131004,31.22718006104785,4.443886742733185,0.0423339608333333,7.2279543,12.66,12.66,12.66,12.66,0.0
Argentina,ARG,1990,2.8473640039751142,-13.0859467605299,7398.2419275,17.584398315727285,10.794519008139535,34.2772237131004,31.22718006104785,4.443886742733185,0.487589083333333,7.2279543,12.66,12.66,12.66,12.66,0.0
Argentina,ARG,1991,2.8473640039751142,-13.0859467605299,7398.2419275,17.584398315727285,10.794519008139535,34.2772237131004,31.22718006104785,4.443886742733185,0.953554416666666,7.2279543,12.66,12.66,12.66,12.66,0.0
Argentina,ARG,1992,2.8473640039751142,-13.0859467605299,7398.2419275,17.584398315727285,10.794519008139535,34.2772237131004,31.22718006104785,4.443886742733185,0.990641666666667,7.2279543,12.66,12.66,12.66,12.66,0.0
Argentina,ARG,1993,2.8473640039751142,-13.0859467605299,7398.2419275,17.584398315727285,10.794519008139535,34.2772237131004,31.22718006104785,4.443886742733185,0.9988957891932688,7.2279543,12.53,12.53,12.53,12.66,-0.13000000000000078
Argentina,ARG,1994,2.8473640039751142,-13.0859467605299,7398.2419275,17.584398315727285,10.794519008139535,34.2772237131004,31.22718006104785,4.443886742733185,0.9989177368460224,7.2279543,10.434999999999999,11.969999999999999,11.969999999999999,12.53,-0.5600000000000005
Argentina,ARG,1995,2.8473640039751142,-13.0859467605299,7398.2419275,17.584398315727285,10.794519008139535,34.2772237131004,31.22718006104785,4.443886742733185,1.0005431726826783,7.2279543,8.34,11.41,11.41,11.969999999999999,-0.5599999999999987
Argentina,ARG,1996,2.8473640039751142,-13.0859467605299,7398.2419275,17.584398315727285,10.794519008139535,34.2772237131004,31.22718006104785,4.443886742733185,1.0000604494119616,7.2279543,13.33,13.4,13.4,11.41,1.9900000000000002
Argentina,ARG,1997,2.8473640039751142,-13.0859467605299,7398.2419275,17.584398315727285,10.794519008139535,34.2772237131004,31.22718006104785,4.443886742733185,0.9999848712284228,7.2279543,13.93,13.93,13.93,13.4,0.5299999999999994
Argentina,ARG,1998,2.8473640039751142,-13.0859467605299,7398.2419275,17.584398315727285,10.794519008139535,34.2772237131004,31.22718006104785,4.443886742733185,0.99984180697355,7.2279543,15.67,15.67,15.67,13.93,1.7400000000000002
Argentina,ARG,1999,2.8473640039751142,-13.0859467605299,7398.2419275,17.584398315727285,10.794519008139535,34.2772237131004,31.22718006104785,4.443886742733185,0.9995632209312654,7.2279543,11.29,14.76,14.76,15.67,-0.9100000000000001
Argentina,ARG,2000,2.8473640039751142,-13.0859467605299,7398.2419275,17.584398315727285,10.794519008139535,34.2772237131004,31.22718006104785,4.443886742733185,0.9996648468799932,7.2279543,10.52,14.49,14.49,14.76,-0.2699999999999996
Argentina,ARG,2001,2.8473640039751142,-13.0859467605299,7398.2419275,17.584398315727285,10.794519008139535,34.2772237131004,31.22718006104785,4.443886742733185,1.0001709909985064,7.2279543,9.25,13.51,13.51,14.49,-0.9800000000000004
Argentina,ARG,2002,2.8473640039751142,-13.0859467605299,7398.2419275,17.584398315727285,10.794519008139535,34.2772237131004,31.22718006104785,4.443886742733185,3.1137521112241404,7.2279543,12.01,12.01,12.01,13.51,-1.5
Argentina,ARG,2003,2.8473640039751142,-13.0859467605299,7398.2419275,17.584398315727285,10.794519008139535,34.2772237131004,31.22718006104785,4.443886742733185,2.929625122158038,7.2279543,12.87,12.87,12.87,12.01,0.8599999999999994
Argentina,ARG,2004,2.8473640039751142,-13.0859467605299,7398.2419275,17.584398315727285,10.794519008139535,34.2772237131004,31.22718006104785,4.443886742733185,2.923079823732376,7.2279543,5.96,12.21,12.21,12.87,-0.6599999999999984
Argentina,ARG,2005,2.8473640039751142,-13.0859467605299,7398.2419275,17.584398315727285,10.794519008139535,34.2772237131004,31.22718006104785,4.443886742733185,2.9173848048137643,7.2279543,5.22,11.74,11.74,12.21,-0.47000000000000064
Argentina,ARG,2006,2.8473640039751142,-13.0859467605299,7398.2419275,17.584398315727285,10.794519008139535,34.2772237131004,31.22718006104785,4.443886742733185,3.074382824850258,7.2279543,5.49,11.92,11.92,11.74,0.17999999999999972
Argentina,ARG,2007,2.1418942888799815,-13.0859467605299,7398.2419275,17.584398315727285,10.794519008139535,34.2772237131004,31.22718006104785,4.443886742733185,3.1156936234383665,7.2279543,5.83,12.17,12.17,11.92,0.25
Argentina,ARG,2008,1.4952052436536842,-13.0859467605299,7398.2419275,17.584398315727285,10.794519008139535,34.2772237131004,31.22718006104785,4.443886742733185,3.1624426618896706,7.2279543,5.39,10.43,10.43,12.17,-1.7400000000000002
Argentina,ARG,2009,2.184561527618452,-13.0859467605299,7398.2419275,17.584398315727285,10.794519008139535,34.2772237131004,31.22718006104785,4.443886742733185,3.727916299148106,7.2279543,5.93,12.21,12.21,10.43,1.7800000000000011
Argentina,ARG,2010,-0.4345357890902619,-13.0859467605299,7398.2419275,17.584398315727285,10.794519008139535,34.2772237131004,31.22718006104785,4.443886742733185,3.9095094520160543,7.2279543,5.99,12.52,12.52,12.21,0.3099999999999987
Argentina,ARG,2011,-1.0229305377740363,-13.0859467605299,7398.2419275,17.584398315727285,10.794519008139535,34.2772237131004,31.22718006104785,4.443886742733185,4.126047825805963,7.2279543,5.68,12.03,12.03,12.52,-0.4900000000000002
Argentina,ARG,2012,-0.3605515426730185,-13.0859467605299,7398.2419275,17.584398315727285,10.794519008139535,34.2772237131004,31.22718006104785,4.443886742733185,4.547838642953107,7.2279543,6.02,11.92,11.92,12.03,-0.10999999999999943
Argentina,ARG,2013,-2.194946657819238,-13.0859467605299,7398.2419275,17.584398315727285,10.794519008139535,34.2772237131004,31.22718006104785,4.443886742733185,5.477724294378679,7.2279543,6.27,11.01,11.01,11.92,-0.9100000000000001
Argentina,ARG,2014,-1.73468318012323,-13.0859467605299,7398.2419275,17.584398315727285,10.794519008139535,34.2772237131004,31.22718006104785,4.443886742733185,8.122416193104732,7.2279543,6.63,11.5,11.5,11.01,0.4900000000000002
Argentina,ARG,2015,-2.7736094265070252,-13.0859467605299,7398.2419275,17.584398315727285,10.794519008139535,34.2772237131004,31.22718006104785,4.443886742733185,9.25788961359112,7.2279543,7.35,11.53,11.53,11.5,0.02999999999999936
Argentina,ARG,2016,-2.7273521185161074,-13.0859467605299,7398.2419275,17.584398315727285,10.794519008139535,34.2772237131004,31.22718006104785,4.443886742733185,14.766539437670737,7.2279543,7.53,12.32,12.32,11.53,0.7900000000000009
Argentina,ARG,2017,-4.811433864700705,-13.0859467605299,7398.2419275,17.584398315727285,10.794519008139535,34.2772237131004,31.22718006104785,4.443886742733185,16.558937484625556,7.2279543,7.93,14.68,14.68,12.32,2.3599999999999994
Argentina,ARG,2018,-5.104949785649424,-13.0859467605299,7398.2419275,17.584398315727285,10.794519008139535,34.2772237131004,31.22718006104785,4.443886742733185,28.10653852060199,7.2279543,7.42,12.41,12.41,14.68,-2.2699999999999996
Argentina,ARG,2019,-0.7692248498862406,-13.0859467605299,7398.2419275,17.584398315727285,10.794519008139535,53.5483043492339,31.22718006104785,4.443886742733185,48.23350993000659,7.2279543,7.26,11.47,11.47,12.41,-0.9399999999999995
Argentina,ARG,2020,0.727382636828022,-13.0859467605299,7398.2419275,17.584398315727285,10.794519008139535,42.0150947376509,31.22718006104785,4.443886742733185,70.63824982597718,7.2279543,6.88,11.14,11.14,11.47,-0.33000000000000007
Argentina,ARG,2021,1.275332203879626,-13.0859467605299,7398.2419275,17.584398315727285,10.794519008139535,48.4093786255198,31.22718006104785,4.443886742733185,95.08207779543888,7.2279543,6.51,10.4,10.4,11.14,-0.7400000000000002
Argentina,ARG,2022,-0.563469854192308,-13.0859467605299,7398.2419275,17.584398315727285,10.794519008139535,72.4307575318241,31.22718006104785,4.443886742733185,130.65514996235655,7.2279543,6.45,10.29,10.29,10.4,-0.11000000000000121
Australia,AUS,1988,-3.805201115257102,-13.0859467605299,7398.2419275,17.584398315727285,10.794519008139535,26.721505947850844,31.22718006104785,4.443886742733185,1.28061125100588,7.2279543,6.45,10.29,10.29,,
Australia,AUS,1989,-5.968049410707725,7.35319012046008,7719.76938241667,20.985839395881214,16.62536981452953,28.621838673380086,31.3897103598151,4.322066988766573,1.26484241722747,6.17982545833333,18.56,19.87,19.87,10.29,9.580000000000002
Australia,AUS,1990,-4.864242546797419,-7.60097985903524,7858.81733108333,-3.989033015193826,12.782609050460778,30.344012717530653,28.042648318638953,1.4140772251510918,1.28182852683076,6.92300003333333,18.56,19.87,19.87,19.87,0.0
Australia,AUS,1991,-3.288916473776085,3.97010922718859,7670.5353725,-2.3872879889235183,9.127332563429482,29.11329705341337,25.298821273836527,-1.33332116614401,1.28403404063967,9.57652190833333,18.56,19.87,19.87,19.87,0.0
Australia,AUS,1992,-3.282479915025152,3.52070970422812,7634.41563391667,6.8438957901618975,8.284825651130241,28.309691137699478,26.9779933459406,3.019702828768407,1.36228670036194,10.7281354916667,14.155,15.440000000000001,15.440000000000001,19.87,-4.43
Australia,AUS,1993,-3.0358868177614777,13.421199574365,7653.39484408334,5.11735482331954,9.721189855323406,29.1679806577921,30.91704646327359,4.092593072876251,1.47303810031258,10.8746652666667,9.75,11.01,11.01,15.440000000000001,-4.4300000000000015
Australia,AUS,1994,-4.473665629731691,11.6858326521513,7899.2843715,14.443863405393152,11.33074242142175,29.833203746246603,32.73480408605618,4.744126142045897,1.36907109200972,9.72219025833333,8.77,9.643333333333333,9.643333333333333,11.01,-1.3666666666666671
Australia,AUS,1995,-4.966242255658722,-0.386737804244146,8188.81212783333,8.470557806707466,12.332902002025726,32.4973056355313,31.43298496362624,3.158930969746417,1.3495511165251,8.472281475,7.79,8.276666666666667,8.276666666666667,9.643333333333333,-1.3666666666666654
Australia,AUS,1996,-3.501358134353171,10.6147956734282,8298.89014833334,8.093629535429015,13.502973731878466,32.280527227590156,32.922553283420775,3.931600736460091,1.27689924334651,8.50611403333334,6.81,6.91,6.91,8.276666666666667,-1.3666666666666671
Australia,AUS,1997,-2.920213899623735,12.9984526550175,8366.65774008334,10.522948866895074,13.84343021946583,31.15493274955279,33.50099136006356,4.229332691633245,1.34803392746111,8.362487375,6.82,6.93,6.93,6.91,0.019999999999999574
Australia,AUS,1998,-4.904936861897845,4.66213779006852,8517.42408241666,7.211145041215121,13.70860095510666,31.73956348391122,37.33874229876403,4.953375086986768,1.59229010508815,7.67742941666667,6.49,6.6,6.6,6.93,-0.33000000000000007
Australia,AUS,1999,-5.485095321002291,11.0740942844105,8672.61456275,8.408419589445705,15.922397681379598,32.51542121417401,35.557081603760444,4.240951111312181,1.5496611078462,6.87379136666667,6.1,6.21,6.21,6.6,-0.3899999999999997
Australia,AUS,2000,-4.058502296288487,10.5701201468653,8901.73246233334,7.650917583486947,15.723481246468937,35.418873134701215,36.85188498832322,3.3503951149425544,1.72651693495514,6.28554620833333,5.83,5.95,5.95,6.21,-0.2599999999999998
Australia,AUS,2001,-2.247849720749951,2.92951174882136,9015.01462141667,-4.629806874255564,17.3171309134675,36.856458324146445,34.99052833712627,2.7142290303614725,1.93537440324571,6.74217304166667,4.8,4.91,4.91,5.95,-1.04
Australia,AUS,2002,-3.783889743754921,-2.2645448573515,9190.26622458333,11.133660799411231,18.85839865806998,37.17687967739014,42.59013756992213,4.011552413755168,1.84129676810603,6.36891133333333,3.69,3.99,3.99,4.91,-0.9199999999999999
Australia,AUS,2003,-5.321426372454547,-4.86136894734159,9396.53663525,11.007093906464776,20.882881853961944,38.02754711240827,41.19907460184748,3.112806975333555,1.54153486801104,5.92842029166667,3.74,4.05,4.05,3.99,0.05999999999999961
Australia,AUS,2004,-6.295790755375599,15.5628888985416,9558.36099566666,15.547802192835787,22.686058494683103,38.69194337744658,41.72089941974291,3.969399519131538,1.35924304975218,5.39673355,3.69,4.0,4.0,4.05,-0.04999999999999982
Australia,AUS,2005,-5.958048586750732,21.5260101055365,9880.63351841667,9.257709216640306,23.0488083316734,39.87621535400581,42.15916481483659,3.0324218219060053,1.31278893421796,5.03388074166667,3.07,3.3,3.3,4.0,-0.7000000000000002
Australia,AUS,2006,-5.873410450979654,18.743467213378,10124.227849,8.790457404497086,26.26496127839802,41.67780639475538,43.37498689290762,2.6888423656805815,1.32790846116444,4.785239725,3.38,4.09,4.09,3.3,0.79
Australia,AUS,2007,-6.738819356156036,21.2925577412975,10434.2689116667,13.169810327353147,32.862798510653754,41.99268885783092,45.65931631388924,4.358643733187376,1.19518280632411,4.37915150833333,3.45,4.26,4.26,4.09,0.16999999999999993
Australia,AUS,2008,-4.889075590611107,-19.5735494583801,10731.1701041667,10.45842856062851,39.243193213338685,44.780210802695734,47.92769081450174,2.4666483447272745,1.19750059068673,4.23432970833333,3.15,3.88,3.88,4.26,-0.3799999999999999
Australia,AUS,2009,-4.51212934381674,-18.2883560862573,10805.5762366667,-8.756403304183936,38.78454797663153,44.24520566924511,42.775926010983085,1.9771784081657755,1.28215886583224,5.56038543333333,3.67,3.96,3.96,3.88,0.08000000000000007
Australia,AUS,2010,-3.7123067343516216,13.6689913563208,11022.2433816667,16.29026767219245,37.42684012960337,46.084199035908384,47.39846001211967,2.503993139744827,1.09017564778217,5.21334044166667,2.8,3.61,3.61,3.96,-0.3500000000000001
Australia,AUS,2011,-2.9833745967888343,-3.21236689186112,11213.8161706583,10.190208964406846,42.79063718618471,47.75129819157981,48.43345135288402,2.6735403749285633,0.969188252086078,5.08119518333333,1.77,2.47,2.47,3.61,-1.1399999999999997
Australia,AUS,2012,-4.358135433902017,-4.08265809125894,11350.802387825,6.301361227311012,44.8675214988803,47.793393792948734,50.343700477596514,3.923482741080549,0.965965058190601,5.22337585833333,1.81,2.58,2.58,2.47,0.10999999999999988
Australia,AUS,2013,-3.3915636229666037,17.7441668627539,11456.7091841083,-2.240196888250688,47.00381516923822,49.28623988607139,49.69860990573243,2.184936846092024,1.03640540171356,5.6619398,1.84,2.63,2.63,2.58,0.04999999999999982
Australia,AUS,2014,-3.0863653309580377,6.83117089927256,11540.1616745917,-1.3070635159640234,50.42293731304831,50.50098480285435,51.72160300288298,2.5404853386962323,1.1094440928893,6.07724431666667,1.91,2.69,2.69,2.63,0.06000000000000005
Australia,AUS,2015,-4.712515053878797,1.40860976702961,11766.2681147167,2.270292578413118,53.40396251167073,50.7541833608296,49.71359769243785,2.324687414385896,1.33088028393171,6.05642340833333,1.9,2.72,2.72,2.69,0.03000000000000025
Australia,AUS,2016,-3.480642187279397,-3.93005791814747,11965.7791268,0.743971597714399,55.94075812479865,51.27699094497314,49.27353306795677,2.6828769120351925,1.34533734668894,5.714148675,1.18,2.71,2.71,2.72,-0.010000000000000231
Australia,AUS,2017,-2.8335062758179133,9.96970259253443,12219.313948141667,8.221688143451312,60.01588217915969,52.599584907416094,51.05455566639549,2.430894475425945,1.30488323032497,5.606331333333334,0.89,2.9,2.9,2.71,0.18999999999999995
Australia,AUS,2018,-2.579187476348139,3.36712527414217,12538.061576808332,4.84434924359954,59.48056895607975,53.56772740512848,53.01508066848732,2.8349174687300858,1.33865493271746,5.308814958333333,0.86,2.86,2.86,2.9,-0.040000000000000036
Australia,AUS,2019,-0.0311295321624407,7.43653532774246,12830.403686758333,-1.169494007939338,61.38522920121923,54.26486849647039,51.371536332887096,1.9154752637185943,1.43866931581558,5.164947325,0.77,2.72,2.72,2.86,-0.13999999999999968
Australia,AUS,2020,1.7487097918639036,-5.2315733857146,12603.996975933336,-12.09268301951321,69.04500103025416,54.33568866378415,48.96027829269368,-2.0140586499100923,1.45353177771504,6.442963916666666,0.71,2.73,2.73,2.72,0.009999999999999787
Australia,AUS,2021,2.430244642407492,17.3462209255121,12986.939274841669,5.5106826753698686,75.09008026536893,56.888189248637985,53.05917790659121,5.444144171814975,1.33148433378819,5.140256708333333,0.81,2.86,2.86,2.73,0.1299999999999999
Australia,AUS,2022,0.4029383749599959,-1.61613211939499,13571.679193274998,13.719039415274882,81.05406987384575,62.41012010038222,52.21831688182843,4.118648587663334,1.44179687582345,3.725104275,0.99,2.84,2.84,2.86,-0.020000000000000018
Austria,AUT,1988,0.4029383749599959,-4.92630795173336,3308.0,10.158363736027098,81.05406987384575,28.98612043944843,25.4148039687107,3.887072211910592,0.897125547165881,3.725104275,17.52,17.69,17.69,,
Austria,AUT,1989,0.4029383749599959,73.0348854618956,3342.0,10.158363736027098,81.05406987384575,30.03229659490436,26.881667850118088,3.887072211910592,0.961500960492625,3.725104275,17.52,17.69,17.69,17.69,0.0
Austria,AUT,1990,0.4029383749599959,64.6998267228431,3412.0,7.980328202703295,81.05406987384575,31.31678581070696,29.873425028698378,4.345637522365497,0.826234408649036,3.725104275,17.52,17.69,17.69,17.69,0.0
Austria,AUT,1991,0.4029383749599959,-16.6838645364658,3471.0,5.114365602754559,81.05406987384575,32.345306428908,27.386782379275292,3.4416356717773624,0.848091666666667,3.95833333333333,16.009,16.296,16.296,17.69,-1.394000000000002
Austria,AUT,1992,0.4029383749599959,-20.5809642532042,3543.0,2.1161081899817806,81.05406987384575,33.92047563556286,25.49222239269411,2.0935288991653263,0.798741666666667,3.95833333333333,14.498,14.902000000000001,14.902000000000001,16.296,-1.3939999999999984
Austria,AUT,1993,-2.918847988620918,-2.37439891856238,3566.0,-5.489471870605738,81.05406987384575,34.88484965024166,24.423411716538624,0.5268068556770392,0.845391666666667,3.95833333333333,14.498,14.902000000000001,14.902000000000001,14.902000000000001,0.0
Austria,AUT,1994,-2.918847988620918,14.7263494843964,3698.0,10.331528695390505,81.05406987384575,35.522320869950036,30.393184074883447,2.402121981585074,0.829891666666667,4.24166666666667,14.498,14.902000000000001,14.902000000000001,14.902000000000001,0.0
Austria,AUT,1995,-2.918847988620918,-13.3737342157546,3729.0,5.904879829421741,81.05406987384575,35.931066530379,31.948500515291745,2.6679841987654993,0.732766666666667,4.24166666666667,14.498,14.902000000000001,14.902000000000001,14.902000000000001,0.0
Austria,AUT,1996,-3.1125201245260508,4.81789931112917,3679.0,4.4459288358108315,81.05406987384575,36.38766534348929,43.06936130959417,2.466644434589467,0.768791666666667,4.73333333333333,14.498,14.902000000000001,14.902000000000001,14.902000000000001,0.0
Austria,AUT,1997,-2.704089765852918,13.1449459300394,3684.0,7.270198436318185,81.05406987384575,36.57323476942875,34.411141005924414,2.1458357405641877,0.8864,4.73333333333333,14.498,14.902000000000001,14.902000000000001,14.902000000000001,0.0
Austria,AUT,1998,-1.9787172567700444,12.6561830991398,3689.0,5.757656743690524,81.05406987384575,36.71282889133613,39.50857475673104,3.492879494954914,0.899383333333333,4.725,5.432,6.538,6.538,14.902000000000001,-8.364
Austria,AUT,1999,-2.3755679233673956,-9.51918773115975,3731.0,4.063814054988095,81.05406987384575,36.74235540926048,38.07664629793732,3.761924390139469,0.938562898111359,4.15,3.9210000000000003,5.144,5.144,6.538,-1.3940000000000001
Austria,AUT,2000,-0.5906388535431923,-0.836106178715296,3741.0,10.186258341324884,81.05406987384575,38.485185235774125,40.94451962657638,3.189521999443228,1.0850960701302,3.93333333333333,2.41,3.75,3.75,5.144,-1.3940000000000001
Austria,AUT,2001,-0.7854432312074093,0.104497414695415,3708.0,5.192331092794854,81.05406987384575,39.626538939828535,39.081262639920844,1.31699354858216,1.11663108833636,3.98333333333333,3.37,4.07,4.07,3.75,0.3200000000000003
Austria,AUT,2002,1.9566576058074976,1.33641544108008,3757.0,0.2908212612415717,81.05406987384575,39.90011364218135,38.7992252149761,1.4843682216082053,1.06106513282085,4.38333333333333,2.45,3.91,3.91,4.07,-0.16000000000000014
Austria,AUT,2003,1.5523660752414248,11.2757227208884,3790.0,3.507409833892476,81.05406987384575,40.20130842809631,43.36197392283285,1.1415649965557837,0.885163216727309,4.75833333333333,2.52,4.01,4.01,3.91,0.09999999999999964
Austria,AUT,2004,1.976295002848199,43.3140950295708,3732.0,7.975142009032813,81.05406987384575,41.36879668164882,46.709943593901166,2.5652547769596263,0.804862094234843,5.89166666666667,2.24,3.64,3.64,4.01,-0.36999999999999966
Austria,AUT,2005,2.423963525982904,45.6500804999654,3747.425,5.4550417977862775,81.05406987384575,42.41519274900129,47.37211458719073,2.320365716342833,0.804619415077062,6.03333333333333,2.46,3.54,3.54,3.64,-0.10000000000000009
Austria,AUT,2006,3.3887184168277544,30.4473629277345,3825.975,5.854555681976981,81.05406987384575,42.581260327701045,51.5980443778868,3.26933696191514,0.796697220760242,5.64166666666667,2.3,3.33,3.33,3.54,-0.20999999999999996
Austria,AUT,2007,3.678115260085996,19.1911138699142,3923.575,5.634986366194813,81.05406987384575,43.852533106410334,53.45254986984082,3.77522395368466,0.730485427146717,5.21666666666667,2.24,3.23,3.23,3.33,-0.10000000000000009
Austria,AUT,2008,4.53017507978519,-28.0600002866712,3994.0,0.9542556734902048,81.05406987384575,45.751636874769716,52.02832527184242,1.453305946762612,0.683982339822683,4.44166666666667,1.72,2.99,2.99,3.23,-0.23999999999999977
Austria,AUT,2009,2.750876623564269,-36.805877942242,3982.1,-11.899216305993988,81.05406987384575,44.62031951708405,42.2694720870184,-3.5862653040477945,0.719800423489554,5.66666666666667,1.85,3.23,3.23,2.99,0.23999999999999977
Austria,AUT,2010,2.840061780704405,20.5454056280951,4016.625,11.977703674968136,81.05406987384575,46.078543303226546,49.918298239604106,1.8089821540488031,0.755043518257105,5.19166666666667,2.13,3.08,3.08,3.23,-0.1499999999999999
Austria,AUT,2011,1.6644272264923956,0.865559318014589,4052.425,5.953553476382349,81.05406987384575,48.29967694445976,52.83998156222291,2.9274678173119093,0.719158754470168,4.9,1.59,3.0,3.0,3.08,-0.08000000000000007
Austria,AUT,2012,1.6565145057186172,-13.3895509848461,4084.4,0.9234040633441428,81.05406987384575,49.05894910939426,51.94517022410705,0.6282457752589711,0.778006210395884,5.19166666666667,1.46,2.84,2.84,3.0,-0.16000000000000014
Austria,AUT,2013,1.8139147933978677,12.7105737986316,4104.55,0.7687648093535053,81.05406987384575,49.77258785058709,51.82507917381412,-0.2507262838976485,0.753297658306669,5.725,1.49,2.95,2.95,2.84,0.11000000000000032
Austria,AUT,2014,2.281758834547591,-1.15779622042756,4112.675,2.9976571165469856,81.05406987384575,50.358603591504576,51.346247187064726,0.7557990205557682,0.753695140645586,6.03333333333333,2.03,3.07,3.07,2.95,0.11999999999999966
Austria,AUT,2015,1.77411812507351,0.868395993589598,4148.275,3.6386876967930424,81.05406987384575,50.44828264343003,52.35920170233694,1.303523534416734,0.901451643908024,6.15,2.02,3.09,3.09,3.07,0.020000000000000018
Austria,AUT,2016,2.7109570501518676,-3.04261526369776,4220.175,3.727751571895333,81.05406987384575,50.891592367302856,54.35428115689155,2.117219476803678,0.904281526915114,6.45,2.09,3.29,3.29,3.09,0.20000000000000018
Austria,AUT,2017,1.4453865673417416,33.8481971522654,4260.1,5.258407756144437,81.05406987384575,52.53634298232011,58.38200446895704,2.2722499544708974,0.887107173889516,5.925,1.96,3.27,3.27,3.29,-0.020000000000000018
Austria,AUT,2018,0.8839478006394085,7.44271635640236,4319.0,5.104513975901588,81.05406987384575,53.52398053937781,60.22213208379744,2.4842209902449777,0.847324485146496,5.20833333333333,1.83,3.11,3.11,3.27,-0.16000000000000014
Austria,AUT,2019,2.246226433777274,-6.72970115411071,4354.65,2.3519156549583533,81.05406987384575,54.094337026342004,60.58181609669702,1.7549763194130668,0.893348371188594,4.84166666666667,1.84,3.08,3.08,3.11,-0.029999999999999805
Austria,AUT,2020,3.1597189861918293,-18.3444745595579,4296.8,-9.573869182976797,81.05406987384575,54.756801045473864,53.970799751276914,-6.318255157552785,0.877541570440429,6.025,1.48,2.8,2.8,3.08,-0.28000000000000025
Austria,AUT,2021,1.910981157718878,37.4044531121942,4305.9,14.140034555833973,81.05406987384575,56.945001351785834,66.2907248978449,4.92309174750533,0.845553392731664,6.2,1.39,2.85,2.85,2.8,0.050000000000000266
Austria,AUT,2022,-1.084526078404742,-5.86411168275805,4442.475,6.931090529759122,81.05406987384575,64.58388648191726,65.9107659849642,5.33097259703126,0.950882523746784,4.75833333333333,1.33,2.68,2.68,2.85,-0.16999999999999993
Belgium,BEL,1988,-1.084526078404742,4.91544855259389,3610.0,6.931090529759122,81.05406987384575,29.252289165893156,35.67934196528972,5.33097259703126,0.911552416672657,8.8,1.33,2.68,2.68,,
Belgium,BEL,1989,-1.084526078404742,22.6653917952921,3670.0,6.931090529759122,81.05406987384575,31.116195884533646,34.624352619138016,5.33097259703126,0.976692844222883,7.38333333333333,1.33,2.68,2.68,2.68,0.0
Belgium,BEL,1990,-1.084526078404742,-8.3812776066219,3726.0,6.931090529759122,81.05406987384575,32.306237181982226,38.74394093613615,5.33097259703126,0.828512424010306,6.55,1.33,2.68,2.68,2.68,0.0
Belgium,BEL,1991,-1.084526078404742,-6.14593039743951,3735.0,6.931090529759122,81.05406987384575,33.17304639077167,31.091787779678935,5.33097259703126,0.846844150167287,6.44166666666667,1.33,2.68,2.68,2.68,0.0
Belgium,BEL,1992,-1.084526078404742,-2.89648622981954,3723.7,6.931090529759122,81.05406987384575,33.545763179764826,38.11804999001085,5.33097259703126,0.7968843089183,7.09166666666667,1.33,2.68,2.68,2.68,0.0
Belgium,BEL,1993,-1.084526078404742,10.3534118693043,3698.0,6.931090529759122,81.05406987384575,34.599552908634635,27.804153398197926,5.33097259703126,0.856441347978883,8.625,1.33,2.68,2.68,2.68,0.0
Belgium,BEL,1994,-1.084526078404742,11.5734772800516,3687.0,5.5541409771024215,81.05406987384575,35.20098820932405,34.91179063818259,1.3214643230992842,0.829467640392432,9.75,1.33,2.68,2.68,2.68,0.0
Belgium,BEL,1995,-1.084526078404742,-2.19518359389101,3715.0,5.5541409771024215,81.05406987384575,35.24548264865783,36.99729029694853,1.3214643230992842,0.731216901049994,9.675,1.33,2.68,2.68,2.68,0.0
Belgium,BEL,1996,-1.084526078404742,20.5840008859684,3738.1,5.5541409771024215,81.05406987384575,36.26682677372156,35.03196069965121,1.3214643230992842,0.767861554771661,9.54166666666667,1.33,2.68,2.68,2.68,0.0
Belgium,BEL,1997,-1.084526078404742,33.6813102709322,3762.2,8.202355265868215,81.05406987384575,36.61596820871539,38.03076252644373,3.7937030003012255,0.886427168469266,9.21666666666667,1.33,2.68,2.68,2.68,0.0
Belgium,BEL,1998,-1.084526078404742,38.6997045824078,3810.4,5.0581496560438115,81.05406987384575,36.616362630032114,38.37349532050539,1.9618016128798512,0.899794413636788,9.34166666666667,2.41,3.75,3.75,2.68,1.0699999999999998
Belgium,BEL,1999,-1.084526078404742,3.34180893570652,4007.0,3.373274756617803,81.05406987384575,37.10725562935768,38.65417532184674,3.5426883700707346,0.938562898111359,8.4,2.41,3.75,3.75,3.75,0.0
Belgium,BEL,2000,-1.084526078404742,-9.757989803483,4092.65,13.015510894649289,81.05406987384575,38.74903101246764,42.5557964568249,3.7167061698815456,1.0850960701302,6.875,2.41,3.75,3.75,3.75,0.0
Belgium,BEL,2001,3.604251500437644,-6.0208994298691,4055.55,-0.755475965414272,81.05406987384575,39.63679952746178,41.75274893488972,1.0996315071965144,1.11663108833636,6.59166666666667,3.37,4.07,4.07,3.75,0.3200000000000003
Belgium,BEL,2002,3.604251500437644,-10.92709819148,4069.825,1.0559994099016623,81.05406987384575,39.85657561575205,39.95905631016418,1.7068670237404575,1.06106513282085,7.525,2.45,3.91,3.91,4.07,-0.16000000000000014
Belgium,BEL,2003,3.604251500437644,-15.1117985202685,4070.375,1.45946508177785,81.05406987384575,40.44868614081305,41.11039208678597,1.0380091039031183,0.885163216727309,8.175,2.52,4.01,4.01,3.91,0.09999999999999964
Belgium,BEL,2004,3.2162481189387764,31.0440683527713,4138.95,6.306620240392659,81.05406987384575,41.53450662396,46.091159358550925,3.571179225010097,0.804862094234843,8.39166666666667,2.24,3.64,3.64,4.01,-0.36999999999999966
Belgium,BEL,2005,2.0858180773008557,29.3250605968854,4235.425,6.426625509825577,81.05406987384575,43.002668450358705,44.990613482418574,2.321737929118337,0.804619415077062,8.43333333333333,2.46,3.54,3.54,3.64,-0.10000000000000009
Belgium,BEL,2006,1.9837033261970207,24.0911087843106,4263.975,5.141852920615864,81.05406987384575,43.25291247336295,48.930149441835994,2.552365922697341,0.796697220760242,8.25,2.3,3.33,3.33,3.54,-0.20999999999999996
Belgium,BEL,2007,1.9844299915692467,13.6080806900943,4379.675,5.579309755693756,81.05406987384575,44.0410343566205,52.1450049050506,3.676899301000279,0.730485427146717,7.48333333333333,2.24,3.23,3.23,3.33,-0.10000000000000009
Belgium,BEL,2008,-1.1636857833860388,-26.9993203252651,4445.875,3.8050336869155754,81.05406987384575,47.31050342609691,52.3744888957386,0.4469051307272162,0.683982339822683,6.975,1.72,2.99,2.99,3.23,-0.23999999999999977
Belgium,BEL,2009,1.8816996371215329,-30.4888390202778,4420.7,-10.608745495781353,81.05406987384575,45.015257973207966,41.30538011287185,-1.9064176002124276,0.719800423489554,7.99166666666667,1.85,3.23,3.23,2.99,0.23999999999999977
Belgium,BEL,2010,1.459687912768167,19.6366348116168,4488.725,9.627520782992262,81.05406987384575,47.12258085588033,51.70210035908338,2.7102869437097428,0.755043518257105,8.375,2.13,3.08,3.08,3.23,-0.1499999999999999
Belgium,BEL,2011,-1.8520607354779464,-3.59164010848989,4509.275,5.715308334966913,81.05406987384575,49.41971663152307,53.666450670780726,1.931155024113247,0.719158754470168,7.21666666666667,1.59,3.0,3.0,3.08,-0.08000000000000007
Belgium,BEL,2012,-0.1849747461646348,3.02155996537112,4523.9,-0.6253670306900873,81.05406987384575,50.42671129570043,50.15542454444361,0.2157807733118673,0.778006210395884,7.63333333333333,1.46,2.84,2.84,3.0,-0.16000000000000014
Belgium,BEL,2013,1.2435273981256336,15.9315318716866,4530.3,-0.0369172922003957,81.05406987384575,50.10892113565225,49.033906773622654,0.3055174082935107,0.753297658306669,8.55,1.49,2.95,2.95,2.84,0.11000000000000032
Belgium,BEL,2014,0.8605227013675271,18.0723951230998,4543.55,5.421138229909445,81.05406987384575,49.89085405495136,51.24368702640155,1.7655403814992257,0.753695140645586,8.65,2.03,3.07,3.07,2.95,0.11999999999999966
Belgium,BEL,2015,1.3619160080402066,13.8456305636297,4551.625,4.200764659713073,81.05406987384575,50.28071457639506,49.48925161590432,1.4741420113058918,0.901451643908024,8.65,2.02,3.09,3.09,3.07,0.020000000000000018
Belgium,BEL,2016,0.6131782814444251,-4.7676307789138,4586.425,7.773310428124236,81.05406987384575,51.97385264653185,52.663501104688486,1.1935469960229872,0.904281526915114,7.85,2.09,3.29,3.29,3.09,0.20000000000000018
Belgium,BEL,2017,0.6962316122665948,6.59573500228138,4637.775,5.36361461846683,81.05406987384575,53.133878949334544,53.3236098147799,1.4744455528121554,0.887107173889516,7.1,1.96,3.27,3.27,3.29,-0.020000000000000018
Belgium,BEL,2018,-0.8170574393217176,-4.88811033019095,4755.15,2.3381485830839477,81.05406987384575,54.16657737887141,54.22632342108978,1.8779684738356617,0.847324485146496,5.95833333333333,1.83,3.11,3.11,3.27,-0.16000000000000014
Belgium,BEL,2019,0.1599004882009877,-4.00492871916277,4832.025,1.4858123650293744,81.05406987384575,54.62193051043518,55.92324710224841,2.4428900448155786,0.893348371188594,5.36666666666667,1.84,3.08,3.08,3.11,-0.029999999999999805
Belgium,BEL,2020,0.8040573053069353,-15.9777528534542,4802.175,-6.724293987286833,81.05406987384575,54.67322949959568,49.566194069705695,-4.792963378576851,0.877541570440429,5.54166666666667,1.48,2.8,2.8,3.08,-0.28000000000000025
Belgium,BEL,2021,1.8661222649334004,17.7245493460836,4853.7,12.83144388479273,81.05406987384575,56.84808193764092,71.88570744583498,6.254433952703068,0.845553392731664,6.275,1.39,2.85,2.85,2.8,0.050000000000000266
Belgium,BEL,2022,-1.9016529664907489,1.49381448071624,4990.275,3.4782912194493525,81.05406987384575,65.76561330925549,62.211971754679034,3.956258269813059,0.950882523746784,5.575,1.33,2.68,2.68,2.85,-0.16999999999999993
Brazil,BRA,1988,-1.9016529664907489,2533.33333333333,4990.275,3.4782912194493525,81.05406987384575,314.5572477758185,38.903478265943185,3.956258269813059,9.541666666666668e-08,5.575,31.92,31.92,31.92,,
Brazil,BRA,1989,-1.9016529664907489,2533.33333333333,4990.275,3.4782912194493525,81.05406987384575,715.3618712422585,44.45236359542991,3.956258269813059,1.0305833333333334e-06,5.575,31.92,31.92,31.92,31.92,0.0
Brazil,BRA,1990,-1.9016529664907489,939.240506329114,4990.275,3.4782912194493525,81.05406987384575,1473.866791702349,31.68423687455591,3.956258269813059,2.4841666666666663e-05,5.575,18.95,18.95,18.95,31.92,-12.970000000000002
Brazil,BRA,1991,-1.9016529664907489,938.733252131547,4990.275,3.4782912194493525,81.05406987384575,216.39503126313733,36.14014698107936,3.956258269813059,0.0001478638333333,5.575,16.54,16.55,16.55,18.95,-2.3999999999999986
Brazil,BRA,1992,-1.9016529664907489,1475.22279549719,4990.275,3.4782912194493525,81.05406987384575,475.9991053606968,32.57074935287126,3.956258269813059,0.0016410883333333,5.575,15.71,15.71,15.71,16.55,-0.8399999999999999
Brazil,BRA,1993,-1.9016529664907489,155056.242078541,4990.275,3.4782912194493525,4.0006138702003495,964.0569110421641,40.78754527140001,3.956258269813059,0.032163105,5.575,13.02,13.02,13.02,15.71,-2.6900000000000013
Brazil,BRA,1994,-2.745917139356612,3232.30064535601,4990.275,3.4782912194493525,4.0006138702003495,1045.9186726803287,43.648666941775815,3.956258269813059,0.639312105,5.575,13.26,13.27,13.27,13.02,0.25
Brazil,BRA,1995,-2.745917139356612,24.3879249947388,4990.275,14.595076904868684,4.0006138702003495,46.2417141742185,41.127909172619866,3.394845985352229,0.9167106433774806,5.575,10.97,12.69,12.69,13.27,-0.5800000000000001
Brazil,BRA,1996,-2.745917139356612,50.5339167393568,4990.275,14.595076904868684,21.636937516803066,23.2030610745612,43.107115737520445,3.394845985352229,1.0045404539086886,5.575,14.83,14.83,14.83,12.69,2.1400000000000006
Brazil,BRA,1997,-3.5133426646539743,76.5683943541104,4990.275,14.595076904868684,16.049621500517652,19.849049770486744,46.6365115247136,3.394845985352229,1.077567604784425,5.575,14.0,14.0,14.0,14.83,-0.8300000000000001
Brazil,BRA,1998,-3.9638977942473193,-10.4013772362019,4990.275,-0.0566612358382385,11.411628399137827,18.506767067565104,42.91530209950239,0.3380979018841235,1.1591069222616417,5.575,15.94,15.94,15.94,14.0,1.9399999999999995
Brazil,BRA,1999,-4.326914532805289,19.2281786188783,4990.275,-15.094145488303576,11.792526559799619,20.159978680303116,41.611502963753146,0.4679375667226136,1.8138658662994431,5.575,12.31,13.85,13.85,15.94,-2.09
Brazil,BRA,2000,-4.08622292646005,47.1791298586672,4990.275,10.798586694502507,17.67535224742089,22.50180484876039,47.10734373805098,4.38794944369636,1.8303807205784672,5.575,12.69,12.69,12.69,13.85,-1.1600000000000001
Brazil,BRA,2001,-4.449808063225911,-13.6703464771046,18416.32725,3.331402846082929,14.148741779423176,23.69819580085036,44.790789140992125,1.3898964042337525,2.3494449012181273,5.575,10.47,10.47,10.47,12.69,-2.219999999999999
Brazil,BRA,2002,-1.7483721226430424,-18.1404250380733,18416.32725,-13.307268998102376,12.095664399273328,26.216624185736997,44.594199638087865,3.0534618568992338,2.9172679401490065,5.575,10.01,10.01,10.01,10.47,-0.46000000000000085
Brazil,BRA,2003,0.4535066020156083,25.4964724876663,18416.32725,-0.4834972071220964,15.523728951289911,32.5850396092991,42.83637607835286,1.1408289988352422,3.0782622900958754,5.575,9.53,9.53,9.53,10.01,-0.4800000000000004
Brazil,BRA,2004,1.4532746023718324,54.7073895301021,18964.4078333333,10.36404524966215,21.211543069250407,30.19048243000467,50.87978140574349,5.759964636743591,2.9270558086546834,5.575,7.67,9.06,9.06,9.53,-0.46999999999999886
Brazil,BRA,2005,1.2358268722806964,23.4187702885705,19500.06825,7.461346019347264,19.866817163569625,32.17400686608194,49.21696033617608,3.202135235286576,2.4354427303761335,5.575,7.17,8.54,8.54,9.06,-0.5200000000000014
Brazil,BRA,2006,0.9222741303698296,38.4410011262466,19865.354,17.762584557322626,22.84300253926576,32.03334793849186,51.22562162707097,3.9619886853770545,2.175130696933211,5.575,6.7,8.46,8.46,8.54,-0.0799999999999983
Brazil,BRA,2007,-0.2202871528662194,39.6512293544867,20382.95075,19.55759868995595,24.0652127492505,32.852454447955814,55.29997879093522,6.06987062439877,1.9473730142249477,5.575,6.77,8.58,8.58,8.46,0.11999999999999922
Brazil,BRA,2008,-2.092409851618579,3.83783128629621,21070.6340833333,17.02571024413012,28.31431994268899,35.63328582605176,57.39686830220344,5.094195447547946,1.835058927150655,5.575,6.74,8.58,8.58,8.58,0.0
Brazil,BRA,2009,-1.626969482151179,-4.63855296548089,21232.7019166667,-7.601967452357963,30.281436148962115,36.840987862110964,47.806941005366184,-0.1258120048180781,1.9995371631079728,5.575,7.59,9.92,9.92,8.58,1.3399999999999999
Brazil,BRA,2010,-3.9298940329128143,27.6100241892773,21979.929,33.63902465987018,37.75879031484474,38.64950331712947,62.04834335855892,7.528225817294104,1.760189651285585,5.575,7.76,10.09,10.09,9.92,0.16999999999999993
Brazil,BRA,2011,-3.307155055094664,-8.84772758703852,22432.86475,9.393263458459748,40.257443588877564,41.84612320830618,58.37378025862066,3.9744230818036215,1.673832846990564,5.575,7.84,10.1,10.1,10.09,0.009999999999999787
Brazil,BRA,2012,-3.8587812828364862,-2.69610029890652,22921.5514166667,1.130851734454174,45.85612914452526,43.31150262612332,56.64965593229212,1.921175978445894,1.9529993015414024,5.575,7.76,10.12,10.12,10.1,0.019999999999999574
Brazil,BRA,2013,-3.652254183640519,-9.95859169355056,23089.202,6.669679304737349,47.064516057110716,46.23146362958752,59.22121086320954,3.0048226753857508,2.157888338556657,5.575,10.08,10.08,10.08,10.12,-0.03999999999999915
Brazil,BRA,2014,-4.461454004359964,-2.0041102890967,23063.9635,-2.271895583480689,50.31229087847378,49.0234996146894,53.55843471651206,0.503955744685619,2.353560026390151,5.575,7.79,9.92,9.92,10.08,-0.16000000000000014
Brazil,BRA,2015,-3.3473253739077755,-5.44791073140415,23063.9635,-14.190636862392234,55.10944757710676,54.51495051208065,44.89744404671865,-3.545763397436906,3.3313330246137345,5.575,8.27,10.32,10.32,9.92,0.40000000000000036
Brazil,BRA,2016,-1.6837910490394412,6.71232604503888,23063.9635,-10.342932811139384,60.77068498951949,58.73914352329396,42.001462715277945,-3.275916889921493,3.488616745537975,5.575,8.01,10.19,10.19,10.32,-0.13000000000000078
Brazil,BRA,2017,-1.2620049357975232,28.2353992621167,23063.9635,6.716940718751509,65.66021630465701,57.966536868690376,46.55831726449892,1.322869043818633,3.1916449067838104,5.575,8.59,10.87,10.87,10.19,0.6799999999999997
Brazil,BRA,2018,-2.8557146133718914,19.9430581317976,23063.9635,7.742778930524313,68.8907760898868,60.13700991457861,47.29239838370106,1.7836667578374927,3.654554919380136,5.575,7.95,10.99,10.99,10.87,0.120000000000001
Brazil,BRA,2019,-3.4526237356563603,23.3024869454632,23063.9635,1.3325660959111163,68.8907760898868,62.34756915894797,46.93107981311501,1.220777817522665,3.9447675359966112,5.575,7.97,10.82,10.82,10.99,-0.16999999999999993
Brazil,BRA,2020,-1.28691730067617,-1.93260662270089,23063.9635,-9.476639040355575,68.8907760898868,64.02947710219338,43.79417256992687,-3.2767587827367706,5.153180802591129,5.575,8.41,10.25,10.25,10.82,-0.5700000000000003
Brazil,BRA,2021,-2.358430945912351,18.308253638206,23063.9635,13.752053257208653,68.8907760898868,71.75661726625088,50.53000646310563,4.762604367489541,5.393858220951753,5.575,7.76,9.61,9.61,10.25,-0.6400000000000006
Brazil,BRA,2022,-2.2121744496102176,-6.12575338471424,23063.9635,0.9514937631686808,68.8907760898868,78.51972922543135,45.22236473443453,3.016694354101696,5.163837890708325,5.575,7.26,9.06,9.06,9.61,-0.5499999999999989
Canada,CAN,1988,-3.0610181701410317,-7.429075943513,12709.5833333333,13.4846418990391,12.876604646742798,30.154754419630624,36.524510078917345,4.4108390627824,1.23118896302253,7.76666666666667,7.02,8.08,8.08,,
Canada,CAN,1989,-3.950574009868601,15.1031873631814,12996.1583333333,5.77135269364447,15.57949479850166,32.034871260701486,35.67028372264839,2.33732976267692,1.18409546102829,7.56666666666667,7.02,8.08,8.08,8.08,0.0
Canada,CAN,1990,-3.433707799630648,-10.006056743997,13086.3916666667,1.83016931244115,15.749021140781181,33.34559796101918,32.825113531350915,0.20294785266267,1.16706428792536,8.15,6.1625,7.805,7.805,8.08,-0.27500000000000036
Canada,CAN,1991,-3.729067969006635,1.41297000654016,12857.3583333333,2.58831452441722,14.316167479141589,35.509797989765104,28.599806606562097,-2.0910551165282,1.14614825368364,10.325,5.305,7.53,7.53,7.805,-0.27499999999999947
Canada,CAN,1992,-3.610989607427463,-1.91917525159107,12730.925,5.21398764688966,14.110853723611571,33.92915915663966,30.552705414851754,0.890466185756512,1.20887787833553,11.1916666666667,4.4475,7.255000000000001,7.255000000000001,7.53,-0.27499999999999947
Canada,CAN,1993,-3.832772082810938,14.73155381413,12792.75,7.49269874948936,14.372760631605779,34.735542052832024,33.29411687464931,2.65770688949278,1.29019641349536,11.4,3.59,6.98,6.98,7.255000000000001,-0.27500000000000036
Canada,CAN,1994,-2.386082356919339,9.72909008907673,13058.7416666667,8.30875429660467,14.62003679588282,33.94174906295841,36.99427448754576,4.49404928307164,1.3659082096512,10.4166666666667,5.140000000000001,6.955,6.955,6.98,-0.025000000000000355
Canada,CAN,1995,-0.8276169467660995,3.49701033500702,13295.3833333333,5.82210223766546,15.822132492055896,35.66089583555525,36.283818610440285,2.68232829774569,1.3724904014061,9.50833333333333,6.69,6.93,6.93,6.955,-0.025000000000000355
Canada,CAN,1996,0.4172089377269621,18.8126309284536,13420.1333333333,5.39579530636163,16.787334860302142,35.91497322648089,36.73618184284652,1.68896120287071,1.36378529678091,9.60833333333334,5.43,5.6,5.6,6.93,-1.33
Canada,CAN,1997,-1.3299357502823383,22.5928557112596,13708.1666666667,14.3991435453653,17.046852518522385,36.50984442955881,41.71840214673677,4.28016686248263,1.38500089630642,9.11666666666667,1.99,5.19,5.19,5.6,-0.40999999999999925
Canada,CAN,1998,-1.3405445289443392,4.63079178011523,14047.0083333333,5.30981200173483,17.02781667918099,36.552751317873394,41.03651248850287,3.89288653082822,1.4834934496595,8.28333333333333,1.44,3.95,3.95,5.19,-1.2400000000000002
Canada,CAN,1999,0.1712765229446874,4.4670058899555,14401.9833333333,8.07636793071774,17.60369289403348,37.54769537597731,44.9664381146328,5.14100352259274,1.48553737632178,7.59166666666667,1.01,3.73,3.73,3.95,-0.2200000000000002
Canada,CAN,2000,2.5421153144465416,37.261297067845,14760.125,8.52417968076174,20.84638441877457,39.037491903664,48.52119016409523,5.13853916346078,1.48510606342334,6.81666666666667,1.31,3.43,3.43,3.73,-0.2999999999999998
Canada,CAN,2001,2.2074566009285084,-19.7245400874045,14932.3,-4.87960761986623,20.729129935292967,39.89174100221452,44.42019785334801,1.8750981223151,1.54840388275451,7.21666666666667,1.6,3.61,3.61,3.43,0.17999999999999972
Canada,CAN,2002,1.7446384279061542,-9.2659185892945,15291.325,1.8820488037776,21.986390298412406,40.63077739959499,47.172852501990754,2.99925534033407,1.57003664284642,7.675,1.49,3.67,3.67,3.61,0.06000000000000005
Canada,CAN,2003,1.225632442791972,0.902560900544136,15660.8416666667,4.24193657154418,23.144419176814502,41.97053786173866,45.96343279288487,1.80638513352182,1.40035784209762,7.575,2.46,6.11,6.11,3.67,2.4400000000000004
Canada,CAN,2004,2.34462762774541,20.7469447779877,15915.025,8.52053683033266,26.52004986485522,42.27377025999739,48.64687652848619,3.09236383262931,1.30109405958323,7.19166666666667,1.51,3.54,3.54,6.11,-2.5700000000000003
Canada,CAN,2005,1.9037508323404588,17.487537519246,16123.5166666667,7.34014058393762,29.091904746109734,43.36711312544217,49.78505943012127,3.21045438879788,1.21170706156017,6.75833333333333,1.46,3.4,3.4,3.54,-0.14000000000000012
Canada,CAN,2006,1.446402165404595,18.4695944831227,16413.75,5.31600614283166,29.71200956079595,44.107412486978156,48.718331549636,2.63794374844703,1.13431790748558,6.46666666666667,1.45,3.38,3.38,3.4,-0.020000000000000018
Canada,CAN,2007,0.8262680070301178,13.822978851166,16756.825,5.78360418375078,34.29219244351098,45.09737213855174,48.45635267623644,2.04990462170888,1.07431672041377,6.16666666666667,1.54,3.49,3.49,3.38,0.11000000000000032
Canada,CAN,2008,0.1249233823523856,-8.33955208473202,16996.8333333333,0.912583830596156,38.17493657997135,46.25690252184092,46.06901444352575,0.995406342461424,1.0675585771097,6.29166666666667,1.54,3.36,3.36,3.49,-0.13000000000000034
Canada,CAN,2009,-2.909859601756531,-18.6243563295355,16755.4416666667,-12.4122178884401,34.93131865427918,45.35647556637167,36.96149334128381,-2.91508625839375,1.14137572620616,8.45,1.7,3.49,3.49,3.36,0.13000000000000034
Canada,CAN,2010,-3.565922770595646,18.7982227409831,16978.1916666667,13.7841244259124,37.86049422453136,46.89844367143758,47.716795144821496,3.09080636493577,1.03023242753623,8.175,1.46,2.96,2.96,3.49,-0.5300000000000002
Canada,CAN,2011,-2.716895447920794,7.43652769661284,17219.6,5.59230354666772,41.36303350360156,48.805949029744966,48.45410525912178,3.13719441180021,0.989125955204216,7.641666666666666,1.38,2.84,2.84,2.96,-0.1200000000000001
Canada,CAN,2012,-3.533229204389693,-6.7042507110864,17431.63333333333,3.6775970348812,43.68658047776588,48.82539244720016,49.28288418356451,1.75566131368798,0.999238728903946,7.416666666666667,1.4,2.88,2.88,2.84,0.040000000000000036
Canada,CAN,2013,-3.1425446899221083,5.36136205052254,17667.725,2.08126215607585,46.26618622681024,48.98771323887341,49.602984582272235,2.3258135613525,1.03012590069954,7.166666666666667,1.45,2.97,2.97,2.88,0.0900000000000003
Canada,CAN,2014,-2.319553893790959,14.8210322306259,17738.483333333337,2.51653010450492,50.709832312775305,50.396957669154304,52.11582424003954,2.87346677753097,1.10469393970764,7.041666666666666,1.43,2.94,2.94,2.97,-0.03000000000000025
Canada,CAN,2015,-3.4958218226885465,-2.03746325815694,17857.224999999995,0.759807875632464,53.724536977973116,50.5626206804714,49.64056575592905,0.649971004305848,1.27827373713847,7.0,1.65,3.11,3.11,2.94,0.16999999999999993
Canada,CAN,2016,-3.0976347624246605,-2.08529632896839,17966.93333333333,0.0521446820247906,58.54300932298299,51.42875954701082,48.27566869770422,1.03855091867275,1.32540915051132,7.0666666666666655,1.56,3.2,3.2,3.11,0.0900000000000003
Canada,CAN,2017,-2.800916994028062,10.7411391153372,18372.216666666667,4.78113557243423,60.55679513704666,52.32267171925562,52.19469112377715,3.03383491533961,1.29810045815296,6.433333333333334,1.52,3.17,3.17,3.2,-0.03000000000000025
Canada,CAN,2018,-2.380039509542555,1.17394528788515,18706.65,3.49782854381926,62.753982656180774,53.82702829581385,53.68183552584918,2.74296343945576,1.29613299854131,5.841666666666668,1.47,3.09,3.09,3.17,-0.08000000000000007
Canada,CAN,2019,-1.9600875413541543,3.74785960820375,19070.816666666666,-0.108156546288153,68.86357306063069,54.694676650588434,52.30192834711979,1.9084319151316,1.32695352547211,5.683333333333334,1.51,7.24,7.24,3.09,4.15
Canada,CAN,2020,-2.0031629446055392,-1.77382090745551,18068.491666666665,-9.4171553809151,79.75886185877773,54.46371445929328,45.80884284222508,-5.03823341596652,1.34121039510007,9.69166666666667,1.49,3.16,3.16,7.24,-4.08
Canada,CAN,2021,-0.0228059133768722,23.5840549461043,18964.125,8.357943535893106,82.01719544009065,57.63978779621942,55.000641155751474,5.950528041443188,1.25353774248698,7.533333333333333,2.35,3.03,3.03,3.16,-0.13000000000000034
Canada,CAN,2022,-0.298908987878672,1.82564574966693,19739.525,7.538965190173244,89.39934670740999,63.149227808733364,55.22873727202221,4.557485573826931,1.30172768955079,5.275,1.37,3.05,3.05,3.03,0.020000000000000018
Switzerland,CHE,1988,3.5988461966603644,-15.4696582821752,19739.525,5.6606412469096,22.110535948124138,36.39897967121394,36.40552760659325,3.277596252373899,1.46311544792603,5.275,7.35,13.22,13.22,,
Switzerland,CHE,1989,3.1819696137000855,22.1986567691764,19739.525,7.176410022419168,21.142593600185382,38.15932556507509,33.911384795063874,4.330794053178969,1.63549988127235,5.275,7.35,13.22,13.22,13.22,0.0
Switzerland,CHE,1990,2.713090155882826,-2.73012207192346,19739.525,5.878442207469502,19.649746276084276,41.26052981146525,35.10052420028029,3.674625633334845,1.38885964464511,5.275,7.35,13.22,13.22,13.22,0.0
Switzerland,CHE,1991,3.9985849091117753,0.0593572458237713,19739.525,-3.1988665447470424,20.41068284907875,43.74772409644757,33.98176635552291,-0.9158165715250604,1.43367662127667,5.275,7.846666666666667,13.73,13.73,13.22,0.5099999999999998
Switzerland,CHE,1992,4.556143098608561,9.61864406779664,19739.525,1.2374095684877355,20.54257539574535,44.484272876892575,32.880089720710416,-0.0437329929897376,1.40576483143641,5.275,8.343333333333334,14.24,14.24,13.73,0.5099999999999998
Switzerland,CHE,1993,6.402078983546633,27.3521453420951,19739.525,-1.308231743190899,22.121704051049658,45.51030547386766,31.720074238868197,-0.1259835459030825,1.47735833951146,5.275,8.84,14.75,14.75,14.24,0.5099999999999998
Switzerland,CHE,1994,5.425425737864806,17.4467310143871,19739.525,4.507200052911941,23.842547768480536,44.663825622349336,36.06995046193677,1.2697576965880115,1.36706645005216,5.275,12.805,15.76,15.76,14.75,1.0099999999999998
Switzerland,CHE,1995,4.900696054218782,3.32868144932033,19739.525,15.02345430864605,22.85306445536344,45.933884626076946,36.0098085672537,1.6453994795503073,1.18208039937323,5.275,16.77,16.77,16.77,15.76,1.0099999999999998
Switzerland,CHE,1996,5.380120628128028,25.6117712970837,3833.0,4.324245429237378,26.575359583321696,45.80529882124988,35.06993683363586,0.560166837873645,1.23613187323924,5.275,7.91,11.39,11.39,16.77,-5.379999999999999
Switzerland,CHE,1997,8.57366792424028,40.7507894970792,3833.0,11.587922172865577,27.036578740956003,45.89577414636088,38.868306053752995,2.097616849869379,1.45001723822484,5.275,3.04,5.86,5.86,11.39,-5.53
Switzerland,CHE,1998,7.932206528817043,33.5747934585786,3833.0,6.020063987484043,25.3755167034809,45.652816978675716,39.822163412091406,2.776113772482514,1.44965355856704,5.275,2.7,5.35,5.35,5.86,-0.5100000000000007
Switzerland,CHE,1999,8.881292404421181,2.44448627349642,3862.0,4.62355879201118,25.659351968738477,46.41516219574574,49.53769545662921,1.680075591032255,1.50273295720197,5.275,2.6,5.02,5.02,5.35,-0.33000000000000007
Switzerland,CHE,2000,11.143999792260656,11.8422973085393,3878.8,8.522359364286421,23.984579590581355,47.508314122652635,46.2951653521365,3.6332168615401144,1.68794338035733,5.275,2.34,4.46,4.46,5.02,-0.5599999999999996
Switzerland,CHE,2001,6.983849611846042,-11.0129294172736,3938.2,1.6441640989553017,26.85460042125481,47.68571948890627,41.61732695434575,1.5921977184163252,1.6869474692102,5.275,2.35,4.38,4.38,4.46,-0.08000000000000007
Switzerland,CHE,2002,7.336556589609249,-18.4866113265811,3964.9,-2.2374641123824537,28.61955429961089,47.815868409663835,39.4716812304702,0.3804102111300908,1.55677142205214,5.275,2.19,4.33,4.33,4.38,-0.04999999999999982
Switzerland,CHE,2003,11.200321024589083,-14.8817570396046,3963.0,0.3252230918884138,33.011625756918576,48.11679373977843,41.07697112462825,-0.2842224545256374,1.34481620493337,5.275,2.65,4.82,4.82,4.33,0.4900000000000002
Switzerland,CHE,2004,12.213395687537696,17.9282308209344,3959.2,4.948364616147164,31.873922607360143,48.58288320326005,44.868095203965225,2.5869289494258103,1.24274273194793,5.275,2.11,4.3,4.3,4.82,-0.5200000000000005
Switzerland,CHE,2005,11.291789184116723,15.3080806415047,3974.5,9.989141606188348,33.386625503682495,49.332070219943205,43.74916296688503,2.95208489416109,1.24593857783194,5.275,2.32,4.37,4.37,4.3,0.07000000000000028
Switzerland,CHE,2006,12.751453542627686,25.8769865874977,4051.4,3.183339622844012,33.407019618709334,49.792317141707514,48.43791976740258,4.134322593415278,1.25320420484475,5.275,2.71,4.41,4.41,4.37,0.040000000000000036
Switzerland,CHE,2007,8.302342571522582,13.5528983899797,4122.0,5.7901721789410665,34.0434460931201,49.98951247522747,51.79175123997586,3.983193736492949,1.19987174388574,5.275,1.89,3.92,3.92,4.41,-0.4900000000000002
Switzerland,CHE,2008,1.3696640269795224,-22.8891750779926,4228.8,4.317821082521665,34.98774491473341,52.0402403490268,48.584440967385596,2.531596289715522,1.0836299855322,4.803625370376183,1.79,3.92,3.92,3.92,0.0
Switzerland,CHE,2009,5.963592038226313,-18.4785885283436,4268.0,-2.5953618363434003,38.370720846813114,50.342763185763346,43.1923087088011,-1.93490949501715,1.08609893343371,4.803625370376183,1.77,3.97,3.97,3.92,0.050000000000000266
Switzerland,CHE,2010,13.66506786003622,14.6668353352599,4207.475,7.98045447014004,41.48234470068727,51.27525532144749,50.890901919883696,3.260630796478653,1.04270904934437,4.803625370376183,1.49,3.44,3.44,3.97,-0.5300000000000002
Switzerland,CHE,2011,6.905441975223239,-6.71222535137582,4297.775,9.408477928519709,44.3854189239621,51.164639351171964,50.4536994078822,1.4076606134574388,0.887214761747914,4.401668394045508,1.91,4.07,4.07,3.44,0.6300000000000003
Switzerland,CHE,2012,8.835964038788177,2.67240041674148,4351.1,-2.181966097113703,48.18311242616361,50.349148102714366,49.04998120819206,1.124135890807936,0.937480038741452,4.484188237313427,1.36,2.67,2.67,4.07,-1.4000000000000004
Switzerland,CHE,2013,10.286456624140452,23.089919295061,4392.4,11.84112365650373,50.941398577992835,50.47658963903018,50.73193507193023,1.8361239061643673,0.927016492251709,4.747292142222041,1.97,4.07,4.07,2.67,1.4000000000000004
Switzerland,CHE,2014,7.173991485193007,10.3603786348741,4468.35,-6.618401629249193,50.92167299499404,50.57197140981769,52.02642150989478,2.543423480291312,0.91504721963423,4.829987515398798,1.87,4.11,4.11,4.07,0.040000000000000036
Switzerland,CHE,2015,8.819974400472011,4.59962088682891,4537.95,4.758654998371148,50.963134834981076,49.428045663859116,49.03195955592884,1.454503248968655,0.962342149209486,4.800638596252196,1.3,2.92,2.92,4.11,-1.1900000000000004
Switzerland,CHE,2016,6.994491612112168,-7.73844035908042,4603.9,5.232956830300695,52.31692327892726,49.56538133571418,50.04605074470973,1.9115910628378696,0.985124702773072,4.9191804927589455,1.31,2.89,2.89,2.92,-0.029999999999999805
Switzerland,CHE,2017,4.912032191378085,12.6334248394354,4636.25,-0.5411113995491625,54.89227111463845,50.315318536892946,54.44471479717439,1.4203461265460986,0.984746508093356,4.797587531576728,1.68,3.34,3.34,2.89,0.44999999999999973
Switzerland,CHE,2018,5.925940911168647,0.965300961535175,4675.125,0.5529464052591827,56.03038434958381,50.98521349795578,55.906017487465796,3.327432508387393,0.977904059304222,4.714413963724699,1.7,3.42,3.42,3.34,0.08000000000000007
Switzerland,CHE,2019,4.001240358580074,8.84644452861891,4705.775,0.3456776063135673,56.03038434958381,50.88180823346833,56.5415031268082,1.115321898936181,0.993780631077859,4.394451842306626,6.12,7.77,7.77,3.42,4.35
Switzerland,CHE,2020,0.6932683740067866,3.73786915403624,4696.1,-2.767764581116961,56.03038434958381,49.96940643516632,52.66658461223255,-2.2552579865602462,0.938997617949683,4.815327954899376,1.36,3.29,3.29,7.77,-4.4799999999999995
Switzerland,CHE,2021,7.873831134749361,15.4673136649369,4707.025,5.110086058927501,56.03038434958381,50.91609169422192,61.28790705717762,6.1762283854523305,0.914026063507748,5.015058236729323,1.4,3.27,3.27,3.29,-0.020000000000000018
Switzerland,CHE,2022,8.649328829021233,-4.75126891129753,4752.225,6.191780457276213,56.03038434958381,53.477936755081274,61.02203161001728,3.5343029146570775,0.954656859040718,4.123311167521486,1.3,2.76,2.76,3.27,-0.5100000000000002
Chile,CHL,1988,8.649328829021233,-4.75126891129753,4123.43,6.191780457276213,19.072806182153652,15.92893090098995,61.02203161001728,3.5343029146570775,245.011666666667,9.7525,1.3,2.76,2.76,,
Chile,CHL,1989,8.649328829021233,126.02441522964,4352.26,6.191780457276213,20.02751136229937,18.5628692148988,44.6350906006328,3.5343029146570775,266.9533333333334,7.9025,1.3,2.76,2.76,2.76,0.0
Chile,CHL,1990,8.649328829021233,126.02441522964,4450.0425,6.191780457276213,23.64578484499631,25.6835170673355,44.6350906006328,3.5343029146570775,304.903333333333,7.7575,10.95,10.95,10.95,2.76,8.19
Chile,CHL,1991,8.649328829021233,126.02441522964,4518.02,6.191780457276213,22.594719673404402,26.3165452520046,44.6350906006328,3.5343029146570775,349.215833333333,8.155,10.95,10.95,10.95,10.95,0.0
Chile,CHL,1992,8.649328829021233,38.5220609909198,4723.765,6.191780457276213,20.48599796109308,25.516564556637448,36.307811284995516,3.5343029146570775,362.575833333333,6.665,10.95,10.95,10.95,10.95,0.0
Chile,CHL,1993,8.649328829021233,8.14978959288691,4992.285,6.191780457276213,16.58344189544036,26.433551359192048,30.53764015019912,3.5343029146570775,404.165833333333,6.5425,10.94,10.94,10.94,10.95,-0.009999999999999787
Chile,CHL,1994,8.649328829021233,55.020099140597,5036.22,11.832946943452685,15.590503351947952,28.0878302059898,30.581109255452592,7.370783984164329,420.176666666667,7.815,10.93,10.93,10.93,10.94,-0.009999999999999787
Chile,CHL,1995,8.649328829021233,21.1977408959944,5095.3175,11.832946943452685,15.904782069552464,28.323917684020785,37.79076951894981,7.370783984164329,396.8126325287032,7.3025,10.63,10.93,10.93,10.93,0.0
Chile,CHL,1996,8.649328829021233,-4.82068822175955,5182.0775,11.832946943452685,16.555488347136556,29.66862335088037,35.3368702517348,7.370783984164329,412.2883894535416,6.325,10.97,10.97,10.97,10.93,0.040000000000000924
Chile,CHL,1997,8.649328829021233,-1.57842271129014,5281.26,13.107847796019843,17.28731782488586,30.650133895269498,34.77111792689384,7.391739268415502,419.2997787188658,6.115,10.97,10.97,10.97,10.97,0.0
Chile,CHL,1998,8.649328829021233,-24.4206519390075,5393.9125,6.8766999752846605,14.741964971755882,31.547891596454747,31.672578460986514,4.180886627049377,460.252062049062,6.395,10.94,10.94,10.94,10.97,-0.030000000000001137
Chile,CHL,1999,8.649328829021233,10.1211709941139,5315.4525,-9.893566877095424,14.10872192167015,31.628665718469758,29.055391998876626,-0.2736313982013767,508.759821279566,10.1375,9.96,9.96,9.96,10.94,-0.9799999999999986
Chile,CHL,2000,8.649328829021233,12.6209561930225,5414.0675,10.569389156377962,15.888198202141988,33.033314376387125,33.67889721996688,4.971621488333349,539.3879847073216,9.6675,9.0,9.0,9.0,9.96,-0.9600000000000009
Chile,CHL,2001,0.9407434657230618,4.3833370071549,5468.0725,4.9971173172348715,17.768733363087932,34.00663544629122,34.680122310562645,3.1540349246087507,634.8372768366899,9.8525,8.0,8.0,8.0,9.0,-1.0
Chile,CHL,2002,0.9407434657230618,-3.59670213851127,5570.5025,1.8377933807568505,16.727310342755086,34.268920088265986,32.252104603546684,3.2027991351757086,689.0038714473932,9.805,6.96,6.96,6.96,8.0,-1.04
Chile,CHL,2003,0.9407434657230618,21.4290807958354,5788.5175,7.872954908651552,16.658450365772474,35.357348698878894,41.23620653400703,4.723245268589111,691.2987000674447,9.54,5.77,5.77,5.77,6.96,-1.1900000000000004
Chile,CHL,2004,2.107684336868459,28.5842789436135,5946.4325,19.50611305550938,16.944012515736624,34.83773757643144,45.20267979759479,6.674254168203143,609.5819108476064,10.0075,3.95,5.99,5.99,5.77,0.22000000000000064
Chile,CHL,2005,2.06162069652059,19.7558079089033,6170.3375,18.370213604521897,21.262735862221636,36.88400423270811,44.483393769599445,5.837045719181922,559.7053105433214,9.235,3.99,5.95,5.95,5.99,-0.040000000000000036
Chile,CHL,2006,5.901231746526683,8.80462685220546,6271.85425,12.536264104500724,23.610401545990012,38.253067240897906,47.87638189356829,6.049990825662398,530.277768492377,7.8,2.36,5.89,5.89,5.95,-0.0600000000000005
Chile,CHL,2007,5.094741992710011,37.6081814354348,6448.8595,13.754135004304327,27.114566017609043,40.37231792282732,47.95176036496847,5.1682309853088695,522.228216207102,7.13,2.95,5.92,5.92,5.89,0.03000000000000025
Chile,CHL,2008,-4.498435577920797,-7.3990794878769,6641.42625,10.857937183663456,31.93078597698065,45.85341514237593,44.97424532846194,3.789392806380274,523.5424025189787,7.7925,2.27,5.91,5.91,5.92,-0.009999999999999787
Chile,CHL,2009,1.4558815424090747,8.99312513252122,6592.587,-17.700940069183407,30.441518731556556,41.818301967376,37.321910121551944,-1.118037236467658,558.9420895680407,9.675,1.92,5.94,5.94,5.91,0.03000000000000025
Chile,CHL,2010,0.9671681630434708,38.9918143540817,7334.89273025,25.24268373207573,30.364151529591847,42.93457892387538,37.93464272559244,5.851651022252528,509.9816006336658,8.15,2.08,5.94,5.94,5.94,0.0
Chile,CHL,2011,-4.85257564949092,7.06279800985119,7699.44329375,15.83895247701926,39.82870605180488,45.31080204838685,56.45528868193915,6.223896785104639,483.42085835058674,7.125,1.98,5.92,5.92,5.94,-0.020000000000000462
Chile,CHL,2012,-5.4361244065152095,-1.58874661370425,7872.65948625,3.815671110140604,45.371446208752666,46.456374082576446,48.80229841562363,6.155340018560788,485.9837236103269,6.545560819096639,1.78,5.83,5.83,5.92,-0.08999999999999986
Chile,CHL,2013,-4.717972936286619,-4.3563196871866,8038.79084925,1.8580787255841027,45.72296509103787,46.65188028769624,44.647557005976694,3.308508247069054,495.2816128129117,6.082219565888405,5.89,5.89,5.89,5.83,0.05999999999999961
Chile,CHL,2014,-3.3368960021764766,-5.8560740971347,8153.743581,-6.581306901686882,49.808770226347725,50.2755692417321,52.954096269992256,1.792649471408605,570.6360540051916,6.495095701153517,3.2649999999999997,5.895,5.895,5.89,0.004999999999999893
Chile,CHL,2015,-2.761732155296406,0.198782283513499,8294.5804965,-0.854175249936212,55.81543205455276,52.17438676608525,50.761652593636335,2.1519424998116814,654.3222858996018,6.328376849984235,0.64,5.9,5.9,5.895,0.005000000000000782
Chile,CHL,2016,-3.007042424459224,4.81075238845479,8394.271067,1.169432934038328,60.502059042108854,53.786193558931075,42.7496765035764,1.7530387490459542,676.5404992275237,6.684912976319645,5.89,5.89,5.89,5.9,-0.010000000000000675
Chile,CHL,2017,-2.501266352565674,24.6194890296321,8597.5859235,4.454601413914036,63.00779038364641,54.11713622118611,46.01168094746334,1.3576953734776205,648.6768224991373,6.96517462475981,0.49,5.97,5.97,5.89,0.08000000000000007
Chile,CHL,2018,-4.485091003534432,11.2046706537771,8784.946418,8.60421115861669,66.27025783262458,55.534341136007285,50.93857452829574,3.990029477859434,641.8960642867338,7.376638976559269,0.49,5.98,5.98,5.97,0.010000000000000675
Chile,CHL,2019,-5.132849162976518,-6.98433802471843,8972.23526225,-1.7347805858861391,66.27025783262458,56.98484753945264,50.0817818346302,0.6343675338412205,703.3075739829193,7.222639574181943,0.43,5.97,5.97,5.98,-0.010000000000000675
Chile,CHL,2020,-2.178943542539952,-21.1608428944756,7869.066165,-12.32563323679735,66.27025783262458,58.92534400578814,38.857908340955824,-6.1434747922113555,791.7152101488487,10.77024455383019,0.43,5.97,5.97,5.97,0.0
Chile,CHL,2021,-7.088042943548483,10.8641538671968,8303.23088125,31.890191360205964,66.27025783262458,62.26210259927868,50.40183616651103,11.314920487849353,759.8196384466561,8.861450621078715,0.43,5.99,5.99,5.97,0.020000000000000462
Chile,CHL,2022,-8.806328353074687,18.2678377692761,8861.191932,1.3366713717275465,66.27025783262458,72.808050645812,40.76644669792164,2.153993561961747,873.2537675516029,7.878028038869055,0.46,5.99,5.99,5.99,0.0
China,CHN,1988,-8.806328353074687,18.2678377692761,8861.191932,1.3366713717275465,66.27025783262458,18.8,40.76644669792164,2.153993561961747,3.722000000000001,7.878028038869055,0.46,5.99,5.99,,
China,CHN,1989,-8.806328353074687,18.2678377692761,8861.191932,1.3366713717275465,1.332343799890183,18.0,40.76644669792164,2.153993561961747,3.765000000000001,7.878028038869055,0.46,5.99,5.99,5.99,0.0
China,CHN,1990,-8.806328353074687,18.2678377692761,8861.191932,1.3366713717275465,1.332343799890183,3.1,40.76644669792164,14.3,4.783083333333334,7.878028038869055,32.17,32.17,32.17,5.99,26.18
China,CHN,1991,-8.806328353074687,6.84401389049064,8861.191932,1.3366713717275465,1.332343799890183,3.4,40.76644669792164,14.3,5.3235,7.878028038869055,32.17,32.17,32.17,32.17,0.0
China,CHN,1992,-8.806328353074687,6.84401389049064,8861.191932,1.3366713717275465,15.382703806998624,6.4,40.76644669792164,14.3,5.514666666666667,7.878028038869055,32.17,32.17,32.17,32.17,0.0
China,CHN,1993,-8.806328353074687,6.84401389049064,8861.191932,1.3366713717275465,20.40626937801278,29.5593093374886,40.76644669792164,13.9,5.776741215327362,7.878028038869055,30.29,30.29,30.29,32.17,-1.8800000000000026
China,CHN,1994,-8.806328353074687,-22.2991124970017,8861.191932,1.3366713717275465,17.459860750071478,39.646618314792704,14.605049764432842,13.1,8.640074169010523,7.878028038869055,27.93,27.93,27.93,30.29,-2.3599999999999994
China,CHN,1995,-8.806328353074687,-14.2899038387331,8861.191932,1.3366713717275465,18.25621395648837,40.780428849291695,14.605049764432842,11.0,8.370944952358153,7.878028038869055,23.845,23.845,23.845,27.93,-4.085000000000001
China,CHN,1996,3.0363733715125587,65.1407372724162,8861.191932,1.3366713717275465,16.288902837147976,39.0597948482723,14.605049764432842,10.0,8.338720410603406,7.878028038869055,19.76,19.76,19.76,23.845,-4.084999999999997
China,CHN,1997,3.0363733715125587,30.2166824789261,8861.191932,1.3366713717275465,13.77796508168887,37.28254514396475,13.79532421281131,9.3,8.31929646579745,7.878028038869055,15.82,15.82,15.82,19.76,-3.9400000000000013
China,CHN,1998,3.0363733715125587,-3.96951679088852,8861.191932,1.3366713717275465,11.422351535494602,35.2051071457601,15.37478886906072,7.9,8.284175960291245,7.878028038869055,15.5,15.5,15.5,15.82,-0.3200000000000003
China,CHN,1999,1.9127471420005824,18.8216694282143,8861.191932,1.3366713717275465,11.544088224957239,34.40611102101125,19.77329803836288,7.7,8.27808962772234,7.878028038869055,14.46,14.46,14.46,15.5,-1.0399999999999991
China,CHN,2000,1.669569135174339,36.8692889938599,8861.191932,1.3366713717275465,11.403471265336712,35.42821265201545,23.012200244849012,8.6,8.278430682894333,7.878028038869055,14.67,14.67,14.67,14.46,0.20999999999999908
China,CHN,2001,1.2845822414713994,5.08907397651058,8861.191932,1.3366713717275465,13.059999875143038,35.8315496501531,27.290750073170205,8.30000000000013,8.277678805968343,7.878028038869055,14.11,14.11,14.11,14.67,-0.5600000000000005
China,CHN,2002,2.3776481326977152,-20.0119417693744,8861.191932,1.3366713717275465,14.837313499757553,34.821833145624154,32.508981405842306,9.2,8.277125349298592,7.878028038869055,7.72,7.72,7.72,14.11,-6.39
China,CHN,2003,2.5569599822179483,-6.36783367995395,8861.191932,1.3366713717275465,17.658110454831217,36.2189960741076,39.49661301798368,10.1,8.278027307306854,7.878028038869055,6.48,6.48,6.48,7.72,-1.2399999999999993
China,CHN,2004,3.4750808680327414,1.38787805186436,8861.191932,1.3366713717275465,17.245948138658076,38.93129404490505,42.44561348376581,10.1000000000006,8.27817349185817,7.878028038869055,5.96,5.96,5.96,6.48,-0.5200000000000005
China,CHN,2005,5.7118902223892185,-22.1994023656518,8861.191932,1.3366713717275465,18.410788625061056,38.538234775007595,48.793461944008705,11.5,8.194161767507186,7.878028038869055,4.87,4.9,4.9,5.96,-1.0599999999999996
China,CHN,2006,8.304267588529443,39.5211333702333,8861.191932,1.3366713717275465,20.58155536633611,39.0090518793329,53.01203210183941,12.6999999999998,7.972418555542987,7.878028038869055,4.25,4.4,4.4,4.9,-0.5
China,CHN,2007,9.79938730303341,160.846121063825,8861.191932,1.3366713717275465,23.055105748265333,42.50190121664035,58.23026343451151,14.2000000000002,7.607375004702564,7.878028038869055,5.07,5.48,5.48,4.4,1.08
China,CHN,2008,9.012884696159665,-27.3928453662046,8861.191932,1.3366713717275465,24.954071985488206,45.428040609820805,58.48017872822185,9.7,6.950210786957978,7.878028038869055,4.47,4.87,4.87,5.48,-0.6100000000000003
China,CHN,2009,4.686972034838405,-10.5983143262439,8861.191932,1.3366713717275465,34.0415241385821,41.81872879411805,70.20620430911147,9.4,6.8307829842137275,7.878028038869055,3.94,3.97,3.97,4.87,-0.8999999999999999
China,CHN,2010,3.839515465824376,3.46057781197482,8861.191932,1.3366713717275465,35.97476179568894,45.1577233668118,75.9342628409527,10.6,6.7689621641657105,7.878028038869055,4.65,5.3,5.3,3.97,1.3299999999999996
China,CHN,2011,1.7744666847875683,-5.69826444384348,8861.191932,1.3366713717275465,37.28663464574637,48.62409749090205,89.2297564663433,9.5,6.463169541136446,7.878028038869055,5.99,6.97,6.97,5.3,1.67
China,CHN,2012,2.481870273394694,-16.7947713562925,8861.191932,1.3366713717275465,43.20520434881947,48.42709107727155,99.39631061448031,7.9,6.308739989900819,7.878028038869055,5.573333333333333,6.513333333333333,6.513333333333333,6.97,-0.456666666666667
China,CHN,2013,1.5092681083302986,-0.984983950783899,8861.191932,1.3366713717275465,47.076655993622154,49.662315573409046,101.41562618765995,7.8,6.147510850551639,7.878028038869055,5.156666666666667,6.056666666666667,6.056666666666667,6.513333333333333,-0.4566666666666661
China,CHN,2014,2.2173009164609954,1.4656743177601,8861.191932,1.3366713717275465,51.150141982286534,50.2916666666667,107.42009103434482,7.5,6.160089412474945,7.878028038869055,4.74,5.6,5.6,6.056666666666667,-0.456666666666667
China,CHN,2015,2.6210778876727887,65.6901004844422,8861.191932,1.3366713717275465,55.87791501109854,50.7,100.0,7.0,6.283949212978627,7.878028038869055,4.52,5.58,5.58,5.6,-0.019999999999999574
China,CHN,2016,1.6702517431513286,-18.8305015573879,8861.191932,1.3366713717275465,62.11664859843906,52.0,106.10543662331092,6.8,6.644734312867958,7.878028038869055,3.54,4.29,4.29,5.58,-1.29
China,CHN,2017,1.5053577147162485,8.26495409647384,8861.191932,1.3366713717275465,66.41541544097169,52.6125,101.45140406110752,6.9,6.760868012640472,7.878028038869055,3.83,4.89,4.89,4.29,0.5999999999999996
China,CHN,2018,0.1705681882785321,-9.26752622785909,8861.191932,1.3366713717275465,71.3473128902927,53.9375,93.49875953044474,6.8,6.616143044184077,7.878028038869055,3.39,4.27,4.27,4.89,-0.6200000000000001
China,CHN,2019,0.7070242181552812,-1.06626887135257,8861.191932,1.3366713717275465,71.3473128902927,55.8708333333335,95.91079949361963,6.1,6.910669556865234,7.878028038869055,2.53,3.29,3.29,4.27,-0.9799999999999995
China,CHN,2020,1.6599522060724765,6.97794874710225,8861.191932,1.3366713717275465,71.3473128902927,56.9875,91.19171687948088,2.3,6.903474768923708,7.878028038869055,2.47,3.31,3.31,3.29,0.020000000000000018
China,CHN,2021,1.939490672875073,13.5649675007534,8861.191932,1.3366713717275465,71.3473128902927,56.734295507103006,101.36819226491372,8.6,6.451432878709455,7.878028038869055,2.31,3.08,3.08,3.31,-0.22999999999999998
China,CHN,2022,2.418607352529343,-8.92473749187522,8861.191932,1.3366713717275465,71.3473128902927,58.3951086058805,86.18933698612193,3.1,6.731632001066566,7.878028038869055,2.18,2.86,2.86,3.08,-0.2200000000000002
Colombia,COL,1988,2.418607352529343,-8.92473749187522,8861.191932,1.3366713717275465,0.8347592610365338,16.51279612836935,68.7686698373376,3.1,299.1738333333333,7.878028038869055,2.18,2.86,2.86,,
Colombia,COL,1989,2.418607352529343,-8.92473749187522,8861.191932,1.3366713717275465,1.0877154727131535,16.02835344079434,68.7686698373376,3.1,382.5680833333333,7.878028038869055,6.45,6.45,6.45,2.86,3.5900000000000003
Colombia,COL,1990,2.418607352529343,223.05095295889305,8861.191932,1.3366713717275465,1.4416474338567284,18.57272017662053,68.7686698373376,3.1,502.25925,7.878028038869055,6.45,6.45,6.45,6.45,0.0
Colombia,COL,1991,2.418607352529343,223.05095295889305,8861.191932,1.3366713717275465,1.838894089786904,20.405133131927506,34.08240885163428,3.1,633.0451666666667,7.878028038869055,6.45,6.45,6.45,6.45,0.0
Colombia,COL,1992,2.418607352529343,223.05095295889305,8861.191932,1.3366713717275465,2.6117671893568746,20.1241227920015,40.181442363528106,3.1,759.282,7.878028038869055,10.55,10.55,10.55,6.45,4.1000000000000005
Colombia,COL,1993,2.418607352529343,12.479604974284912,8861.191932,1.3366713717275465,3.63033983250158,19.32547200629717,39.017084698711585,3.1,863.0646666666667,7.878028038869055,11.095,11.095,11.095,10.55,0.5449999999999999
Colombia,COL,1994,2.418607352529343,84.48417815320026,8861.191932,1.3366713717275465,5.300164405141967,21.378862053989007,40.85624477291009,3.1,844.836,7.878028038869055,11.64,11.64,11.64,11.095,0.5449999999999999
Colombia,COL,1995,2.418607352529343,-15.318514292609452,8861.191932,1.3366713717275465,7.240552535528382,22.48157857233176,40.982186300375155,3.1,912.628940429136,7.878028038869055,11.91,12.21,12.21,11.64,0.5700000000000003
Colombia,COL,1996,2.418607352529343,2.4281424160603207,8861.191932,1.3366713717275465,9.105464062997456,24.93758452693706,37.3674232120311,3.1,1036.528093136331,7.878028038869055,11.19,11.19,11.19,12.21,-1.0200000000000014
Colombia,COL,1997,2.418607352529343,48.28531078045162,8861.191932,1.3366713717275465,11.581904445184009,26.459139301285738,40.96780570795662,3.1,1140.7225130340676,7.878028038869055,11.31,11.31,11.31,11.19,0.120000000000001
Colombia,COL,1998,2.418607352529343,-12.064804220808172,8861.191932,1.3366713717275465,13.975979182241316,29.77956318206382,38.369169487753055,3.1,1425.987625321539,7.878028038869055,11.18,11.18,11.18,11.31,-0.13000000000000078
Colombia,COL,1999,2.418607352529343,-10.046554105778736,8861.191932,1.3366713717275465,14.822492932048462,28.10061375430679,27.143062515241258,3.1,1755.7917884983365,7.878028038869055,10.68,10.69,10.69,11.18,-0.4900000000000002
Colombia,COL,2000,2.418607352529343,-12.931893941074916,8861.191932,1.3366713717275465,15.319414105274484,29.367255457482905,42.09275902602244,3.1,2087.586940515401,7.878028038869055,10.96,10.98,10.98,10.69,0.2900000000000009
Colombia,COL,2001,2.418607352529343,-3.266184901974944,8861.191932,1.3366713717275465,16.40660511369434,30.709204435086228,34.62549936565526,3.1,2299.593460631155,7.878028038869055,10.83,10.83,10.83,10.98,-0.15000000000000036
Colombia,COL,2002,2.418607352529343,30.4915375448787,8861.191932,1.3366713717275465,17.73460272782675,31.59970830021656,35.91666472704216,3.1,2504.3170309147376,7.878028038869055,11.28,11.28,11.28,10.83,0.4499999999999993
Colombia,COL,2003,-1.3441376003786318,46.65186469207268,8861.191932,1.3366713717275465,19.75054708332453,34.015416093971574,37.67671666426538,3.1,2877.258951110483,7.878028038869055,11.06,11.06,11.06,11.28,-0.21999999999999886
Colombia,COL,2004,-1.3441376003786318,72.5139326463273,8861.191932,17.6818112517152,22.40371830897423,35.20033860700387,41.60940369582212,6.716868698444048,2629.2214605527333,7.878028038869055,9.77,11.39,11.39,11.06,0.33000000000000007
Colombia,COL,2005,-1.3441376003786318,74.92021528383964,16654.8129583333,17.6818112517152,26.41933022833399,36.402703897845974,42.25881233391185,6.716868698444048,2321.3305414549213,11.2983333333333,9.62,11.42,11.42,11.39,0.02999999999999936
Colombia,COL,2006,-1.818868123073459,56.464231372728776,16654.8129583333,17.6818112517152,30.836537440591616,37.478401104766455,49.80930409059824,6.716868698444048,2359.107235013175,11.2983333333333,8.75,12.01,12.01,11.42,0.5899999999999999
Colombia,COL,2007,-3.026434677544535,4.28570290956435,16654.8129583333,13.858029689608635,36.636991535355136,40.062805384682655,53.728267001080646,6.7381946909097525,2077.73803527511,11.2983333333333,8.82,12.27,12.27,12.01,0.2599999999999998
Colombia,COL,2008,-2.6961528731032303,-10.285873524329691,16977.700375,12.51173419557941,42.27934829169349,43.39823462078043,45.481034191429444,3.2834461861653965,1966.1346159969255,11.39,8.72,11.62,11.62,12.27,-0.6500000000000004
Colombia,COL,2009,-1.880554142333887,18.924419589221163,17889.0905416667,-8.647687432578222,48.44281233942323,43.67784857502534,42.44077165778108,1.1396486454806154,2156.8339628976096,12.2158333333333,8.23,11.13,11.13,11.62,-0.48999999999999844
Colombia,COL,2010,-2.9025265596071477,44.33296396610069,18610.9254583333,10.829835324507604,52.31785497846523,43.657211946048655,48.7790287992942,4.494658970709221,1899.7930254799544,11.9675,9.02,11.82,11.82,11.13,0.6899999999999995
Colombia,COL,2011,-2.877203460371083,5.841007726197897,19350.45025,20.2290775300914,59.761653493129,45.6808394918152,51.35782661474973,6.947891981735559,1847.9428731805651,10.9916666666667,5.51,8.99,8.99,11.82,-2.83
Colombia,COL,2012,-3.1086279995504333,2.6601777193765574,20016.8300833333,9.375086543521006,69.64495949256886,46.95162252908722,48.718764129103654,3.912635767161144,1797.6874361707123,10.505,4.43,7.65,7.65,8.99,-1.3399999999999999
Colombia,COL,2013,-3.2402436478195,1.136211638517271,20370.5881666667,8.524025649303379,81.05498574817447,47.29051645130472,47.53599937141546,5.133993519956706,1869.6513080572795,9.7425,4.51,7.18,7.18,7.65,-0.47000000000000064
Colombia,COL,2014,-5.211580779129326,-5.695332784038984,20806.4289583333,7.760013532194392,90.71679890106012,49.07307979583697,49.77070292562692,4.499030001109716,2002.5581099582785,9.205,4.21,7.0,7.0,7.18,-0.17999999999999972
Colombia,COL,2015,-6.334740620453948,-20.95323059788429,21311.920375,-1.0809377148208257,100.00000000000004,52.49491452838943,51.05227645650567,2.955901375275241,2744.50947826087,8.95083333333334,6.54,6.54,6.54,7.0,-0.45999999999999996
Colombia,COL,2016,-4.494919999921458,1.3692217140718554,21505.1495,-3.5409028727770178,109.96635637497944,57.51346059716103,53.754341948111204,2.0873825016279675,3053.8827141759207,9.22666666666667,6.98,6.98,6.98,6.54,0.4400000000000004
Colombia,COL,2017,-3.201897975283483,9.402392932220256,21827.307375,1.0188394533665384,116.6674035617954,58.233120583802034,51.6447329225146,1.3593608678874427,2951.2881446373663,9.29583333333333,4.4,9.83,9.83,6.98,2.8499999999999996
Colombia,COL,2018,-4.204931874766423,4.893199371293928,22093.24175,5.805419065000702,123.2249520624524,59.51342939036632,54.73723799104052,2.5643242827770414,2956.8971883783483,9.52916666666667,3.28,7.9,7.9,9.83,-1.9299999999999997
Colombia,COL,2019,-4.581316698634735,3.6707410002944663,22237.4974583333,7.343973080413772,132.67047414410132,61.69424161718683,54.72503951914679,3.18685539245534,3281.0653494063313,10.3708333333333,2.92,7.8,7.8,7.9,-0.10000000000000053
Colombia,COL,2020,-3.4224002230205763,-18.509866162105624,20000.2337916667,-20.092459826946847,150.66603114824483,62.71031395589987,45.59935451489899,-7.185914137608627,3695.611503031088,15.8641666666667,2.4,7.09,7.09,7.8,-0.71
Colombia,COL,2021,-5.567205030965847,5.15696086602731,20391.7414166667,26.72866662954096,163.98691163997182,65.34215757482262,65.76047161686135,10.801198190487868,3744.318556767206,13.810833333333331,2.58,6.8,6.8,7.09,-0.29000000000000004
Colombia,COL,2022,-6.0342147656516225,4.318911481424877,22032.1800833333,24.0032224989014,184.980426279281,75.15541725111665,69.02241799205251,7.328277294279791,4258.609416694114,11.218333333333334,2.83,7.06,7.06,6.8,0.2599999999999998
Costa Rica,CRI,1988,-6.0342147656516225,4.318911481424877,22032.1800833333,24.0032224989014,184.980426279281,12.954419809070188,69.02241799205251,7.328277294279791,75.8047333333333,11.218333333333334,2.83,7.06,7.06,,
Costa Rica,CRI,1989,-6.0342147656516225,4.318911481424877,22032.1800833333,24.0032224989014,184.980426279281,11.21210181650231,39.61961093650883,7.328277294279791,81.5042083333334,11.218333333333334,2.83,7.06,7.06,7.06,0.0
Costa Rica,CRI,1990,-6.0342147656516225,4.318911481424877,22032.1800833333,23.061020854481416,184.980426279281,13.040116840766531,39.61961093650883,9.20110373219691,91.5792916666667,11.218333333333334,2.83,7.06,7.06,7.06,0.0
Costa Rica,CRI,1991,-6.0342147656516225,4.318911481424877,22032.1800833333,23.061020854481416,184.980426279281,18.88552229898735,39.61961093650883,9.20110373219691,122.432416666667,11.218333333333334,2.83,7.06,7.06,7.06,0.0
Costa Rica,CRI,1992,-6.0342147656516225,4.318911481424877,22032.1800833333,23.061020854481416,184.980426279281,16.41379197923815,28.792427205654757,9.20110373219691,134.506333333333,11.218333333333334,2.83,7.06,7.06,7.06,0.0
Costa Rica,CRI,1993,-6.0342147656516225,4.318911481424877,22032.1800833333,14.191949507764145,184.980426279281,10.947111465710101,30.63065260564797,7.097191240002242,142.171666666667,11.218333333333334,8.56,8.81,8.81,7.06,1.7500000000000009
Costa Rica,CRI,1994,-6.0342147656516225,4.318911481424877,22032.1800833333,4.686316855840026,184.980426279281,13.644937983317199,29.034260920172947,4.519028376792145,157.066666666667,11.218333333333334,8.56,8.81,8.81,8.81,0.0
Costa Rica,CRI,1995,-6.0342147656516225,4.318911481424877,22032.1800833333,3.3442875503757254,184.980426279281,20.06565129457245,30.49497787268532,4.153953043067304,179.0139436994166,11.218333333333334,8.56,8.81,8.81,8.81,0.0
Costa Rica,CRI,1996,-6.0342147656516225,4.318911481424877,22032.1800833333,3.141479605051211,184.980426279281,18.71176917237205,21.183235433333053,1.3504594914957384,207.00904070989392,11.218333333333334,9.04,9.04,9.04,8.81,0.22999999999999865
Costa Rica,CRI,1997,-5.613869852118823,4.318911481424877,22032.1800833333,14.990156377613989,184.980426279281,17.899045927322,31.89924766400068,5.47616577615096,231.97547828439667,11.218333333333334,7.53,9.06,9.06,9.04,0.02000000000000135
Costa Rica,CRI,1998,-5.613869852118823,4.318911481424877,22032.1800833333,16.328135280346896,184.980426279281,18.41926260956365,35.51574225295736,7.155308579145241,256.5719892331703,11.218333333333334,6.32,7.36,7.36,9.06,-1.7000000000000002
Costa Rica,CRI,1999,-5.613869852118823,4.318911481424877,22032.1800833333,-3.080925607272203,184.980426279281,18.876915653668398,30.642654580596616,4.214811170971391,284.15944167545007,11.218333333333334,4.07,5.25,5.25,7.36,-2.1100000000000003
Costa Rica,CRI,2000,-4.554124400577566,4.318911481424877,22032.1800833333,-3.8972978162753593,15.755724380880087,20.85369282967035,32.84462078520365,3.868718089331753,307.3571169577765,11.218333333333334,3.7,4.59,4.59,5.25,-0.6600000000000001
Costa Rica,CRI,2001,-3.2205812919466696,4.318911481424877,22032.1800833333,0.01007404831893,15.755724380880087,22.73104242790435,36.07057686733558,3.491169894712519,328.4714373507592,11.218333333333334,4.44,4.44,4.44,4.59,-0.14999999999999947
Costa Rica,CRI,2002,-5.125127077366798,4.318911481424877,22032.1800833333,6.1296965096778955,15.755724380880087,23.25493734901598,34.59153017331838,3.4168763903731563,359.4796914066128,11.218333333333334,4.23,4.23,4.23,4.44,-0.20999999999999996
Costa Rica,CRI,2003,-5.1137448974393696,4.318911481424877,22032.1800833333,4.543606176452272,19.35349273500029,25.158942129690434,37.274923441091225,4.3171798661841425,398.38655792835186,11.218333333333334,3.44,4.47,4.47,4.23,0.23999999999999932
Costa Rica,CRI,2004,-3.562941104117311,4.318911481424877,22032.1800833333,4.811515915220791,24.064271360381227,29.109110307530653,38.808644604036246,4.424599596880506,437.70855528185575,11.218333333333334,4.04,4.58,4.58,4.47,0.11000000000000032
Costa Rica,CRI,2005,-4.176096152214089,4.318911481424877,22032.1800833333,6.945545398018783,30.42403098239399,33.0177938932596,38.378305454351064,3.976666368136455,477.8951315869879,11.218333333333334,4.14,4.14,4.14,4.58,-0.4400000000000004
Costa Rica,CRI,2006,-4.041766900445845,4.318911481424877,22032.1800833333,7.816209227659747,37.809337930998055,34.849909471654655,45.91128256206172,7.326695432150571,511.5448499758455,11.218333333333334,3.32,4.08,4.08,4.14,-0.05999999999999961
Costa Rica,CRI,2007,-5.450909820338317,4.318911481424877,22032.1800833333,10.088463441131951,46.58515474492893,36.51755870747261,51.54593695204958,8.21513198347306,517.2405011834965,11.218333333333334,3.76,4.21,4.21,4.08,0.1299999999999999
Costa Rica,CRI,2008,-8.345146720178779,4.318911481424877,22032.1800833333,6.658714791083399,58.15959317351913,42.825374616116605,48.98361129298332,4.738174877918931,526.5286842661867,11.218333333333334,3.31,4.39,4.39,4.21,0.17999999999999972
Costa Rica,CRI,2009,-1.726455211650078,4.318911481424877,1830.4625,-18.736288211414983,66.52489630190269,42.86673973844716,40.03948455746635,-0.8734559428457547,570.558819444366,10.29847593575,2.18,3.76,3.76,4.39,-0.6299999999999999
Costa Rica,CRI,2010,-3.199671066354138,4.318911481424877,1830.4625,18.726444661741443,67.16255796624189,43.98215021094494,44.0924996003976,5.360343526141493,521.8888872016752,10.29847593575,2.07,3.86,3.86,3.76,0.10000000000000009
Costa Rica,CRI,2011,-5.302324009244502,4.318911481424877,1830.4625,10.67093218441786,69.51505391904242,45.59710477013588,45.03649102421228,4.4031592398020205,502.39215755819055,10.29847593575,2.13,4.09,4.09,3.86,0.22999999999999998
Costa Rica,CRI,2012,-5.143190875312894,4.318911481424877,1988.85575,7.824970783423404,74.97296950564686,47.34598460263264,48.233190790999885,4.882592410288426,503.13223048654254,10.171754124,1.76,4.17,4.17,4.09,0.08000000000000007
Costa Rica,CRI,2013,-4.814873635615921,4.318911481424877,2026.0275,1.680638954514098,81.88030710893227,50.07316757339714,42.68559087810849,2.49476611212918,500.9557681855824,9.3861625635,1.8,4.1,4.1,4.17,-0.07000000000000028
Costa Rica,CRI,2014,-4.737734085802896,4.318911481424877,2064.4055,5.0462776507617555,93.69410302275092,51.86179978016479,46.64318767401787,3.5421098775241138,537.2183342043103,9.61738513875,1.73,4.4,4.4,4.1,0.3000000000000007
Costa Rica,CRI,2015,-3.3962142571844844,4.318911481424877,2057.3015,4.498020426340698,100.0,50.40099100254979,55.37149350186583,3.652080967938434,534.5876796005082,9.61297364575,1.755,4.825,4.825,4.4,0.4249999999999998
Costa Rica,CRI,2016,-2.0970829943899596,4.318911481424877,1995.74775,8.938430428421174,103.37821982438182,49.9825211494092,50.26866216498225,4.204323251786279,543.9595487663905,9.5378522955,1.78,5.25,5.25,4.825,0.4249999999999998
Costa Rica,CRI,2017,-3.574044865219699,4.318911481424877,2051.23675,5.012553235895286,107.35990524149798,51.61702540970014,48.297568103817724,4.1576989628771654,567.7810069852248,9.07172439475,1.79,5.359999999999999,5.359999999999999,5.25,0.10999999999999943
Costa Rica,CRI,2018,-2.9871680436954935,4.318911481424877,2117.0525,2.85595796113112,107.12618506955206,53.043045919489444,52.39237773624915,2.615904404439432,577.1877076702585,10.264046309,1.8,5.47,5.47,5.359999999999999,0.11000000000000032
Costa Rica,CRI,2019,-1.282748983959836,4.318911481424877,2175.098,-2.297429463267266,109.44058127876698,54.06904082221102,44.075737213482206,2.417511817412402,587.0225195511011,11.755392085,1.62,5.25,5.25,5.47,-0.21999999999999975
Costa Rica,CRI,2020,-1.2111651050237504,4.318911481424877,1938.173,-12.929295487004447,125.80010909463856,53.767828827372185,45.45324501421743,-4.2733543215909355,584.6794780479484,19.6068848475,1.51,5.44,5.44,5.25,0.1900000000000004
Costa Rica,CRI,2021,-3.1692595427293275,4.318911481424877,2039.832,19.24622889680851,139.96028682925433,55.19064364129967,56.36115289469125,7.93576224743119,621.3503041853317,16.43337201,1.43,5.41,5.41,5.44,-0.03000000000000025
Costa Rica,CRI,2022,-2.6025121250681753,4.318911481424877,2154.25225,8.11776622585613,147.1211957946954,55.19064364129967,51.36696796119104,4.551491779616647,644.7650129345473,12.2188307875,1.3,5.07,5.07,5.41,-0.33999999999999986
Czechia,CZE,1988,-2.6025121250681753,4.318911481424877,5251.0,8.11776622585613,10.480199167364583,55.19064364129967,72.50997876936633,4.551491779616647,644.7650129345473,12.2188307875,1.3,5.07,5.07,,
Czechia,CZE,1989,-2.6025121250681753,4.318911481424877,5245.0,8.11776622585613,10.480199167364583,32.4515625,72.50997876936633,4.551491779616647,29.4744616657688,12.2188307875,1.3,5.07,5.07,5.07,0.0
Czechia,CZE,1990,-2.6025121250681753,4.318911481424877,4995.0,8.11776622585613,10.480199167364583,32.4515625,72.50997876936633,4.551491779616647,29.4744616657688,12.2188307875,1.3,5.07,5.07,5.07,0.0
Czechia,CZE,1991,-2.6025121250681753,4.318911481424877,4817.0,8.11776622585613,25.885337757846933,32.4515625,30.239950781962236,4.551491779616647,29.4744616657688,4.30833333333333,1.3,5.07,5.07,5.07,0.0
Czechia,CZE,1992,-2.6025121250681753,4.318911481424877,4677.0,8.11776622585613,10.752933608644646,23.5679036698659,18.80914609564879,4.551491779616647,28.2641088923696,4.30833333333333,1.3,5.07,5.07,5.07,0.0
Czechia,CZE,1993,-2.2618358581348503,-45.0047076053981,4802.550539,8.11776622585613,16.80901763367442,32.1826415426697,19.976044380196257,4.551491779616647,29.1541274905824,4.30833333333333,1.3,5.07,5.07,5.07,0.0
Czechia,CZE,1994,-2.2618358581348503,-45.0047076053981,4863.016216,8.11776622585613,21.536687444738853,28.98203850037695,24.053892618472123,4.551491779616647,28.7853299130609,4.29166666666667,5.83,5.83,5.83,5.07,0.7599999999999998
Czechia,CZE,1995,-2.2618358581348503,-45.0047076053981,4908.005312,5.8480125894715425,22.773640769728324,30.61193194853997,39.891321198302094,-0.5958384142148532,26.5400992707287,4.00833333333333,5.83,5.83,5.83,5.83,0.0
Czechia,CZE,1996,-5.868186040862512,18.8700779912498,4914.537835,5.8480125894715425,23.687565507338036,32.7835540310572,32.945750333638124,-0.5958384142148532,27.1488882272274,3.89166666666667,5.83,5.83,5.83,5.83,0.0
Czechia,CZE,1997,-5.657682015035551,1.96831493038884,4884.378337,5.8480125894715425,19.437754230751395,35.143911666911166,32.9849122460954,-0.5958384142148532,31.7046266819882,4.775,5.45,5.45,5.45,5.83,-0.3799999999999999
Czechia,CZE,1998,-1.9427636181954009,-17.1217827997489,4817.696242,5.5556790280866295,20.16783783097724,39.4950160970778,30.792962347214296,-0.3931501937504062,32.2807410753498,6.46666666666667,5.17,5.17,5.17,5.45,-0.28000000000000025
Czechia,CZE,1999,-2.113776245814452,3.37057375497064,4714.025,5.1845884133840725,23.033487483532788,35.942724222086625,27.972198695919385,1.378360609438357,34.5883610895445,8.7,2.79,5.75,5.75,5.17,0.5800000000000001
Czechia,CZE,2000,-4.438880352226291,20.9082249496245,4681.2,14.354526212874172,23.056581186718248,38.07936081242532,33.9478454040675,4.0106696199839895,38.6365984221093,8.775,4.32,4.32,4.32,5.75,-1.4299999999999997
Czechia,CZE,2001,-4.72363445139858,-25.2555155915265,4683.55,11.352103333271929,27.343046647532468,40.21050445160799,38.80226488157605,2.9172195289956,38.0283775827634,8.125,4.21,4.21,4.21,4.32,-0.11000000000000032
Czechia,CZE,2002,-5.0479711333840775,6.44927859375446,4731.1,4.9864392812405365,16.495787005368488,39.551490485095144,36.42182998731721,1.5134594913999546,32.7328041018224,7.29166666666667,4.33,4.33,4.33,4.21,0.1200000000000001
Czechia,CZE,2003,-5.389746498688211,27.4541615015643,4701.15,9.46689510491715,23.939427199917265,38.70520293609674,39.93776588870207,3.3008368326129864,28.2082675591317,7.775,4.35,4.35,4.35,4.33,0.019999999999999574
Czechia,CZE,2004,-3.407317967105719,48.2608910010951,4690.55,25.58342788359088,28.671496282445194,41.0925539083558,46.44064440409354,4.73633969683439,25.6945777887571,8.29166666666667,2.24,3.64,3.64,4.35,-0.7099999999999995
Czechia,CZE,2005,-2.292071823955501,51.6558927410782,4764.025,12.482558412835614,28.21083185813127,41.378548945546115,45.438919416065495,6.375028860867913,23.954549493381,7.94166666666667,2.46,3.54,3.54,3.64,-0.10000000000000009
Czechia,CZE,2006,-2.480934062126389,17.9728634267565,4828.075,11.482621771444338,34.34291581067474,42.741996291718166,50.3474684153236,6.62317299177448,22.585006377439,7.13333333333333,2.3,3.33,3.33,3.54,-0.20999999999999996
Czechia,CZE,2007,-4.443579644812937,20.0104986403585,4921.95,12.877266800887249,39.394774374477514,44.08489551938916,55.889739677386984,5.488825951645157,20.2889657451848,5.325,2.24,3.23,3.23,3.33,-0.10000000000000009
Czechia,CZE,2008,-1.4411121581659934,-23.4687536958852,5002.5,3.177965329446386,43.00179843101026,48.550165234095225,49.81749246143377,2.6122680720514,17.0778683629776,4.40833333333333,1.72,2.99,2.99,3.23,-0.23999999999999977
Czechia,CZE,2009,-2.2861176300889694,-29.1883548539022,4934.275,-11.07617184050055,43.25058308322798,46.34302200997945,40.84336183978853,-4.798324166849257,19.0504350194492,6.68333333333333,1.85,3.23,3.23,2.99,0.23999999999999977
Czechia,CZE,2010,-3.2051110336078774,21.7235045470016,4885.1,14.812491640619251,40.39196551682992,47.24469696969699,48.59658343862404,2.7146650990769943,19.0795065954577,7.29166666666667,2.13,3.08,3.08,3.23,-0.1499999999999999
Czechia,CZE,2011,-2.019030576389567,-5.10856155758337,4872.7,6.715420010273048,40.98307249059929,48.35860956817774,49.619011944149264,1.7723808533847374,17.6722263143861,6.71666666666667,1.59,3.0,3.0,3.08,-0.08000000000000007
Czechia,CZE,2012,-1.567832555486944,-14.5598376916952,4889.975,2.6377235466562414,44.38101720737505,50.602144866385345,44.85826277185273,-0.7706681906227397,19.5383039713909,6.975,1.46,2.84,2.84,3.0,-0.16000000000000014
Czechia,CZE,2013,-0.7857243733712085,2.53008823542315,4937.075,0.0625512265411046,46.89856770651949,50.38164893617022,44.37627975605587,-0.0418124160447581,19.5604776726896,6.96666666666667,1.49,2.95,2.95,2.84,0.11000000000000032
Czechia,CZE,2014,0.8264158412697853,1.61862791499808,4974.175,10.018883432427808,49.30376460013467,50.005327628156685,50.424570467079,2.245212198626362,20.7577731946797,6.11666666666667,2.03,3.07,3.07,2.95,0.11999999999999966
Czechia,CZE,2015,0.7359426556125933,0.811330496105048,5041.9,6.562805898764435,53.5795721669833,50.142182274247496,52.32882561825205,4.958758489156028,24.5929809272853,5.05833333333333,2.02,3.09,3.09,3.07,0.020000000000000018
Czechia,CZE,2016,1.797233299782483,-11.4915342598054,5138.4,2.567984689755698,58.81207616833508,50.670918771359354,50.284548772134876,2.5808701392137534,24.4405997788444,3.96666666666667,2.09,3.29,3.29,3.09,0.20000000000000018
Czechia,CZE,2017,1.4895612004694132,14.2948569702519,5221.475,6.031156101403194,66.04468319255332,52.787766992300675,55.53758371060788,5.173565299678801,23.3854697542192,2.90833333333333,1.96,3.27,3.27,3.29,-0.020000000000000018
Czechia,CZE,2018,0.2463002719006622,7.87771073491494,5293.65,5.511877098212166,67.73055996042034,53.74558080808097,58.11836684722184,2.8303058826786445,21.7298061413828,2.26666666666667,1.83,3.11,3.11,3.27,-0.16000000000000014
Czechia,CZE,2019,0.3428754679279489,-2.90510021282785,5302.9,1.2909066777158371,71.73731275004863,55.594771312923726,56.40765383556371,3.565776581282625,22.9311282522429,2.01666666666667,1.84,3.08,3.08,3.11,-0.029999999999999805
Czechia,CZE,2020,1.7796486637334348,-11.7838194142744,5234.925,-8.44583001350244,79.39882521193935,57.46398097582254,48.54348210411695,-5.30487955463876,23.2124591928603,2.55,1.48,2.8,2.8,3.08,-0.28000000000000025
Czechia,CZE,2021,-2.10262793137294,29.1175897506485,5213.375,13.68397551686982,86.56936271094763,59.949089124167244,57.74024115842721,4.029018320551467,21.6822229484284,2.80833333333333,1.39,2.85,2.85,2.8,0.050000000000000266
Czechia,CZE,2022,-4.621263368238238,6.40732772346043,5173.0,5.948134410865416,89.71482805857727,74.34174924008505,57.87364479055295,2.847170658381429,23.3505731217454,2.4,1.33,2.68,2.68,2.85,-0.16999999999999993
Germany,DEU,1988,-4.621263368238238,-16.6556687929223,5173.0,5.469961807066139,89.71482805857727,30.453487601448366,39.793443336555185,3.704255962562335,0.897905237162739,2.4,1.33,2.68,2.68,,
Germany,DEU,1989,-1.2215640702955488,28.5027271127793,36870.75,8.601538421328813,89.71482805857727,32.03577368131087,42.56371023926149,3.905284181117144,0.961220215117538,5.525,1.33,2.68,2.68,2.68,0.0
Germany,DEU,1990,-1.2215640702955488,17.7798822509242,36870.75,10.770221471150782,89.71482805857727,32.82007327701806,44.428477148656185,5.2436528159337685,0.82618376852794,5.525,1.33,2.68,2.68,2.68,0.0
Germany,DEU,1991,-1.2215640702955488,-9.84577678320593,36870.75,10.893013031652709,89.71482805857727,34.76903140887194,44.574346772262146,5.116413850863776,0.848135233293964,5.525,1.33,2.68,2.68,2.68,0.0
Germany,DEU,1992,-1.0113399153775335,-4.1530782745115,36389.75,2.823801443676729,89.71482805857727,36.92993856536738,45.65946065531514,2.0171585850452773,0.798612353834434,6.56666666666666,1.33,2.68,2.68,2.68,0.0
Germany,DEU,1993,-0.8261030857295105,5.76859476336487,35988.5,-8.175704974306441,89.71482805857727,38.178055725646125,40.702892250534255,-0.9799498273989736,0.845323127947385,7.79166666666667,1.33,2.68,2.68,2.68,0.0
Germany,DEU,1994,-1.3671239800300383,14.8854193165437,35756.0,8.010987486528903,89.71482805857727,38.255200980699996,48.53782650234203,2.5969472501427027,0.829788376290373,8.45,1.33,2.68,2.68,2.68,0.0
Germany,DEU,1995,-1.1624841832967987,-2.42371122131243,35780.0,6.4844221569873115,89.71482805857727,38.39147475184183,45.90276244590739,1.5118865960907673,0.732689787285534,8.25,1.33,2.68,2.68,2.68,0.0
Germany,DEU,1996,-0.5984148943821118,12.9485961204798,35636.75,3.960198219805782,89.71482805857727,38.80746068261785,42.90138032692937,1.031101212345042,0.769336632870274,8.94166666666667,1.33,2.68,2.68,2.68,0.0
Germany,DEU,1997,-0.4254509101381866,37.0068226528819,35508.0,9.226647654166792,89.71482805857727,39.79084465809343,44.37628272999101,1.8543842312089929,0.886656815776422,9.675,1.33,2.68,2.68,2.68,0.0
Germany,DEU,1998,-0.5154046575876163,27.8263366766161,36061.25,9.335204979747948,89.71482805857727,39.63048473940294,45.55971557511993,2.102230088917474,0.899554153479597,9.45,2.41,3.75,3.75,2.68,1.0699999999999998
Germany,DEU,1999,-1.2203609883331048,3.5883892400903,36042.37867,8.757211783974034,89.71482805857727,39.69695226858845,45.6021739016492,2.1262947087646773,0.938562898111359,8.625,2.41,3.75,3.75,3.75,0.0
Germany,DEU,2000,-1.6298640884865518,26.9974320461263,36235.4953075,10.587078367836396,89.71482805857727,40.69189634330402,47.7708895310377,2.879663142560311,1.0850960701302,8.00833333333333,2.41,3.75,3.75,3.75,0.0
Germany,DEU,2001,-0.2586860858007539,-24.5316851703483,36346.1742625,0.7285651353633018,89.71482805857727,41.75667314942484,43.44426006382839,1.6391442504416276,1.11663108833636,7.85833333333333,3.37,4.07,4.07,3.75,0.3200000000000003
Germany,DEU,2002,1.8478708687947825,-23.3550232185286,36061.3751625,-3.113697020189641,89.71482805857727,42.05433631000869,42.557896603367965,-0.2342485124010919,1.06106513282085,8.68333333333333,2.45,3.91,3.91,4.07,-0.16000000000000014
Germany,DEU,2003,1.4323825409821982,-22.4439670335193,35753.57936,4.925345953494612,89.71482805857727,42.288633275480464,42.48474577512547,-0.5298010472000739,0.885163216727309,9.80833333333333,2.52,4.01,4.01,3.91,0.09999999999999964
Germany,DEU,2004,4.464403262230365,23.0109425495897,35875.6821375,6.876355170891144,89.71482805857727,43.30019293266743,43.824574876008235,1.1651135340393173,0.804862094234843,10.5,2.24,3.64,3.64,4.01,-0.36999999999999966
Germany,DEU,2005,4.645160461157667,15.6851448249524,36361.15,5.987416711477496,89.71482805857727,43.89771188244637,44.455941360531675,0.8884495907971071,0.804619415077062,11.2833333333333,2.46,3.54,3.54,3.64,-0.10000000000000009
Germany,DEU,2006,5.704422832301607,24.7386799245281,37172.1,10.63960155443558,89.71482805857727,44.59322575747275,48.763525304719224,3.8575580464948263,0.796697220760242,10.275,2.3,3.33,3.33,3.54,-0.20999999999999996
Germany,DEU,2007,6.630653960952153,24.229897015409,37988.35,5.957491998934241,89.71482805857727,45.96045828261978,50.26059011759128,2.892054574026636,0.730485427146717,8.54166666666667,2.24,3.23,3.23,3.33,-0.10000000000000009
Germany,DEU,2008,5.6384139494262655,-20.4733693037196,38540.85,1.672709768545546,89.71482805857727,47.30329183193924,50.053016195485014,0.8879026552360568,0.683982339822683,7.425,1.72,2.99,2.99,3.23,-0.23999999999999977
Germany,DEU,2009,5.84762606004022,-24.7245058193238,38470.7,-10.07358345244748,89.71482805857727,46.28929442481708,36.99680121788851,-5.550055196784124,0.719800423489554,7.341666666666666,1.85,3.23,3.23,2.99,0.23999999999999977
Germany,DEU,2010,5.747183351830033,21.0443809763385,37992.225,12.481239975054256,89.71482805857727,47.19404902550167,49.62725424576892,4.143614781755462,0.755043518257105,6.575,2.13,3.08,3.08,3.23,-0.1499999999999999
Germany,DEU,2011,6.280904871771371,4.84955850896669,38785.875,6.677467142843339,89.71482805857727,48.64763637284654,53.11250330439565,3.757863432245364,0.719158754470168,5.525,1.59,3.0,3.0,3.08,-0.08000000000000007
Germany,DEU,2012,7.2010874500828725,0.358224540556461,39125.95,-0.4169014460641204,89.71482805857727,49.570539152670136,48.82688678891723,0.4661940600419008,0.778006210395884,5.08333333333333,1.46,2.84,2.84,3.0,-0.16000000000000014
Germany,DEU,2013,6.765741985105592,18.462676034288,39529.725,1.785232274313837,89.71482805857727,50.04944252822295,49.03325949498164,0.3942922768128519,0.753297658306669,4.941666666666666,1.49,2.95,2.95,2.84,0.11000000000000032
Germany,DEU,2014,7.322500111370488,11.9064174819658,39869.525,3.463775693196669,89.71482805857727,50.19750438497597,51.09549029733291,2.1774556749765615,0.753695140645586,4.70833333333333,2.03,3.07,3.07,2.95,0.11999999999999966
Germany,DEU,2015,8.29584040078626,13.0896339967842,40208.725,5.3269730691242225,89.71482805857727,50.25721050579353,50.01559269544265,1.6630066345897576,0.901451643908024,4.3583333333333325,2.02,3.09,3.09,3.07,0.020000000000000018
Germany,DEU,2016,8.991881551756816,-8.106662211162,41265.125,3.7419459446061065,89.71482805857727,50.49174862477089,52.75821149611343,2.217077705662218,0.904281526915114,3.9,2.09,3.29,3.29,3.09,0.20000000000000018
Germany,DEU,2017,8.100339235098222,19.1952320928127,41661.425,4.137106943250379,89.71482805857727,51.75908233468405,54.431187147908275,2.8055960997214755,0.887107173889516,3.5250000000000004,1.96,3.27,3.27,3.29,-0.020000000000000018
Germany,DEU,2018,8.463261284705705,-1.51029795273002,41912.8,5.020835685166235,89.71482805857727,52.7538984661508,53.534392540624744,1.1332209176857613,0.847324485146496,3.191666666666667,1.83,3.11,3.11,3.27,-0.16000000000000014
Germany,DEU,2019,7.959966198681753,-4.96165983359372,42398.525,3.471546466182675,89.71482805857727,53.36077316395831,52.266202058925025,0.9728948748426128,0.893348371188594,2.95,1.84,3.08,3.08,3.11,-0.029999999999999805
Germany,DEU,2020,6.315148088170925,-0.564738033006797,41859.225,-8.143111732844375,89.71482805857727,52.786631788241024,47.752275119380045,-4.127319015553214,0.877541570440429,3.625,1.48,2.8,2.8,3.08,-0.28000000000000025
Germany,DEU,2021,7.005162586221722,20.7799636918344,40857.525,9.32749943369439,89.71482805857727,55.86409854770933,52.407505593268745,3.9124996988672,0.845553392731664,3.6,1.39,2.85,2.85,2.8,0.050000000000000266
Germany,DEU,2022,3.8585783463018672,-14.6919944522077,41937.1,7.562140817950136,89.71482805857727,61.500974660706994,50.13263703106245,1.8068089476756912,0.950882523746784,3.141666666666666,1.33,2.68,2.68,2.85,-0.16999999999999993
Denmark,DNK,1988,3.8585783463018672,10.2117061021171,2682.8,7.562140817950136,13.970806725267419,30.959353192261766,40.31904468834855,1.8068089476756912,6.73019840279136,5.65833333333333,1.33,2.68,2.68,,
Denmark,DNK,1989,3.8585783463018672,46.2900188323917,2630.3,7.562140817950136,2.6341095164356165,32.44752978909918,38.0297732940208,1.8068089476756912,7.31007452320431,6.81666666666667,1.33,2.68,2.68,2.68,0.0
Denmark,DNK,1990,3.8585783463018672,10.6076210092688,2655.9,7.562140817950136,13.459394661185382,32.17606222657015,38.46874240769793,1.8068089476756912,6.18636201353552,7.175,1.33,2.68,2.68,2.68,0.0
Denmark,DNK,1991,3.8585783463018672,-0.69832402234636,2635.1,7.562140817950136,16.088390101378465,32.791869540314124,38.20737976496523,1.8068089476756912,6.39279859452178,7.85,1.33,2.68,2.68,2.68,0.0
Denmark,DNK,1992,3.8585783463018672,-14.1350210970464,2636.6,7.562140817950136,18.419209475091407,33.30454338068435,40.881087360615275,1.8068089476756912,6.03836917847103,8.6,1.33,2.68,2.68,2.68,0.0
Denmark,DNK,1993,3.8585783463018672,3.38520338520339,2566.9,7.562140817950136,16.484977355467837,33.29119570469896,35.98668506103324,1.8068089476756912,6.48217711828717,9.55,1.33,2.68,2.68,2.68,0.0
Denmark,DNK,1994,3.8585783463018672,17.1639820438342,2537.0,3.131460072823717,18.18727466219955,34.30890893918752,46.864458885579324,2.895749846897022,6.3602189511333,7.7,1.33,2.68,2.68,2.68,0.0
Denmark,DNK,1995,3.8585783463018672,-3.67365336939375,2602.0,3.131460072823717,13.324050375599809,35.048813797792576,54.259207837041075,2.895749846897022,5.60374252634364,6.71666666666667,1.33,2.68,2.68,2.68,0.0
Denmark,DNK,1996,3.8585783463018672,17.1502105755732,2627.0,3.131460072823717,19.03856950646033,35.79325197493084,46.142980669370644,2.895749846897022,5.79824931932465,6.33333333333333,1.33,2.68,2.68,2.68,0.0
Denmark,DNK,1997,3.8585783463018672,42.349328301989,2681.0,9.241918618538415,20.86908334315651,36.579054606290356,47.55683743836865,3.1684808644739477,6.60407451385793,5.24166666666667,1.33,2.68,2.68,2.68,0.0
Denmark,DNK,1998,3.8585783463018672,16.3657852980455,2693.0,7.581066580791105,20.531430412375475,37.065780869995045,50.756073101292834,2.3263024764377263,6.69932324149884,4.86666666666667,2.41,3.75,3.75,2.68,1.0699999999999998
Denmark,DNK,1999,3.8585783463018672,-3.2587073297522,2707.0,2.547458425789121,20.214892123191035,38.29462955557168,50.59537426554061,2.96730475940353,6.97991388645774,5.16666666666667,2.41,3.75,3.75,3.75,0.0
Denmark,DNK,2000,3.8585783463018672,35.1461453128317,2722.0,13.709929266776191,18.17761527493319,39.572910909488996,48.02265488654141,3.724008397158066,8.08802806002572,4.325,2.41,3.75,3.75,3.75,0.0
Denmark,DNK,2001,3.8585783463018672,-5.07068578807856,2725.0,2.400201393918195,20.739508045246506,40.181437418513696,51.86951289140523,0.950032070480706,8.32081343742811,4.525,3.37,4.07,4.07,3.75,0.3200000000000003
Denmark,DNK,2002,3.8585783463018672,-17.5424842216805,2715.0,6.371918961126727,21.263032289653395,41.17055163943182,49.7535661984166,0.4565299210773372,7.88427545976591,4.58333333333333,2.45,3.91,3.91,4.07,-0.16000000000000014
Denmark,DNK,2003,3.9003495827539902,-1.3141671297583,2692.0,-1.0323119435610897,46.74537077505177,41.82503910323253,48.88813495732193,0.441090951298323,6.57700178387965,5.40833333333333,2.52,4.01,4.01,3.91,0.09999999999999964
Denmark,DNK,2004,3.9003495827539902,27.9439001535355,2720.0,7.153289024068269,37.216281028146,41.83551179895803,50.172327452405995,2.776351438563154,5.98756135327053,5.5,2.24,3.64,3.64,4.01,-0.36999999999999966
Denmark,DNK,2005,3.9003495827539902,29.9362509799607,2732.0,11.910369505969456,32.174137244110455,42.91724062478963,53.601940415349155,2.3596092145795207,5.99609258501585,4.84166666666667,2.46,3.54,3.54,3.64,-0.10000000000000009
Denmark,DNK,2006,3.055202570696171,19.1825155931208,2787.0,13.94167989688635,43.43555246788533,43.77877735898958,56.69885077390443,3.81648867110016,5.94301094206472,3.90833333333333,2.3,3.33,3.33,3.54,-0.20999999999999996
Denmark,DNK,2007,1.1207957937098332,23.9368977308051,2803.7,5.806833136554601,44.89284102762245,44.38829959776832,54.13047653188085,0.987174384618844,5.44275538148512,3.75,2.24,3.23,3.23,3.33,-0.10000000000000009
Denmark,DNK,2008,2.7065282632617427,-22.6793171464043,2806.225,4.540213712015645,54.5733652675663,46.7373006379585,53.118702669437546,-0.4171778778837158,5.09894698160609,3.68333333333333,1.72,2.99,2.99,3.23,-0.23999999999999977
Denmark,DNK,2009,3.545298132973916,-26.6838741965829,2718.925,-12.1795792312635,62.32517679410191,46.26902162178834,38.74588514690124,-4.974478071461513,5.35941711211494,6.40833333333333,1.85,3.23,3.23,2.99,0.23999999999999977
Denmark,DNK,2010,6.3059548693727105,33.202181854956,2661.4,1.3152349377415071,50.99846778488897,47.8262955182073,45.28010766834726,1.582896638477958,5.62175651232825,7.75,2.13,3.08,3.08,3.23,-0.1499999999999999
Denmark,DNK,2011,6.264202391957522,0.980571260459952,2659.525,8.060251013754863,37.29112380947911,49.33767446358952,48.35405061193591,1.3108035277578531,5.35692618890771,7.75833333333333,1.59,3.0,3.0,3.08,-0.08000000000000007
Denmark,DNK,2012,5.998607507124162,7.33514714934848,2644.825,2.8504309930898972,54.068320853219305,50.30729076165656,47.67902259635485,-0.0054325008190678,5.78994374098124,7.78333333333333,1.46,2.84,2.84,3.0,-0.16000000000000014
Denmark,DNK,2013,7.326239484384577,20.0688640711668,2636.3,1.4583177358909525,34.1984544623829,49.89036922337233,47.84835065355595,1.3926739197613496,5.61775368012422,7.375,1.49,2.95,2.95,2.84,0.11000000000000032
Denmark,DNK,2014,8.39224291573659,29.3990246570348,2663.9,4.067597574298447,43.61758281327594,50.057010270224765,50.1768188169225,1.2779995096286827,5.61872773966372,6.925,2.03,3.07,3.07,2.95,0.11999999999999966
Denmark,DNK,2015,8.052273419433751,24.7745095000465,2709.025,4.062984446137283,58.84855907305673,50.22601707684581,51.219023770095326,2.104413741362242,6.72540849888638,6.26666666666667,2.02,3.09,3.09,3.07,0.020000000000000018
Denmark,DNK,2016,7.225881937058083,-0.770636110709644,2760.225,4.286012239473869,50.47148188467167,50.250000000000014,54.50324887370911,3.0730524928717307,6.73078313884183,5.98333333333333,2.09,3.29,3.29,3.09,0.20000000000000018
Denmark,DNK,2017,7.412809809339008,9.63101113213708,2788.525,4.322357036603647,51.07616322914862,51.27356608478802,54.89309117748499,3.05647964762675,6.60179308817994,5.81666666666667,1.96,3.27,3.27,3.29,-0.020000000000000018
Denmark,DNK,2018,6.363706751912547,2.27911297479358,2832.275,5.705229230581652,50.43819159707173,51.51930473372782,56.70256086377109,1.860019195718042,6.31353824691009,5.15,1.83,3.11,3.11,3.27,-0.16000000000000014
Denmark,DNK,2019,7.510259036593327,3.84492436089599,2877.65,3.0533383515440526,50.43819159707173,51.879065786255794,58.159235952732935,1.711397509844248,6.66923030052074,5.025,1.84,3.08,3.08,3.11,-0.029999999999999805
Denmark,DNK,2020,7.364805068826238,19.4018123876786,2852.375,-3.953742982486816,50.43819159707173,51.92702265372151,54.49662002208268,-1.7801054674250845,6.54200684759081,5.625,1.48,2.8,2.8,3.08,-0.28000000000000025
Denmark,DNK,2021,8.6253925671567,31.7000428865602,2907.525,9.551720451137973,50.43819159707173,53.601522719948434,65.14174613223982,6.500321887286754,6.28813722975093,5.1083333333333325,1.39,2.85,2.85,2.8,0.050000000000000266
Denmark,DNK,2022,11.251463444769875,-0.721872692878458,2994.425,5.977966954906434,50.43819159707173,60.57745016611278,71.85882931163655,0.4438362876606971,7.07553846751678,4.475,1.33,2.68,2.68,2.85,-0.16999999999999993
Spain,ESP,1988,11.251463444769875,11.0163899282166,12123.1,5.977966954906434,50.43819159707173,23.785208199032155,60.52417931547122,0.4438362876606971,0.700033256003109,18.6916666666667,1.33,2.68,2.68,,
Spain,ESP,1989,11.251463444769875,8.78841366825074,12557.5,5.977966954906434,50.43819159707173,26.21339015332606,57.725858151657036,0.4438362876606971,0.711585259577128,16.5416666666667,1.33,2.68,2.68,2.68,0.0
Spain,ESP,1990,11.251463444769875,-12.486409727307,12869.6,5.977966954906434,50.43819159707173,27.712346034284202,55.024816950540306,0.4438362876606971,0.612687165186174,15.4583333333333,1.33,2.68,2.68,2.68,0.0
Spain,ESP,1991,11.251463444769875,0.365097676305424,12970.4,5.977966954906434,50.43819159707173,28.76360879123049,54.18077697402754,0.4438362876606971,0.624646855304332,15.5,1.33,2.68,2.68,2.68,0.0
Spain,ESP,1992,11.251463444769875,-12.0463932500537,12730.6,5.977966954906434,50.43819159707173,30.28708857392666,49.129201858712854,0.4438362876606971,0.615431436539132,17.0166666666667,1.33,2.68,2.68,2.68,0.0
Spain,ESP,1993,-1.4523123438687142,14.7116161344176,12197.3,5.977966954906434,50.43819159707173,30.857850339022068,45.25689990623937,0.4438362876606971,0.764744730125532,20.8416666666667,1.33,2.68,2.68,2.68,0.0
Spain,ESP,1994,-1.4523123438687142,18.458148676732,12169.5,7.306880686338935,50.43819159707173,32.280727851247164,54.0594307943466,2.6075421244030035,0.805118870177379,22.05,1.33,2.68,2.68,2.68,0.0
Spain,ESP,1995,-1.4523123438687142,-6.17641774640146,12461.1,7.306880686338935,50.43819159707173,33.65689619612626,56.426543826763115,2.6075421244030035,0.749375899013939,20.75,1.33,2.68,2.68,2.68,0.0
Spain,ESP,1996,-0.9516199440430873,22.0674662288693,12811.5492,7.306880686338935,50.43819159707173,34.214045285248545,52.60833908306216,2.6075421244030035,0.761427543984069,19.8916666666667,1.33,2.68,2.68,2.68,0.0
Spain,ESP,1997,-0.8144144276115283,52.7312993828941,13286.4517,12.890725744055288,50.43819159707173,34.0594744383321,58.83241447039611,3.587167519842564,0.879955344800644,18.3916666666667,1.33,2.68,2.68,2.68,0.0
Spain,ESP,1998,-1.6571392503056446,46.6921027351326,13837.8697,14.04257263448875,50.43819159707173,34.59778601691106,63.41839436369428,4.301977453335806,0.897785721154424,16.4083333333333,2.41,3.75,3.75,2.68,1.0699999999999998
Spain,ESP,1999,-3.2197405209147827,10.5004437909425,14689.825,13.686672409303084,50.43819159707173,35.61393224586375,65.06761581384761,4.4088654530592395,0.938562898111359,13.6,2.41,3.75,3.75,3.75,0.0
Spain,ESP,2000,-4.272954494487209,12.5685361680874,15505.9,9.572916896103598,50.43819159707173,37.3586651479385,69.99570878869955,5.200754391661405,1.0850960701302,11.9166666666667,2.41,3.75,3.75,3.75,0.0
Spain,ESP,2001,-4.336223035857589,-15.2175100742031,16146.275,3.6536729705390423,50.43819159707173,38.71630868364724,66.87922349959102,3.918977050308647,1.11663108833636,10.5583333333333,3.37,4.07,4.07,3.75,0.3200000000000003
Spain,ESP,2002,-3.671640011790983,-14.8064397389971,16790.1,3.6773147573538663,50.43819159707173,39.5861032615783,66.95238416569008,2.755456115640989,1.06106513282085,11.4416666666667,2.45,3.91,3.91,4.07,-0.16000000000000014
Spain,ESP,2003,-3.8971817807897065,-3.01505349232998,17475.6,6.031686650081362,50.43819159707173,40.72911573129513,71.00515487779907,2.9392895953076184,0.885163216727309,11.4916666666667,2.52,4.01,4.01,3.91,0.09999999999999964
Spain,ESP,2004,-5.475850266242618,21.9375666915215,18142.25,9.668769493486886,50.43819159707173,41.92097541563448,71.677499504457,3.114531479916085,0.804862094234843,10.9583333333333,2.24,3.64,3.64,4.01,-0.36999999999999966
Spain,ESP,2005,-7.148440654833249,23.2777041805691,19206.925,6.960351572553663,50.43819159707173,43.446804467344705,75.0550541041805,3.551130703091055,0.804619415077062,9.16666666666667,2.46,3.54,3.54,3.64,-0.10000000000000009
Spain,ESP,2006,-8.708482724437465,24.947684683679,19938.85,8.212845184634864,50.43819159707173,44.98837402667152,78.63101129340276,4.043438860957714,0.796697220760242,8.45833333333334,2.3,3.33,3.33,3.54,-0.20999999999999996
Spain,ESP,2007,-9.342311430895558,23.1579814929925,20579.825,8.238829036167344,50.43819159707173,45.82873374725498,75.85337430550254,3.533591310275099,0.730485427146717,8.225,2.24,3.23,3.23,3.33,-0.10000000000000009
Spain,ESP,2008,-8.737075816653695,-21.6876105023813,20469.65,-5.5077770901330965,50.43819159707173,48.28389917298662,61.87352956737882,0.7672508093560475,0.683982339822683,11.2666666666667,1.72,2.99,2.99,3.23,-0.23999999999999977
Spain,ESP,2009,-3.974956396097961,-18.3545402004183,19106.85,-18.302284184637127,50.43819159707173,45.96921825806537,48.43857230719521,-3.768214301994026,0.719800423489554,17.8666666666667,1.85,3.23,3.23,2.99,0.23999999999999977
Spain,ESP,2010,-3.5674949918074597,3.30475703488284,18724.425,6.198543671557685,50.43819159707173,47.843030887229496,49.541541968669996,0.0942100304735243,0.755043518257105,19.875,2.13,3.08,3.08,3.23,-0.1499999999999999
Spain,ESP,2011,-2.665564174054275,-9.70701084236995,18421.125,-0.5920069662618743,50.43819159707173,50.04149880350829,46.07243563323883,-0.639920075717733,0.719158754470168,21.4083333333333,1.59,3.0,3.0,3.08,-0.08000000000000007
Spain,ESP,2012,0.1461623214374939,-20.92082643453,17632.125,-5.864577786320397,50.43819159707173,50.85150042800486,42.30762226547449,-2.86528756070412,0.778006210395884,24.7916666666667,1.46,2.84,2.84,3.0,-0.16000000000000014
Spain,ESP,2013,2.0184563160639675,14.3145571841408,17138.825,-0.2788275185689796,50.43819159707173,51.03178383502356,45.103942523406324,-1.4271419387410496,0.753297658306669,26.1166666666667,1.49,2.95,2.95,2.84,0.11000000000000032
Spain,ESP,2014,1.7727453705631409,21.2245969239632,17343.825,6.802878644459248,50.43819159707173,50.17588356062941,52.032777653305914,1.5203924187642532,0.753695140645586,24.45,2.03,3.07,3.07,2.95,0.11999999999999966
Spain,ESP,2015,2.113126153959599,1.34846039307946,17865.55,5.091691940223439,50.43819159707173,49.749817145048354,51.58274990609592,4.06095746225319,0.901451643908024,22.075,2.02,3.09,3.09,3.07,0.020000000000000018
Spain,ESP,2016,3.214365471263842,-18.5917107100908,18341.2,2.6457447381170285,50.43819159707173,49.797401999573594,53.030480675790905,2.915066247542142,0.904281526915114,19.65,2.09,3.29,3.29,3.09,0.20000000000000018
Spain,ESP,2017,2.804582243200665,17.4985079151548,18824.8,6.695743124932615,50.43819159707173,51.85279584765683,53.29293849473262,2.8960420786500767,0.887107173889516,17.2333333333333,1.96,3.27,3.27,3.29,-0.020000000000000018
Spain,ESP,2018,1.9105443292486983,-6.12394469308922,19327.5,3.888426197725382,50.43819159707173,52.56439107764996,53.85788676800837,2.3954112447887796,0.847324485146496,15.2666666666667,1.83,3.11,3.11,3.27,-0.16000000000000014
Spain,ESP,2019,2.1751665709780346,-4.88248556030318,19779.125,1.3184213638932338,50.43819159707173,52.43849938405634,52.74312799224125,1.9612589241342016,0.893348371188594,14.1083333333333,1.84,3.08,3.08,3.11,-0.029999999999999805
Spain,ESP,2020,1.0632442370372075,-18.3293197059623,19202.275,-15.148480689857328,50.43819159707173,51.759245398519155,41.84292979408336,-10.940140875618232,0.877541570440429,15.5333333333333,1.48,2.8,2.8,3.08,-0.28000000000000025
Spain,ESP,2021,0.8346649293200573,14.3851079731649,19833.45,14.98113599814109,50.43819159707173,55.073164457661534,50.40302645583466,6.683144204730007,0.845553392731664,14.933333333333335,1.39,2.85,2.85,2.8,0.050000000000000266
Spain,ESP,2022,0.5060816951149558,-4.61939212928733,20547.5,7.73164077664739,50.43819159707173,62.213075043920185,47.93718160478489,6.370400130823007,0.950882523746784,13.033333333333331,1.33,2.68,2.68,2.85,-0.16999999999999993
Estonia,EST,1989,0.5060816951149558,-4.61939212928733,836.2,7.73164077664739,50.43819159707173,62.213075043920185,47.93718160478489,6.370400130823007,0.950882523746784,13.033333333333331,1.33,2.68,2.68,,
Estonia,EST,1990,0.5060816951149558,-4.61939212928733,824.7,7.73164077664739,50.43819159707173,62.213075043920185,47.93718160478489,6.370400130823007,0.950882523746784,13.033333333333331,1.33,2.68,2.68,2.68,0.0
Estonia,EST,1991,0.5060816951149558,-4.61939212928733,805.3,7.73164077664739,50.43819159707173,62.213075043920185,47.93718160478489,6.370400130823007,0.845087750833333,13.033333333333331,1.33,2.68,2.68,2.68,0.0
Estonia,EST,1992,0.5060816951149558,-4.61939212928733,760.2,7.73164077664739,50.43819159707173,62.213075043920185,29.574225865209467,6.370400130823007,0.845087750833333,13.033333333333331,1.33,2.68,2.68,2.68,0.0
Estonia,EST,1993,-3.968377181074272,-4.61939212928733,697.5,7.73164077664739,50.43819159707173,62.213075043920185,29.574225865209467,6.370400130823007,0.845087750833333,13.033333333333331,0.39,0.39,0.39,2.68,-2.29
Estonia,EST,1994,-3.968377181074272,-4.61939212928733,673.6,7.852702795649926,50.43819159707173,62.213075043920185,29.574225865209467,4.943015931206048,0.830292204,13.033333333333331,0.39,0.39,0.39,0.39,0.0
Estonia,EST,1995,-3.968377181074272,-4.61939212928733,631.0,7.852702795649926,50.43819159707173,62.213075043920185,20.64857266229127,4.943015931206048,0.7327310725,9.625,0.39,0.39,0.39,0.39,0.0
Estonia,EST,1996,-8.080350265191328,-40.9902138331078,617.0,7.852702795649926,50.43819159707173,32.11193745720547,18.244797482249172,4.943015931206048,0.769368425,9.625,0.04,0.04,0.04,0.39,-0.35000000000000003
Estonia,EST,1997,-10.735800104887383,-40.9902138331078,615.0,29.40302389591147,50.43819159707173,32.11193745720547,27.30315997615083,13.050015017045563,0.887205527166667,9.625,0.03,0.03,0.03,0.04,-0.010000000000000002
Estonia,EST,1998,-8.614373987602118,-40.9902138331078,604.0,12.991918123482218,50.43819159707173,32.11193745720547,31.631801497918296,4.339834029788217,0.89953514925,9.15,0.0,0.0,0.0,0.03,-0.03
Estonia,EST,1999,-4.320171904261441,-35.8527412476635,577.2,-5.729340384827197,50.43819159707173,30.301944327988828,15.477694518004691,-0.4250274855622515,0.938068547416667,11.35,0.0,0.0,0.0,0.0,0.0
Estonia,EST,2000,-5.089207661678278,31.6497314366069,585.275,-5.352183505277848,50.43819159707173,31.814587165086806,31.10188738069154,10.087636844359224,1.08449332975,14.4583333333333,0.98,0.98,0.98,0.0,0.98
Estonia,EST,2001,-7.073179702992828,-8.41486046831324,589.625,12.365438070203451,50.43819159707173,34.39277679236808,28.10580083187556,5.880745668218597,1.11705258641667,13.0416666666667,1.02,1.02,1.02,0.98,0.040000000000000036
Estonia,EST,2002,-11.255330234316911,33.6962843901859,589.875,13.286068287617042,50.43819159707173,34.43041142917876,34.322980373021664,6.933000696662831,1.06168699066667,11.3333333333333,0.91,0.91,0.91,1.02,-0.10999999999999999
Estonia,EST,2003,-12.905242214521458,39.6559870141413,602.95,14.002836880698904,50.43819159707173,33.747751252430014,34.764395858609696,7.59630326923141,0.885585899333333,10.35,0.89,0.89,0.89,0.91,-0.020000000000000018
Estonia,EST,2004,-12.209685164648423,41.4819926041053,601.9,16.135792619091045,50.43819159707173,35.61263414408056,39.34278451174362,6.80069936763621,0.805003962583333,10.0833333333333,2.24,3.64,3.64,0.89,2.75
Estonia,EST,2005,-8.543068739341123,72.2514477279076,615.55,16.699348590129247,50.43819159707173,37.519152315356656,46.291677480070696,9.52305256538748,0.804250337666667,7.975,2.46,3.54,3.54,3.64,-0.10000000000000009
Estonia,EST,2006,-15.028566431755124,11.1029102514411,651.7,20.702752662971264,50.43819159707173,39.27254186132309,53.06724945400788,9.762571700567518,0.796689056916667,5.94166666666667,2.3,3.33,3.33,3.54,-0.20999999999999996
Estonia,EST,2007,-15.244909596632796,31.9724078891862,657.6,12.981952837997053,50.43819159707173,42.80043229731809,53.72565340371124,7.570921189398321,0.73075726775,4.6,2.24,3.23,3.23,3.33,-0.10000000000000009
Estonia,EST,2008,-8.7140241860322,-40.4000768657521,656.0,-6.157833547469051,50.43819159707173,48.774055812293454,41.428018730840705,-5.125313131182092,0.683499397083333,5.51666666666667,1.72,2.99,2.99,3.23,-0.23999999999999977
Estonia,EST,2009,2.580220031358946,-36.32332980502,593.875,-30.60556144516524,50.43819159707173,43.51949220243375,19.88613532440274,-14.630220230307485,0.719480057333333,13.475,1.85,3.23,3.23,2.99,0.23999999999999977
Estonia,EST,2010,1.6534506039869858,72.4992713566598,567.975,21.256932804063833,50.43819159707173,46.33930302766686,43.01085711759586,2.449747118974722,0.754595780083334,16.5833333333333,2.13,3.08,3.08,3.23,-0.1499999999999999
Estonia,EST,2011,1.22307450232494,12.0655685124516,603.225,27.188324678162857,50.43819159707173,49.57877729408381,56.819966959155984,7.606975594767054,0.719158754470168,12.35,1.59,3.0,3.0,3.08,-0.08000000000000007
Estonia,EST,2012,-1.791631590561645,-2.53370608498331,614.925,9.688149349179222,50.43819159707173,50.906679086417384,51.36982644247292,3.67201952512073,0.778006210395884,9.90833333333333,1.46,2.84,2.84,3.0,-0.16000000000000014
Estonia,EST,2013,-0.0478246091113808,28.3572228237928,621.35,2.445979693068539,50.43819159707173,51.69107115388298,50.59761877523104,1.756492714687596,0.753297658306669,8.49166666666667,1.49,2.95,2.95,2.84,0.11000000000000032
Estonia,EST,2014,0.5861557932659254,-3.37074061515711,624.825,2.613129621170143,50.43819159707173,50.19429335063615,51.432040821707744,3.3227902019696542,0.753695140645586,7.31666666666667,2.03,3.07,3.07,2.95,0.11999999999999966
Estonia,EST,2015,1.417814015078601,9.48751120355809,640.9,-2.138055915079089,50.43819159707173,49.753836996726335,49.70430715453247,1.8381550737001624,0.901451643908024,6.39166666666667,2.02,3.09,3.09,3.07,0.020000000000000018
Estonia,EST,2016,0.9116551252753556,13.8415008514401,644.625,6.058350155334091,50.43819159707173,50.14868490762717,53.75971793194626,3.0930191700489607,0.904281526915114,6.83333333333333,2.09,3.29,3.29,3.09,0.20000000000000018
Estonia,EST,2017,1.790791744998929,19.2097687138284,658.575,3.5201293117105266,50.43819159707173,53.49411840541377,61.61444336249806,5.634672413475045,0.887107173889516,5.80833333333333,1.96,3.27,3.27,3.29,-0.020000000000000018
Estonia,EST,2018,0.6254957034995087,6.23255899975176,664.75,6.48579378568981,50.43819159707173,55.283183181305226,64.84781946938638,3.6996946927921783,0.847324485146496,5.39166666666667,1.83,3.11,3.11,3.27,-0.16000000000000014
Estonia,EST,2019,2.040787595314004,0.0982972742594356,671.35,3.6723909160122266,50.43819159707173,55.923463795639606,69.28919929460702,3.726650988411274,0.893348371188594,4.48333333333333,1.84,3.08,3.08,3.11,-0.029999999999999805
Estonia,EST,2020,-2.1660137641445596,-3.07706818596864,656.6,0.839435749771395,50.43819159707173,54.319032966020075,60.85564724118627,-2.883809564581484,0.877541570440429,6.88333333333333,1.48,2.8,2.8,3.08,-0.28000000000000025
Estonia,EST,2021,-3.896748623912328,42.9310413845557,654.225,23.53947874496652,50.43819159707173,59.40577944532288,75.94405838092368,8.25488395702159,0.845553392731664,6.20833333333333,1.39,2.85,2.85,2.8,0.050000000000000266
Estonia,EST,2022,-2.969899925601996,5.52217004478675,680.85,5.055394923072931,50.43819159707173,77.85069938598554,70.31715065050794,-1.2261708180033897,0.950882523746784,5.575,1.33,2.68,2.68,2.85,-0.16999999999999993
Finland,FIN,1988,-2.969899925601996,31.8669877009175,2420.0,5.055394923072931,50.43819159707173,31.605835438695976,42.64858780447543,-1.2261708180033897,0.70406549462107,4.20833333333333,6.26,6.26,6.26,,
Finland,FIN,1989,-2.969899925601996,8.14251875246744,2494.0,-13.320818993986167,50.43819159707173,34.27541366663833,43.94568337406309,-5.880219850541465,0.721209450591713,3.10833333333333,6.3149999999999995,6.3149999999999995,6.3149999999999995,6.26,0.054999999999999716
Finland,FIN,1990,-2.969899925601996,-27.1972255179337,2493.0,-13.320818993986167,50.43819159707173,35.95880905640297,39.88401091375907,-5.880219850541465,0.642903955163341,3.16666666666667,6.37,6.37,6.37,6.3149999999999995,0.055000000000000604
Finland,FIN,1991,-2.969899925601996,-27.6670427479002,2365.0,-13.320818993986167,50.43819159707173,36.45650867529422,34.58580263736508,-5.880219850541465,0.68001321957102,6.60833333333333,5.974,6.1080000000000005,6.1080000000000005,6.37,-0.26199999999999957
Finland,FIN,1992,-2.969899925601996,-19.4280762564991,2196.0,0.6978143172247795,50.43819159707173,36.76243122335421,38.65255501277618,-3.3119036646999613,0.754461605219208,11.7083333333333,5.578,5.846,5.846,6.1080000000000005,-0.26200000000000045
Finland,FIN,1993,4.163325363350455,59.4644009464401,2061.0,1.3620614122426318,50.43819159707173,37.17145786974948,42.152629087393386,-0.7805480244087357,0.962163883436797,16.3416666666667,5.578,5.846,5.846,5.846,0.0
Finland,FIN,1994,4.163325363350455,49.4233492952047,2045.0,12.80892695768339,50.43819159707173,37.01311998016797,48.83364203751005,3.963366617318171,0.878431524247934,16.5833333333333,5.578,5.846,5.846,5.846,0.0
Finland,FIN,1995,4.163325363350455,3.52064996614759,2090.0,8.19198216711365,50.43819159707173,37.153013582458826,51.08435554312787,4.232659955613111,0.734496296782172,15.4,5.578,5.846,5.846,5.846,0.0
Finland,FIN,1996,3.8670389833340657,6.59254414650096,2119.0,7.23368637929368,50.43819159707173,37.303271381591934,41.59403665173786,3.661824444622092,0.77235960372682,14.5666666666667,5.578,5.846,5.846,5.846,0.0
Finland,FIN,1997,5.124037414801673,56.9231398535608,2162.0,11.87931552086462,50.43819159707173,38.02606134958816,46.910623516586966,6.397566036677686,0.872421609009042,12.6416666666667,5.578,5.846,5.846,5.846,0.0
Finland,FIN,1998,5.114736759282501,41.5739123634752,2203.45,8.471301687820327,50.43819159707173,38.65333785142674,50.65012747863985,5.45416210945221,0.899007915484446,11.3583333333333,3.202,4.274,4.274,5.846,-1.572
Finland,FIN,1999,4.911548750932628,72.1498011489174,2295.925,4.287057193746279,50.43819159707173,38.975831488917606,49.95731151460858,4.389198510484109,0.938562898111359,10.2166666666667,2.806,4.0120000000000005,4.0120000000000005,4.274,-0.26199999999999957
Finland,FIN,2000,7.2352381086599955,91.0018503069584,2335.425,14.861114405674035,50.43819159707173,41.08376542998934,55.75903567279412,5.753634551733639,1.0850960701302,9.78333333333333,2.41,3.75,3.75,4.0120000000000005,-0.26200000000000045
Finland,FIN,2001,8.146263742175547,-42.4571309763067,2367.025,1.3836685803973323,50.43819159707173,41.87203881478868,52.517967287864415,2.6402173297866214,1.11663108833636,9.125,3.37,4.07,4.07,3.75,0.3200000000000003
Finland,FIN,2002,8.102501298095076,-22.5557705188498,2372.35,4.291941660555693,50.43819159707173,42.00607453671451,54.07875717386263,1.687298392655295,1.06106513282085,9.075,2.45,3.91,3.91,4.07,-0.16000000000000014
Finland,FIN,2003,4.68093800615724,-14.4810897499128,2364.925,4.107502099650381,50.43819159707173,42.02086764364739,54.958677793340655,2.01176693869804,0.885163216727309,9.00833333333333,2.52,4.01,4.01,3.91,0.09999999999999964
Finland,FIN,2004,5.713384158745048,7.48859731636914,2364.65,8.123522569509595,50.43819159707173,41.7535199745184,59.36483109097924,4.005315614617942,0.804862094234843,8.825,2.24,3.64,3.64,4.01,-0.36999999999999966
Finland,FIN,2005,3.425677028516712,17.2732699548097,2400.825,11.183023320377568,50.43819159707173,42.23179836509366,58.853912811098816,2.77777777777777,0.804619415077062,8.4,2.46,3.54,3.54,3.64,-0.10000000000000009
Finland,FIN,2006,3.882403360480167,24.8976063584884,2443.475,6.588947672331722,50.43819159707173,43.35994061720149,66.0154424134689,4.019493274323085,0.796697220760242,7.71666666666667,2.3,3.33,3.33,3.54,-0.20999999999999996
Finland,FIN,2007,4.145938634781865,24.3963219173454,2491.625,7.382245713700054,50.43819159707173,44.90089689897019,70.38646670456558,5.313178250102773,0.730485427146717,6.86666666666667,2.24,3.23,3.23,3.33,-0.10000000000000009
Finland,FIN,2008,1.85524296986928,-23.9905471050509,2530.875,7.965530876317474,50.43819159707173,47.45314713663962,69.68856092602087,0.7839594719735729,0.683982339822683,6.36666666666667,1.72,2.99,2.99,3.23,-0.23999999999999977
Finland,FIN,2009,1.962536854040457,-32.8148574395276,2457.275,-16.997335286614554,50.43819159707173,45.42017130824199,49.950227097709565,-8.075885397195735,0.719800423489554,8.36666666666667,1.85,3.23,3.23,2.99,0.23999999999999977
Finland,FIN,2010,1.530337423232189,21.5465407230592,2447.475,6.297547319091966,50.43819159707173,46.55007491170388,63.874301601756976,3.1677356447432317,0.755043518257105,8.54166666666666,2.13,3.08,3.08,3.23,-0.1499999999999999
Finland,FIN,2011,-1.1684731493427152,-5.85428315810311,2473.675,6.210726707985624,50.43819159707173,49.23670930030667,65.2809195969254,2.389410792480808,0.719158754470168,7.96666666666667,1.59,3.0,3.0,3.08,-0.08000000000000007
Finland,FIN,2012,-2.281911821805351,-14.3606409125316,2483.225,1.1253065955095527,50.43819159707173,50.26722369372487,61.126191807317014,-1.5232970753995223,0.778006210395884,7.80833333333334,1.46,2.84,2.84,3.0,-0.16000000000000014
Finland,FIN,2013,-2.244703008925949,16.3613230827397,2456.725,0.1279368844703259,50.43819159707173,50.3245383780389,58.435502109661755,-0.9797410280686232,0.753297658306669,8.3,1.49,2.95,2.95,2.84,0.11000000000000032
Finland,FIN,2014,-1.5596764445014175,16.2726793350191,2447.25,-0.8984068252299192,50.43819159707173,50.62227744329661,59.07202512740694,-0.4780683185790416,0.753695140645586,8.75,2.03,3.07,3.07,2.95,0.11999999999999966
Finland,FIN,2015,-0.9223526612048932,12.8679219066671,2436.8,2.1354320556555364,50.43819159707173,49.89353397976927,61.03148330208006,0.4665035178953964,0.901451643908024,9.45833333333334,2.02,3.09,3.09,3.07,0.020000000000000018
Finland,FIN,2016,-1.7399874769696797,-3.50215577010999,2448.1,5.658268462023974,50.43819159707173,50.35417558377935,64.97255758825932,2.5719342315597027,0.904281526915114,8.91666666666667,2.09,3.29,3.29,3.09,0.20000000000000018
Finland,FIN,2017,-0.7295652290789348,15.2513723798634,2473.2,4.335975905713696,50.43819159707173,50.93117419020871,67.04096796401149,3.3033701611332207,0.887107173889516,8.76666666666667,1.96,3.27,3.27,3.29,-0.020000000000000018
Finland,FIN,2018,-1.7494330119151758,3.44898111405491,2539.925,5.834078845350975,50.43819159707173,51.64399382537998,68.28304882834382,1.1929777298850617,0.847324485146496,7.43333333333334,1.83,3.11,3.11,3.27,-0.16000000000000014
Finland,FIN,2019,0.1242007974443312,-3.31779714925257,2565.6,2.374726686653303,50.43819159707173,52.13746363148367,68.74869394060555,1.3497384382612192,0.893348371188594,6.74166666666667,1.84,3.08,3.08,3.11,-0.029999999999999805
Finland,FIN,2020,0.2124221013597199,1.63218613371661,2528.2,-6.120022458798016,50.43819159707173,51.92069394449315,66.33949078148265,-2.491036209772386,0.877541570440429,7.725,1.48,2.8,2.8,3.08,-0.28000000000000025
Finland,FIN,2021,-0.1351259877477466,27.6640159796715,2573.35,6.9950981541853325,50.43819159707173,54.00895382836647,70.97088388862353,2.6763465915978526,0.845553392731664,7.675,1.39,2.85,2.85,2.8,0.050000000000000266
Finland,FIN,2022,-2.4354911602588465,-10.2506802621833,2640.2,9.25810234658424,50.43819159707173,60.24258719984057,72.93543431319432,0.763041672132601,0.950882523746784,6.76666666666667,1.33,2.68,2.68,2.85,-0.16999999999999993
France,FRA,1988,-2.4354911602588465,-7.51983758083892,21521.37771,8.785634044570452,50.43819159707173,32.915530359478396,47.19690083400002,4.814209286633106,0.908142606908685,10.0666666666667,1.33,2.68,2.68,,
France,FRA,1989,-2.4354911602588465,44.1088070794415,21842.0,8.109242203992201,50.43819159707173,34.41851586718531,48.74732947076743,4.405176428460676,0.972648867735741,9.675,1.33,2.68,2.68,2.68,0.0
France,FRA,1990,-2.4354911602588465,-4.33008011644234,23064.45688,4.944368699926605,50.43819159707173,35.31005774681336,48.4638610064659,2.8296205878827023,0.830229725424075,9.36666666666667,1.33,2.68,2.68,2.68,0.0
France,FRA,1991,-2.4354911602588465,-5.6366931692944,23089.35029,3.1351274814046035,50.43819159707173,36.40295366204842,47.11152167041525,1.2366689466497292,0.859942038883646,9.625,1.33,2.68,2.68,2.68,0.0
France,FRA,1992,-2.4354911602588465,3.31648830975986,22984.28713,1.75016885067918,50.43819159707173,36.80063023134676,47.4799189688572,1.516067423688135,0.807019362549679,10.6416666666667,1.33,2.68,2.68,2.68,0.0
France,FRA,1993,-2.4354911602588465,11.2374866150804,22683.1975,-3.379062922741503,50.43819159707173,37.42056471895657,42.340481368486486,-0.3590040007509514,0.863214611120343,11.825,1.33,2.68,2.68,2.68,0.0
France,FRA,1994,-2.4354911602588465,6.02912468291881,22713.89388,8.767309417832136,50.43819159707173,37.79817433130163,46.589165390443014,2.3836608611014416,0.846405836561441,12.275,1.33,2.68,2.68,2.68,0.0
France,FRA,1995,-2.4354911602588465,-10.214579303675,22914.759,7.03913001290917,50.43819159707173,38.53282404381134,47.92305904173744,2.3047988736860714,0.760845096045422,11.95,1.33,2.68,2.68,2.68,0.0
France,FRA,1996,-2.4354911602588465,13.8609542146613,22973.49288,2.297131153897713,50.43819159707173,39.37227515878201,45.806555158615204,1.3970738362579207,0.779898682383144,12.4,1.33,2.68,2.68,2.68,0.0
France,FRA,1997,3.3294817179479277,29.1176856646536,23104.053,7.774779416001197,50.43819159707173,39.44488813680154,48.422098068383114,2.527061633935696,0.88989318913689,12.3333333333333,1.33,2.68,2.68,2.68,0.0
France,FRA,1998,3.3294817179479277,30.7597411815347,23520.51013,12.160037965826996,50.43819159707173,39.42139676724982,50.23108341896339,3.4525943427961616,0.899356461881902,12.05,2.41,3.75,3.75,2.68,1.0699999999999998
France,FRA,1999,3.3294817179479277,22.0511911782628,24005.29525,6.705940559562384,50.43819159707173,39.57440415290065,51.85556434457575,3.399308088094408,0.938562898111359,11.3166666666667,2.41,3.75,3.75,3.75,0.0
France,FRA,2000,1.0983382236200665,37.0903562015195,24628.80888,14.746791515301284,50.43819159707173,40.802563276938,55.2007377929984,4.1410534920846915,1.0850960701302,9.55833333333334,2.41,3.75,3.75,3.75,0.0
France,FRA,2001,1.5255712071545584,-19.1110550185953,25098.79763,2.296421806218288,50.43819159707173,41.43530706441465,54.761565342260376,1.8994711755056417,1.11663108833636,8.74166666666667,3.37,4.07,4.07,3.75,0.3200000000000003
France,FRA,2002,1.0969324122132331,-21.7433615655845,25290.03313,2.3385806953542807,50.43819159707173,42.360872810301956,52.69992808270738,1.0677446341014951,1.06106513282085,8.63333333333333,2.45,3.91,3.91,4.07,-0.16000000000000014
France,FRA,2003,0.7700690525707865,-16.3764003984913,24704.825,0.6769724553189921,50.43819159707173,43.317152762401264,52.29930609417848,0.967831690385298,0.885163216727309,8.508333333333333,2.52,4.01,4.01,3.91,0.09999999999999964
France,FRA,2004,0.4621526400591319,19.4827208536731,24808.025,6.0045893574769975,50.43819159707173,44.2443781565345,54.91088427364188,2.868248965451573,0.804862094234843,8.875,2.24,3.64,3.64,4.01,-0.36999999999999966
France,FRA,2005,0.0267113442048469,17.7325613140785,24984.175,6.250503021183435,50.43819159707173,44.800018015235764,54.71236715703375,1.8885696480423797,0.804619415077062,8.891666666666666,2.46,3.54,3.54,3.64,-0.10000000000000009
France,FRA,2006,0.186371485882642,21.5077836542137,25150.15,5.769597342850176,50.43819159707173,45.50047891471028,55.635968055604685,2.714062951568819,0.796697220760242,8.85,2.3,3.33,3.33,3.54,-0.20999999999999996
France,FRA,2007,-0.2046601166167179,13.1366766314349,25586.675,5.473330297026264,50.43819159707173,46.071499029769285,57.362289830664366,2.5304253911803123,0.730485427146717,8.025,2.24,3.23,3.23,3.33,-0.10000000000000009
France,FRA,2008,-0.7831697233913606,-24.8723619249437,25926.425,1.2644584683890423,50.43819159707173,48.00893097457394,53.57296106075771,0.3801714358491284,0.683982339822683,7.441666666666667,1.72,2.99,2.99,3.23,-0.23999999999999977
France,FRA,2009,-0.530387202644733,-22.639371705691,25674.375,-8.92941837508974,50.43819159707173,46.68714357241204,43.70225093892508,-2.8245515371478027,0.719800423489554,9.125,1.85,3.23,3.23,2.99,0.23999999999999977
France,FRA,2010,-0.6773660849365849,14.4719899918522,25730.675,8.602158554720445,50.43819159707173,48.12306135210463,51.31174941723595,2.0003247603904972,0.755043518257105,9.283333333333331,2.13,3.08,3.08,3.23,-0.1499999999999999
France,FRA,2011,-0.8238053598290177,-1.94631095244769,25758.825,5.86988632053306,50.43819159707173,49.413298975874994,51.44881266859024,2.437576537290068,0.719158754470168,9.2,1.59,3.0,3.0,3.08,-0.08000000000000007
France,FRA,2012,-1.0209032069273254,-5.49108326610287,25804.225,0.3309618856413643,50.43819159707173,50.279597658067516,50.452441858653565,0.1838352649730013,0.778006210395884,9.758333333333333,1.46,2.84,2.84,3.0,-0.16000000000000014
France,FRA,2013,-0.692039731904263,18.675472353883,25785.3,2.74596088837268,50.43819159707173,50.16019108226422,50.445250065720295,0.7817520605252055,0.753297658306669,10.3,1.49,2.95,2.95,2.84,0.11000000000000032
France,FRA,2014,-0.9369315045462324,11.2383573893725,26376.0,4.26436616934075,50.43819159707173,50.23471274480228,49.11206493989723,0.9978373424042204,0.753695140645586,10.266666666666666,2.03,3.07,3.07,2.95,0.11999999999999966
France,FRA,2015,-0.3691194228455108,12.1580893777811,26441.8,5.819408163108324,50.43819159707173,50.01834052358963,50.205410777650734,1.0667590565272818,0.901451643908024,10.358333333333334,2.02,3.09,3.09,3.07,0.020000000000000018
France,FRA,2016,-0.5428674677040514,-7.63671794067744,26579.675,3.800563933405576,50.43819159707173,50.18291743056194,50.08765360932918,0.86002677554462,0.904281526915114,10.058333333333334,2.09,3.29,3.29,3.09,0.20000000000000018
France,FRA,2017,-0.4063294920441573,17.950406777721,26802.975,4.453762853492927,50.43819159707173,51.12447470865686,53.77550397648297,2.0836148599739865,0.887107173889516,9.416666666666666,1.96,3.27,3.27,3.29,-0.020000000000000018
France,FRA,2018,-0.5437011027236626,2.60543324240375,27021.375,3.1605960957040815,50.43819159707173,52.47040754157746,51.37653266554022,1.6459087239588726,0.847324485146496,9.016666666666667,1.83,3.11,3.11,3.27,-0.16000000000000014
France,FRA,2019,0.8799299949578283,1.70533968131832,27132.175,1.936112826178795,50.43819159707173,52.67037746144146,51.833662518999084,2.027450537733948,0.893348371188594,8.441666666666666,1.84,3.08,3.08,3.11,-0.029999999999999805
France,FRA,2020,-2.114178827630801,-7.08488304786012,26995.325,-12.237924932029376,50.43819159707173,52.60283275969604,39.02266028395175,-7.440649595001268,0.877541570440429,8.03333333333333,1.48,2.8,2.8,3.08,-0.28000000000000025
France,FRA,2021,0.2294756729931177,25.6036976620956,27727.6,8.263639674894764,50.43819159707173,54.04574903852546,50.78981157034849,6.882342147152275,0.845553392731664,7.875,1.39,2.85,2.85,2.8,0.050000000000000266
France,FRA,2022,-1.484849565234709,-1.13720714970272,28341.1,9.046576787985126,50.43819159707173,58.61535040851511,47.57675695298398,2.7167584964234117,0.950882523746784,7.316666666666667,1.33,2.68,2.68,2.85,-0.16999999999999993
United Kingdom,GBR,1988,-3.532354645894232,-11.3820917421174,25708.0,12.358823106251348,15.704669652625121,26.204699988227127,36.26404150618254,5.421495492538435,0.562152195832681,8.45,1.33,2.68,2.68,,
United Kingdom,GBR,1989,-4.0636073922104465,20.6877347700478,26549.0,7.118333440040977,17.486848890175196,28.35,35.685884533543266,2.4229742719588376,0.611413518523902,7.075,1.33,2.68,2.68,2.68,0.0
United Kingdom,GBR,1990,-3.0718731843733145,2.27213006161992,26818.0,0.4090506662482751,17.39742004358196,31.55,34.4726251425294,0.5680173949519611,0.563030125664294,6.825,1.33,2.68,2.68,2.68,0.0
United Kingdom,GBR,1991,-1.3138494390400977,10.8284859876728,26058.0,-4.5061535485214925,12.950111789556152,33.35,31.221313121086066,-1.4056871625037433,0.566894323112241,8.6,1.33,2.68,2.68,2.68,0.0
United Kingdom,GBR,1992,-1.5157776441209403,3.87368251360809,25435.0,6.550670884695095,11.955685592021045,33.25,33.24233912779284,0.2757876515409671,0.569730331767967,9.85,1.33,2.68,2.68,2.68,0.0
United Kingdom,GBR,1993,-1.3163039397195715,15.5708878958851,25088.0,3.114921934988492,12.407833531001947,33.05,34.74517560281232,2.2735966003192156,0.66603865776232,10.4,1.33,2.68,2.68,2.68,0.0
United Kingdom,GBR,1994,-0.4814837122799857,6.16550091371936,25253.0,5.743433720200404,14.039783151492216,33.550000000000004,37.94929042177324,3.418681245520797,0.653265505541989,9.525,1.33,2.68,2.68,2.68,0.0
United Kingdom,GBR,1995,-0.6667282707992902,6.62334142796561,25489.0,5.333226024962618,15.844559965075684,34.65,37.05938445192185,2.405679162414435,0.633697695774595,8.65,1.33,2.68,2.68,2.68,0.0
United Kingdom,GBR,1996,-0.5684050835751399,14.2691768127203,25727.0,9.20219031549457,21.82248967137096,35.7,37.33645997642322,2.614916034749688,0.640818980481159,8.125,1.33,2.68,2.68,2.68,0.0
United Kingdom,GBR,1997,-0.2027043239763849,22.5285079303604,26155.0,9.8637085841727,21.48603867502965,36.1,40.21779833871309,4.879985345389338,0.610501264771778,7.0,1.33,2.68,2.68,2.68,0.0
United Kingdom,GBR,1998,-0.4175292479886399,20.048962611245,26395.0,7.015011317530356,21.495076435170347,36.55,42.16850734579119,3.2463148322383195,0.603551144127612,6.275,2.41,3.75,3.75,2.68,1.0699999999999998
United Kingdom,GBR,1999,-2.1376156342580255,11.5618834793157,26691.0,7.440643713502865,19.52875126222414,37.15,43.705626728271795,2.9444586804041872,0.618086952118502,5.975,2.41,3.75,3.75,3.75,0.0
United Kingdom,GBR,2000,-1.8521686630296743,1.4071566753581,27483.5,9.11717733076078,22.85053990454545,37.300000000000004,45.46588696656488,4.52438076262652,0.660570959419346,5.45,2.41,3.75,3.75,3.75,0.0
United Kingdom,GBR,2001,-1.7814212779715997,-12.7524002334507,27711.5,5.939348048629869,26.169650104532614,38.099999999999994,46.62948076907254,2.3910223004350057,0.69428920040175,5.075,3.37,4.07,4.07,3.75,0.3200000000000003
United Kingdom,GBR,2002,-1.988789984648172,-17.2539806447618,27944.0,4.333399217772017,24.78213411367341,38.6,47.429448306131974,1.7090273676961143,0.66654228320575,5.175,2.45,3.91,3.91,4.07,-0.16000000000000014
United Kingdom,GBR,2003,-1.828353539241918,-11.9849115127622,28223.0,1.928118457964503,26.31011701147269,39.050000000000004,49.6113698097744,3.218516082186132,0.612278850640196,5.025,2.52,4.01,4.01,3.91,0.09999999999999964
United Kingdom,GBR,2004,-2.314219341849371,11.6877935915223,28533.25,7.134221207604112,30.954971322509813,39.6,48.50483555417655,2.326018550220913,0.545747185898468,4.75,2.24,3.64,3.64,4.01,-0.36999999999999966
United Kingdom,GBR,2005,-1.9909510001432391,14.0454383431821,28853.25,7.212713722205392,33.452399807645065,40.75,48.81648231651103,2.790654734679503,0.550103007736171,4.8,2.46,3.54,3.54,3.64,-0.10000000000000009
United Kingdom,GBR,2006,-3.1040945009742367,14.8611629380621,29140.75,9.9740282665298,38.36416293386043,41.95,54.473934605108724,2.1898212882980395,0.543382086230194,5.425,2.3,3.33,3.33,3.54,-0.20999999999999996
United Kingdom,GBR,2007,-3.712826144255859,8.12956014256186,29378.75,-0.8846058955891665,43.08494924711778,42.85,51.4002946597508,2.9309113329612617,0.499748115459572,5.325,2.24,3.23,3.23,3.33,-0.10000000000000009
United Kingdom,GBR,2008,-3.841239981850149,-16.1747386427026,29627.75,-1.33575252290482,48.75837177770115,44.85,51.89883504414588,-0.0494116545622491,0.545696415775903,5.7,1.72,2.99,2.99,3.23,-0.23999999999999977
United Kingdom,GBR,2009,-3.053408190944623,-14.9504052474708,29154.25,-7.24746269654794,51.25551255668139,44.95,44.548668322101896,-4.587408196328893,0.641314034757513,7.625,1.85,3.23,3.23,2.99,0.23999999999999977
United Kingdom,GBR,2010,-2.754296684261241,19.7576159552005,29227.0,8.650079060126675,54.34815423516963,46.3,55.50006103380375,2.2605446177703876,0.647462325898739,7.875,2.13,3.08,3.08,3.23,-0.1499999999999999
United Kingdom,GBR,2011,-1.6305926243079865,4.07922933581282,29374.5,2.741122569319814,48.369800615493205,48.699999999999996,44.737898654046205,0.8514377373098765,0.623809400683857,8.125,1.59,3.0,3.0,3.08,-0.08000000000000007
United Kingdom,GBR,2012,-3.116498267998987,0.883987624846855,29694.25,2.2586024172785306,47.49215836109311,49.3,44.32935650406261,1.5282603445570897,0.631076817868122,7.975,1.46,2.84,2.84,3.0,-0.16000000000000014
United Kingdom,GBR,2013,-4.514463364246939,12.7023630180083,30041.75,3.1790758330235014,52.45474002953803,50.25,47.52204831005944,1.718469620113609,0.639745653718866,7.6,1.49,2.95,2.95,2.84,0.11000000000000032
United Kingdom,GBR,2014,-4.815723819854875,3.28122080124195,30752.5,5.065275822347383,49.8654968401554,50.55,50.853645741120545,3.160173492692604,0.607363961321287,6.175,2.03,3.07,3.07,2.95,0.11999999999999966
United Kingdom,GBR,2015,-4.782429191458992,-1.31802105556657,31285.0,4.931773491965747,49.8950709250397,50.2,51.62022872851596,2.1404056110619716,0.654496101088525,5.35,2.02,3.09,3.09,3.07,0.020000000000000018
United Kingdom,GBR,2016,-5.24507982272148,-1.85382427468954,31745.5,4.480661240456829,56.48611074182453,51.0,50.949133530566975,2.206520216006735,0.740952732762407,4.9,2.09,3.29,3.29,3.09,0.20000000000000018
United Kingdom,GBR,2017,-3.379470556765092,13.9967828164184,32060.5,3.0615116485517766,62.05255075860604,53.099999999999994,53.364963794750885,3.023222178854964,0.77656438104649,4.425,1.96,3.27,3.27,3.29,-0.020000000000000018
United Kingdom,GBR,2018,-3.722763231392746,-0.31755629941027,32443.0,3.412496118035167,61.61255750265728,54.15,54.41977726040389,1.5513309622721243,0.749743805822197,4.1,1.83,3.11,3.11,3.27,-0.16000000000000014
United Kingdom,GBR,2019,-2.4794925433684827,-1.03713309935201,32918.75,3.0825317534428085,61.354292213766264,54.75,54.81505157201264,1.2562990120422075,0.783608901224983,3.825,1.84,3.08,3.08,3.11,-0.029999999999999805
United Kingdom,GBR,2020,-2.720358447230694,-13.7739175911495,32555.0,-15.18350968805827,70.09173451801459,54.95,48.908049533046864,-10.047896643494472,0.779717869643641,4.6,1.28,2.14,2.14,3.08,-0.94
United Kingdom,GBR,2021,-0.7560323285623503,11.502067932056,32551.5,5.2779477182467645,75.17208625918317,57.05,57.74782987534574,8.543111843708393,0.726969660494698,4.55,0.72,3.45,3.45,2.14,1.31
United Kingdom,GBR,2022,-1.9158456831188837,5.20940951983567,32955.5,13.914251100670755,78.4117511768596,64.2,54.662962678193445,5.149703902177769,0.811220349418094,3.8,1.0,3.21,3.21,3.45,-0.2400000000000002
Greece,GRC,1988,-1.9158456831188837,33.5299440512447,3651.16248,7.336515943073297,78.4117511768596,17.56798638901885,64.30872425613194,4.287889039242209,0.415718537539741,3.8,1.0,3.21,3.21,,
Greece,GRC,1989,-1.9158456831188837,22.8180486886227,3663.06687,10.472873746485954,78.4117511768596,19.106627796419502,64.06138639076605,3.7989619657772993,0.475666495475666,3.8,1.0,3.21,3.21,3.21,0.0
Greece,GRC,1990,-1.9158456831188837,188.033898537822,3713.21046,8.361502525732062,78.4117511768596,25.0045887042745,60.048747141084675,0.0003906417853828,0.46434739545121,3.8,1.0,3.21,3.21,3.21,0.0
Greece,GRC,1991,-1.9158456831188837,-1.63733833796694,3628.27206,5.8393648902052435,78.4117511768596,27.3928661214795,60.356391758585836,3.1016836595179704,0.534304377598435,3.8,1.0,3.21,3.21,3.21,0.0
Greece,GRC,1992,-1.9158456831188837,-21.3597369866555,3680.0391,1.0762836752603782,78.4117511768596,28.408151367947802,59.507194865821994,0.6971545485545237,0.558967571533382,3.8,1.0,3.21,3.21,3.21,0.0
Greece,GRC,1993,-1.9158456831188837,2.75131351209767,3715.36318,0.6290647576298873,78.4117511768596,30.6251828115333,56.760448852140016,-1.5991270647552336,0.672252090975789,3.8,1.0,3.21,3.21,3.21,0.0
Greece,GRC,1994,-1.9158456831188837,14.7546785028791,3786.157,1.49771273218615,78.4117511768596,31.4032490170499,59.52536925182628,1.9998470480269328,0.710909904622157,3.8,1.0,3.21,3.21,3.21,0.0
Greece,GRC,1995,-1.9158456831188837,-3.75428821322852,3820.51027,8.946869937607262,78.4117511768596,32.75342088894608,61.116311496832544,2.0998134957825663,0.679613206162876,3.8,1.0,3.21,3.21,3.21,0.0
Greece,GRC,1996,-1.9158456831188837,5.36939115763864,3868.2831,6.998093709240512,78.4117511768596,34.701361642515195,60.38526572609294,2.3584020418631946,0.706262631450232,3.8,1.0,3.21,3.21,3.21,0.0
Greece,GRC,1997,-1.9158456831188837,57.9423437043654,3853.33532,14.168502977167217,78.4117511768596,35.06633214009189,62.599167067303355,3.637608174839867,0.801017534849596,11.9833333333333,1.0,3.21,3.21,3.21,0.0
Greece,GRC,1998,-1.9158456831188837,47.8839596012335,4017.9,9.243973553447509,78.4117511768596,36.220854667566144,71.04336657162503,3.363683540123597,0.866532183908046,11.9833333333333,2.41,3.75,3.75,3.21,0.54
Greece,GRC,1999,-1.9158456831188837,103.013168337441,4031.3,15.036463423802726,78.4117511768596,36.048239996718436,67.35961708330034,3.4196713829301757,0.897116923453167,11.9833333333333,2.41,3.75,3.75,3.75,0.0
Greece,GRC,2000,-6.893150180606017,-5.71771265407481,4088.475,15.074178158290296,78.4117511768596,37.399910998391775,146.3642712418985,4.477200260379316,1.06859672291514,11.2333333333333,2.41,3.75,3.75,3.75,0.0
Greece,GRC,2001,-6.893150180606017,-34.868638728547,4202.175,1.4195578954235308,78.4117511768596,38.720006041245206,122.94052688538368,4.650414147230562,1.11663108339447,10.675,3.37,4.07,4.07,3.75,0.3200000000000003
Greece,GRC,2002,-6.893150180606017,-23.7040760666749,4264.775,-5.940950877361506,78.4117511768596,40.19176710984087,159.69290244648582,4.683137135241194,1.06106513282085,10.3333333333333,2.45,3.91,3.91,4.07,-0.16000000000000014
Greece,GRC,2003,-8.421732499173075,-11.4151719999335,4353.175,6.371754428635119,78.4117511768596,41.49737191501239,146.15261919260638,5.79682308542361,0.885163216727309,9.74166666666667,2.52,4.01,4.01,3.91,0.09999999999999964
Greece,GRC,2004,-7.50489799273424,27.6391450817232,4389.3,6.994154474015523,78.4117511768596,42.33324212868719,128.66663139035398,5.3778662069547725,0.804862094234843,10.6083333333333,2.24,3.64,3.64,4.01,-0.36999999999999966
Greece,GRC,2005,-8.899891209764457,29.3492749925964,4443.5,0.1421025837440638,78.4117511768596,44.105715884068914,90.29751496220166,1.1835062537048646,0.804619415077062,10.0083333333333,2.46,3.54,3.54,3.64,-0.10000000000000009
Greece,GRC,2006,-11.55036532234962,26.6549741955764,4527.525,9.784435105759316,78.4117511768596,45.284097885756694,100.6436596278276,6.4433977312990445,0.796697220760242,9.03333333333333,2.3,3.33,3.33,3.54,-0.20999999999999996
Greece,GRC,2007,-14.815602372141324,21.9518472511294,4563.975,12.9202100327832,78.4117511768596,46.39833917204248,111.60570594947752,3.506870050430035,0.730485427146717,8.41666666666666,2.24,3.23,3.23,3.33,-0.10000000000000009
Greece,GRC,2008,-14.758124760273311,-30.1151605951222,4610.375,3.2281930326221135,78.4117511768596,48.89395363432942,110.94101180125999,0.0574738546767061,0.683982339822683,7.76666666666667,1.72,2.99,2.99,3.23,-0.23999999999999977
Greece,GRC,2009,-12.261315587308726,-36.0931106760201,4555.95,-19.63381692407125,78.4117511768596,47.989119472294334,88.81959746959963,-4.119276164047598,0.719800423489554,9.75,1.85,3.23,3.23,2.99,0.23999999999999977
Greece,GRC,2010,-9.495420759584691,-21.3679606296165,4389.675,-4.265604873596813,78.4117511768596,51.97377637280541,69.69219368162702,-5.693741532327962,0.755043518257105,12.9583333333333,2.13,3.08,3.08,3.23,-0.1499999999999999
Greece,GRC,2011,-8.845733678102397,-31.7879655294599,4054.325,-9.782213544157388,78.4117511768596,52.9344118569485,48.31344768265338,-9.87677877198603,0.719158754470168,18.0916666666667,1.59,3.0,3.0,3.08,-0.08000000000000007
Greece,GRC,2012,-3.619979623240472,-38.9877400998341,3694.975,-5.4923614309177795,78.4117511768596,52.79005799357107,42.42340547506788,-8.331134344575613,0.778006210395884,24.8083333333333,1.46,2.84,2.84,3.0,-0.16000000000000014
Greece,GRC,2013,-1.4746847851867757,40.3807326556425,3513.15,-3.609661347397078,78.4117511768596,51.09923873213909,44.903531033731674,-2.2721166578956864,0.753297658306669,27.825,1.49,2.95,2.95,2.84,0.11000000000000032
Greece,GRC,2014,-1.020093011410216,14.9831106305837,3536.25,6.837216748698827,78.4117511768596,50.22716293115897,51.71993325776219,0.7922248264452695,0.753695140645586,26.65,2.03,3.07,3.07,2.95,0.11999999999999966
Greece,GRC,2015,-1.1294923116992892,-35.5620725206652,3610.675,8.177098382535435,78.4117511768596,49.132048814001266,50.882109517812175,-0.2283016053434998,0.901451643908024,24.9833333333333,2.02,3.09,3.09,3.07,0.020000000000000018
Greece,GRC,2016,-2.0542503995055816,-22.1224878594181,3673.55,2.1298424567926855,78.4117511768596,49.1743424101528,54.13286402777732,-0.0317952842078028,0.904281526915114,23.875,2.09,3.29,3.29,3.09,0.20000000000000018
Greece,GRC,2017,-2.327222751182195,28.5295210501128,3752.675,7.14852256840235,78.4117511768596,50.70380135236322,48.0071324510569,1.4731246696129734,0.887107173889516,21.8416666666667,1.96,3.27,3.27,3.29,-0.020000000000000018
Greece,GRC,2018,-3.199327950125734,0.800575037177181,3827.95,8.25082788251001,78.4117511768596,50.76968805905762,47.243157692449635,2.0646724761320097,0.847324485146496,19.7416666666667,1.83,3.11,3.11,3.27,-0.16000000000000014
Greece,GRC,2019,-1.5817341462866987,6.80156187402564,3911.025,2.819819127681429,78.4117511768596,50.71102642213232,47.0486132078537,2.2771807012068876,0.893348371188594,17.8833333333333,1.84,3.08,3.08,3.11,-0.029999999999999805
Greece,GRC,2020,-4.939945100630492,-13.6535945800228,3875.375,-7.2954894731895,78.4117511768596,49.32926357029954,44.10523773323168,-9.196231624975551,0.877541570440429,17.6166666666667,1.48,2.8,2.8,3.08,-0.28000000000000025
Greece,GRC,2021,-6.624929014128787,26.486362206249,3928.0,17.373217733605344,78.4117511768596,51.17650292537031,54.93702240451992,8.654498078108375,0.845553392731664,14.7916666666667,1.39,2.85,2.85,2.8,0.050000000000000266
Greece,GRC,2022,-10.492966518385469,0.7486190012418,4140.6,10.96438953293116,78.4117511768596,60.264307409465054,56.699163709552856,5.743649164821636,0.950882523746784,12.4583333333333,1.33,2.68,2.68,2.85,-0.16999999999999993
Croatia,HRV,1998,-10.492966518385469,-24.9219016176322,4140.6,10.96438953293116,78.4117511768596,64.88333333333334,85.07585644231588,5.743649164821636,1.0850960701301984,15.591666666666663,1.33,2.68,2.68,,
Croatia,HRV,1999,-10.492966518385469,-13.3073622402891,4140.6,10.96438953293116,78.4117511768596,35.75416666666666,40.60400561806368,5.743649164821636,1.0850960701301984,15.591666666666663,4.51,10.05,10.05,2.68,7.370000000000001
Croatia,HRV,2000,-10.492966518385469,25.5408170161523,1527.15,10.96438953293116,78.4117511768596,37.6125,56.68461129762901,5.743649164821636,1.0850960701301984,15.591666666666663,4.51,10.05,10.05,10.05,0.0
Croatia,HRV,2001,-10.492966518385469,14.0495463310071,1527.15,10.96438953293116,78.4117511768596,38.52083333333333,50.670445339020205,5.743649164821636,1.116631088336356,16.0,4.51,10.05,10.05,10.05,0.0
Croatia,HRV,2002,-10.492966518385469,20.1660644862299,1527.15,10.96438953293116,78.4117511768596,38.09583333333333,55.067236047061876,5.743649164821636,1.0610651328208451,15.291666666666664,4.76,4.76,4.76,10.05,-5.290000000000001
Croatia,HRV,2003,-10.492966518385469,-3.25049439824821,1536.35,10.96438953293116,78.4117511768596,38.79166666666667,61.38854630453425,5.743649164821636,0.8851632167273088,14.075,2.55,4.5,4.5,4.76,-0.2599999999999998
Croatia,HRV,2004,-10.492966518385469,13.7820612191567,1562.65,10.96438953293116,78.4117511768596,39.712500000000006,59.44211159123921,5.743649164821636,0.8048620942348433,13.858333333333334,1.27,4.25,4.25,4.5,-0.25
Croatia,HRV,2005,-10.492966518385469,49.5150437012124,1572.9,10.96438953293116,78.4117511768596,41.63333333333333,60.863852023743284,5.743649164821636,0.8046194150770618,13.024999999999997,1.16,3.95,3.95,4.25,-0.2999999999999998
Croatia,HRV,2006,-10.492966518385469,44.2862913951252,1586.2,10.96438953293116,78.4117511768596,42.83750000000001,66.37245238698546,5.743649164821636,0.7966972207602415,11.658333333333331,1.11,4.08,4.08,3.95,0.1299999999999999
Croatia,HRV,2007,-10.492966518385469,68.6515361755031,1733.725,10.96438953293116,78.4117511768596,43.87916666666667,68.85275051859605,5.743649164821636,0.7304854271467169,9.933333333333332,1.13,4.06,4.06,4.08,-0.020000000000000462
Croatia,HRV,2008,-10.492966518385469,-29.4083232005073,1770.525,10.96438953293116,78.4117511768596,48.06666666666666,72.97338939697683,5.743649164821636,0.6839823398226833,8.583333333333334,1.12,4.03,4.03,4.06,-0.02999999999999936
Croatia,HRV,2009,-10.492966518385469,-43.2858634294477,1756.975,10.96438953293116,78.4117511768596,47.291666666666664,60.2812113282856,5.743649164821636,0.7198004234895539,9.291666666666666,1.31,4.27,4.27,4.03,0.23999999999999932
Croatia,HRV,2010,-10.492966518385469,6.33749526209994,1690.175,10.96438953293116,78.4117511768596,47.0875,55.630058494418826,5.743649164821636,0.755043518257105,11.758333333333333,1.34,4.17,4.17,4.27,-0.09999999999999964
Croatia,HRV,2011,-10.492966518385469,4.51123819991102,1624.9,10.96438953293116,78.4117511768596,48.75,53.97376681983702,5.743649164821636,0.7191587544701675,13.508333333333336,1.34,4.37,4.37,4.17,0.20000000000000018
Croatia,HRV,2012,-10.492966518385469,-16.3994121482678,1553.775,10.96438953293116,78.4117511768596,50.9625,47.65395600442802,5.743649164821636,0.7780062103958844,15.875,1.44,4.38,4.38,4.37,0.009999999999999787
Croatia,HRV,2013,-10.492966518385469,6.80928153573051,1506.9,10.96438953293116,78.4117511768596,51.46250000000001,48.092789115998364,5.743649164821636,0.7532976583066694,17.425,1.49,2.95,2.95,4.38,-1.4299999999999997
Croatia,HRV,2014,-10.492966518385469,-3.35982607072073,1537.175,10.96438953293116,78.4117511768596,50.129166666666656,48.56363178517426,5.743649164821636,0.7536951406455863,17.200000000000003,2.03,3.07,3.07,2.95,0.11999999999999966
Croatia,HRV,2015,-10.492966518385469,-3.58902717569503,1552.25,10.96438953293116,78.4117511768596,49.770833333333336,50.944705149896976,5.743649164821636,0.9014516439080243,16.091666666666665,2.02,3.09,3.09,3.07,0.020000000000000018
Croatia,HRV,2016,-10.492966518385469,3.33123624690257,1546.375,10.96438953293116,78.4117511768596,48.87916666666667,54.410024795486486,5.743649164821636,0.9042815269151138,13.275,2.09,3.29,3.29,3.09,0.20000000000000018
Croatia,HRV,2017,-10.492966518385469,7.99939768275686,1562.075,10.96438953293116,78.4117511768596,50.57083333333333,53.64139156081546,5.743649164821636,0.8871071738895161,10.941666666666668,1.96,3.27,3.27,3.29,-0.020000000000000018
Croatia,HRV,2018,-10.492966518385469,-6.36849057255332,1574.825,10.96438953293116,78.4117511768596,51.49166666666666,53.59116006222127,5.743649164821636,0.8473244851464959,8.300000000000002,1.83,3.11,3.11,3.27,-0.16000000000000014
Croatia,HRV,2019,-10.492966518385469,4.5771412633321,1588.425,10.96438953293116,78.4117511768596,51.520833333333336,56.251595028770964,5.743649164821636,0.8933483711885941,6.566666666666666,1.84,3.08,3.08,3.11,-0.029999999999999805
Croatia,HRV,2020,-10.492966518385469,-11.821125839142168,1563.95,10.96438953293116,78.4117511768596,55.53194444444445,54.35102494590845,5.743649164821636,0.8775415704404294,7.65,1.48,2.8,2.8,3.08,-0.28000000000000025
Croatia,HRV,2021,-10.492966518385469,16.50327785829593,1584.025,10.96438953293116,78.4117511768596,59.543055555555554,62.262829124529645,5.743649164821636,0.8455533927316643,7.5,1.39,2.85,2.85,2.8,0.050000000000000266
Croatia,HRV,2022,-10.492966518385469,3.5641519020367785,1606.8,10.96438953293116,78.4117511768596,63.55416666666667,61.081323197054076,5.743649164821636,0.9508825237467844,6.7250000000000005,1.33,2.68,2.68,2.85,-0.16999999999999993
Hungary,HUN,1988,-10.492966518385469,3.5641519020367785,1606.8,10.96438953293116,4.427785824536621,10.616749826721245,22.61935626870998,5.743649164821636,50.4132083333333,6.7250000000000005,1.33,2.68,2.68,,
Hungary,HUN,1989,-10.492966518385469,3.5641519020367785,1606.8,10.96438953293116,4.427785824536621,11.802007582963055,19.59974907344149,5.743649164821636,59.0663416666667,6.7250000000000005,10.07,10.37,10.37,2.68,7.6899999999999995
Hungary,HUN,1990,-10.492966518385469,-10.8334023007531,4026.0,10.96438953293116,4.427785824536621,18.327839060704136,15.184383147798494,5.743649164821636,63.2058666666667,6.7250000000000005,10.07,10.37,10.37,10.37,0.0
Hungary,HUN,1991,-10.492966518385469,-10.8334023007531,4026.0,10.96438953293116,20.649021033625715,22.994318562659252,7.241592374790434,5.743649164821636,74.7692790402922,6.7250000000000005,10.07,10.37,10.37,10.37,0.0
Hungary,HUN,1992,-10.492966518385469,-10.8334023007531,4026.0,10.96438953293116,22.58723303370209,18.7347070744217,14.589505945193268,5.743649164821636,78.9894272005822,6.7250000000000005,9.515,9.91,9.91,10.37,-0.4599999999999991
Hungary,HUN,1993,-3.857371617107957,4.21384815296082,3770.0,10.96438953293116,14.972576954848595,19.690540006495553,15.794612281013505,5.743649164821636,91.9092944571749,6.7250000000000005,8.96,9.45,9.45,9.91,-0.46000000000000085
Hungary,HUN,1994,-3.857371617107957,76.0598503740648,3644.0,6.9696811428141645,12.796181709352165,19.488400442073,19.884518532991212,0.1012366998800539,105.121027060158,9.91666666666667,8.846666666666668,9.266666666666666,9.266666666666666,9.45,-0.18333333333333357
Hungary,HUN,1995,-3.857371617107957,-13.6027923917442,3575.0,6.9696811428141645,13.893438984911777,27.0530266907146,25.942461819682926,0.1012366998800539,125.720324483118,9.91666666666667,8.733333333333333,9.083333333333334,9.083333333333334,9.266666666666666,-0.1833333333333318
Hungary,HUN,1996,-3.9843489832072105,109.385795421278,3557.0,6.9696811428141645,19.355544811543908,27.66238418733375,21.042148107260815,0.1012366998800539,152.609029733542,9.91666666666667,8.62,8.9,8.9,9.083333333333334,-0.18333333333333357
Hungary,HUN,1997,-4.598572454122954,119.216464863958,3567.0,24.02570199048948,18.756525421036436,27.996015877710903,28.16848366086741,2.977876687991242,186.628637317932,9.05,4.48,8.84,8.84,8.9,-0.0600000000000005
Hungary,HUN,1998,-7.661119585767885,7.98785621348573,3636.0,22.582279583103073,20.407486750056446,28.58743807517545,32.376072333416666,3.848110473327668,214.2611353049124,8.70833333333333,5.166,8.654,8.654,8.84,-0.18599999999999994
Hungary,HUN,1999,-8.435684004992245,-4.78879228879229,3791.475,13.187763161572372,19.787732650829525,28.659984280537145,32.97619370988429,3.0860576849975176,237.063184861033,6.86666666666667,5.852,8.468,8.468,8.654,-0.18599999999999994
Hungary,HUN,2000,-8.754767906975092,30.1491526264857,3829.1,23.149567350840716,23.73959507199819,30.882558921696685,41.07951600856336,4.4093755639851295,282.286156251961,6.26666666666667,6.538,8.282,8.282,8.468,-0.18599999999999994
Hungary,HUN,2001,-6.188883780234266,-21.0867639211224,3868.275,5.804880611091565,25.492137554611205,32.907775394822,37.49843283129518,4.062025333628299,286.491416682352,5.575,7.224,8.096,8.096,8.282,-0.18599999999999994
Hungary,HUN,2002,-6.35302826703414,12.5323423957877,3870.65,8.671421388967026,24.180542302235835,32.474816385245376,42.08224082449756,4.73006408142372,257.884059677768,5.58333333333333,7.91,7.91,7.91,8.096,-0.18599999999999994
Hungary,HUN,2003,-8.223019273573255,8.10399588822108,3921.9,9.48675261515579,28.953137863656533,33.563545730929576,42.718027357720416,3.938779068563433,224.297245953322,5.74166666666667,5.075,5.775,5.775,7.91,-2.135
Hungary,HUN,2004,-9.076072007047598,39.8185791577041,3900.35,18.104090250327644,30.27698865983864,36.71167500159763,45.72546487882468,4.963123521198672,202.609358860343,6.06666666666667,2.24,3.64,3.64,5.775,-2.1350000000000002
Hungary,HUN,2005,-7.236332267019412,61.8390273990553,3901.475,7.9718757713465,34.655310030072705,36.307652215909776,52.19261695933068,4.30028378260719,199.52678654558,7.175,2.46,3.54,3.54,3.64,-0.10000000000000009
Hungary,HUN,2006,-7.373503906545033,18.6316965259367,3928.375,15.08693616158331,40.342391764387315,37.8490761699575,53.04817746747196,3.933931966295068,210.401590344438,7.45833333333333,2.3,3.33,3.33,3.54,-0.20999999999999996
Hungary,HUN,2007,-7.246726595956272,15.7952619825573,3901.975,14.030557597954449,40.28543796162694,42.71919493653654,49.15465145582911,0.332354121784909,183.594690915365,7.39166666666667,2.24,3.23,3.23,3.33,-0.10000000000000009
Hungary,HUN,2008,-7.273429278718808,-24.311467372764,3848.325,5.87561308269568,44.05529654112968,44.10193724645931,46.58346146481554,0.9934373763348228,172.464466872138,7.8,1.72,2.99,2.99,3.23,-0.23999999999999977
Hungary,HUN,2009,-1.316260118680008,-18.7481846147509,3747.725,-14.202626257363114,46.85981024845701,44.9167366848714,34.70316324045028,-6.740165465012024,202.062161247569,9.675,1.85,3.23,3.23,2.99,0.23999999999999977
Hungary,HUN,2010,-0.0876928876656963,40.1268260436686,3732.4,9.78895836212188,45.02445259063241,47.317366937995914,44.38149307795385,1.0679504907834658,207.76418530805,10.8,2.13,3.08,3.08,3.23,-0.1499999999999999
Hungary,HUN,2011,0.3455413101108203,-8.66655740973134,3759.05,4.069772076610573,45.83394667931567,48.61867379346638,43.3982603618118,1.9167098744044595,200.906804073342,10.6583333333333,1.59,3.0,3.0,3.08,-0.08000000000000007
Hungary,HUN,2012,1.132576817590817,-12.0211644798647,3827.2,-3.092765523876091,43.765889560227826,52.11672148749109,39.79895419962671,-1.3394850805501866,224.822812417655,10.5833333333333,1.46,2.84,2.84,3.0,-0.16000000000000014
Hungary,HUN,2013,2.950013975788842,3.2630472435162,3892.725,4.152122061092218,47.75453927872848,51.01155427971454,44.7729949392183,2.032169431561212,223.581722269277,9.63333333333333,1.49,2.95,2.95,2.84,0.11000000000000032
Hungary,HUN,2014,0.7516093497346653,-3.89291008140767,4100.825,10.888283267290957,49.823382742102226,49.9170582165908,52.0472191170679,4.334354183242465,232.619142512077,7.45833333333333,2.03,3.07,3.07,2.95,0.11999999999999966
Hungary,HUN,2015,2.194991280042573,17.2805586585479,4210.5,5.671209550489362,52.341680680705245,49.96917765996795,52.94709565660716,3.6598148401432424,279.193980574377,6.51666666666667,2.02,3.09,3.09,3.07,0.020000000000000018
Hungary,HUN,2016,4.46251576176369,28.9397638115169,4351.65,3.446195449532863,54.56669720504268,50.39476930668621,44.500171074212595,2.4386422028680466,281.520989632348,4.88333333333333,2.09,3.29,3.29,3.09,0.20000000000000018
Hungary,HUN,2017,1.7376221745088152,31.5475654545595,4421.4,8.418913376424621,62.085716982736045,52.55026253577778,59.36605688733968,4.124184474933098,274.476448600916,4.05,1.96,3.27,3.27,3.29,-0.020000000000000018
Hungary,HUN,2018,0.3183735072427999,5.5502335658301,4459.25,6.98382739891694,72.06802020985107,54.2656124899902,62.67161502001894,5.606136822143054,270.221171466215,3.4916666666666663,1.83,3.11,3.11,3.27,-0.16000000000000014
Hungary,HUN,2019,-0.5638979305114598,10.0993461933897,4495.025,8.186356805228803,73.9414240341892,56.273907043182064,69.59702371477228,5.077186509502487,290.602609417153,3.2583333333333333,1.84,3.08,3.08,3.11,-0.029999999999999805
Hungary,HUN,2020,-0.953174435276118,-10.3417264270268,4430.525,-3.603873261789049,86.93762282433913,58.08454143290466,55.602246327700705,-4.338726491273438,307.991307947487,4.125,1.48,2.8,2.8,3.08,-0.28000000000000025
Hungary,HUN,2021,-4.050109576589752,29.3266770534512,4617.025,7.709190328814103,102.7248462391156,61.86031859592129,70.53048081092065,7.222916123635067,303.157299203212,4.05,1.39,2.85,2.85,2.8,0.050000000000000266
Hungary,HUN,2022,-8.837378147238041,-9.40682711865864,4682.65,10.92011412606124,117.8966828934243,75.2722436992702,70.69593721069951,4.15238057938354,372.574270421607,3.6666666666666665,1.33,2.68,2.68,2.85,-0.16999999999999993
Indonesia,IDN,1988,-8.837378147238041,-9.40682711865864,69828.238,10.92011412606124,117.8966828934243,8.190297579027042,70.69593721069951,4.15238057938354,1685.70416666667,3.6666666666666665,14.54,14.54,14.54,,
Indonesia,IDN,1989,-8.837378147238041,-9.40682711865864,70743.565,18.82322612930068,2.0440357970648972,7.642765878282573,70.69593721069951,8.92772558429459,1770.05916666667,3.6666666666666665,14.54,14.54,14.54,14.54,0.0
Indonesia,IDN,1990,-8.837378147238041,-9.40682711865864,75850.0,18.82322612930068,2.0440357970648972,8.691373584891378,70.69593721069951,8.92772558429459,1842.81333333333,3.6666666666666665,15.09,15.09,15.09,14.54,0.5500000000000007
Indonesia,IDN,1991,-8.837378147238041,-9.40682711865864,76420.0,18.82322612930068,2.0440357970648972,9.941707743954993,52.3591841372676,8.92772558429459,1950.3175,3.6666666666666665,14.23,14.23,14.23,15.09,-0.8599999999999994
Indonesia,IDN,1992,-8.837378147238041,-9.40682711865864,78520.0,7.392022205738073,11.733490124155136,9.387573034577631,52.3591841372676,6.52411798921207,2029.92083333333,3.6666666666666665,13.37,13.37,13.37,14.23,-0.8600000000000012
Indonesia,IDN,1993,-8.837378147238041,-9.40682711865864,79200.0,16.432933305407158,11.187515469701598,11.005888758959468,52.3591841372676,7.9554371385332,2085.6959191513174,3.6666666666666665,12.51,12.51,12.51,13.37,-0.8599999999999994
Indonesia,IDN,1994,-8.837378147238041,-9.40682711865864,82040.0,20.295217075131095,12.601610802916309,10.962363249468915,75.71560667822533,7.53996880912155,2158.764901282342,3.6666666666666665,11.675,11.7,11.7,12.51,-0.8100000000000005
Indonesia,IDN,1995,-8.837378147238041,-9.40682711865864,80110.0,20.939007964705024,14.415296593575455,12.037337928352251,52.081393152147065,8.22014606888267,2243.4910069928032,3.6666666666666665,10.84,10.89,10.89,11.7,-0.8099999999999987
Indonesia,IDN,1996,-8.837378147238041,-9.40682711865864,85702.0,6.864758590813656,16.92268130200948,11.898035568739195,47.89612267997477,7.81799246416491,2327.0917360926833,3.6666666666666665,7.73,7.73,7.73,10.89,-3.16
Indonesia,IDN,1997,-8.837378147238041,29.7902924603885,87050.0,14.715975671000512,16.72169704362601,11.517041080083136,52.88508422665747,4.69990415608783,2883.5053671578407,3.6666666666666665,15.06,15.06,15.06,7.73,7.33
Indonesia,IDN,1998,-8.837378147238041,29.7902924603885,87672.0,-5.290133272673563,35.93311923315514,42.54170583050798,31.90893950462131,-13.1267485739623,10249.230584180312,3.6666666666666665,5.48,5.48,5.48,15.06,-9.58
Indonesia,IDN,1999,-8.837378147238041,29.7902924603885,88817.0,-40.67523812185283,19.456073693800217,26.281958122444358,42.76895363340587,0.791152861456172,7848.940544795925,3.6666666666666665,6.05,6.05,6.05,5.48,0.5699999999999994
Indonesia,IDN,2000,-8.837378147238041,-6.35500721498174,89837.7,25.933970239247103,12.693160207987487,18.47911899946332,37.075217433841274,4.92004138630957,8394.52976974393,3.6666666666666665,5.16,5.16,5.16,6.05,-0.8899999999999997
Indonesia,IDN,2001,-8.837378147238041,-20.5965229925612,90807.4,4.1798610453278835,16.42528327846887,24.29789152906431,43.48384108138629,3.64346644721548,10252.974341761295,3.6666666666666665,4.14,4.35,4.35,5.16,-0.8100000000000005
Indonesia,IDN,2002,0.5772527787257339,11.9296553614749,91647.2,-4.249453529609182,13.93819565966708,26.705104812383134,44.331433233709014,4.4994753908569,9318.725400602129,3.6666666666666665,4.38,5.07,5.07,4.35,0.7200000000000006
Indonesia,IDN,2003,0.5772527787257339,12.9409490816219,90784.9,1.563733655653693,13.505078619961177,25.536188737181117,47.762196964163195,4.78036912167578,8573.725303892968,3.6666666666666665,4.04,4.86,4.86,5.07,-0.20999999999999996
Indonesia,IDN,2004,0.5772527787257339,56.0015696013357,93722.0,26.65329212781545,14.698292739346835,26.53320646700966,48.190823806149275,5.03087394501789,8931.51697879415,3.6666666666666665,4.02,5.03,5.03,4.86,0.16999999999999993
Indonesia,IDN,2005,0.1462301092936532,36.6883314339894,94453.0,17.768957763467906,18.796000735673573,31.18440229159203,47.7753592929703,5.69257130383465,9701.28653224794,3.6666666666666665,3.97,5.38,5.38,5.03,0.34999999999999964
Indonesia,IDN,2006,2.6119643757202997,30.8652043211013,95317.0,8.582669521538074,22.270634026886796,35.91485981262264,45.54940771497179,5.50095178520269,9164.027344093103,3.6666666666666665,3.53,4.85,4.85,5.38,-0.5300000000000002
Indonesia,IDN,2007,2.1861832557471645,52.7785233972464,98757.0,9.064254323389958,24.601142519074063,34.44480552371501,51.73585734071434,6.3450222445488,9139.407610264132,3.6666666666666665,2.9,3.87,3.87,4.85,-0.9799999999999995
Indonesia,IDN,2008,0.0580578617553142,-3.41859858153074,102301.0,10.002558192274147,27.7950612756659,39.54982457451969,51.9258992939666,6.01370250263283,9663.874300065876,3.6666666666666665,4.38,4.38,4.38,3.87,0.5099999999999998
Indonesia,IDN,2009,1.8538588946449568,-5.84481136660506,104678.0,-9.274327258911814,30.694160153378803,38.140226894485195,51.645884580498475,4.70176851705064,10376.833748980496,3.6666666666666665,1.71,2.55,2.55,4.38,-1.83
Indonesia,IDN,2010,0.8609484970069583,54.4591401993551,107807.0,16.58465112562569,31.3825343562311,40.35971372842229,28.503990368751825,6.37762568565668,9078.026534757511,3.6666666666666665,2.56,4.74,4.74,2.55,2.1900000000000004
Indonesia,IDN,2011,0.2020416796371549,21.9805331701671,110475.0,15.028882713988295,37.38865914997599,42.49482649299208,43.32664579851096,6.16978420771008,8760.847240259738,3.6666666666666665,2.62,4.79,4.79,4.74,0.04999999999999982
Indonesia,IDN,2012,-2.671721439534157,10.1278620954901,111806.0,7.998411217022163,44.16887669922078,43.66052328390403,45.036021947605015,6.03005065305615,9355.079349394568,3.6666666666666665,2.54,4.83,4.83,4.79,0.040000000000000036
Indonesia,IDN,2013,-3.163223800384658,11.8555840491142,111806.0,1.8618966622627575,46.64254931399199,47.38953650713466,48.56150358544304,5.55726368891012,10449.962300803065,3.6666666666666665,2.37,4.66,4.66,4.83,-0.16999999999999993
Indonesia,IDN,2014,-3.104777715296675,6.89093256205225,111806.0,2.119702350386814,50.01128968504786,50.20623742625649,50.10801044143601,5.00666842575497,11866.343853127551,3.6666666666666665,2.46,4.906666666666667,4.906666666666667,4.66,0.24666666666666703
Indonesia,IDN,2015,-2.0405544894318752,-0.0018166648952693,111806.0,-6.249011051618876,56.50808033918499,53.181560565578046,52.38047522530732,4.87632230022123,13386.05901640628,3.6666666666666665,2.5500000000000003,5.153333333333333,5.153333333333333,4.906666666666667,0.24666666666666615
Indonesia,IDN,2016,-1.8305152770896913,2.36109434485714,111806.0,-2.405113085419597,57.769976864962324,53.52580515687931,54.01316284852351,5.03306918280178,13307.61820063994,3.6666666666666665,2.64,5.4,5.4,5.153333333333333,0.24666666666666703
Indonesia,IDN,2017,-1.576467462219471,14.2657358942617,111806.0,8.067946248975897,64.24646084545007,55.63884604734661,56.83814958758843,5.06978590134918,13381.479496047425,3.6666666666666665,2.06,5.67,5.67,5.4,0.2699999999999996
Indonesia,IDN,2018,-2.9351558958472106,6.03880975077462,111806.0,12.136016142170549,66.87244600281184,57.05223398037508,58.695950104180696,5.17429153955026,14232.88005521049,3.6666666666666665,2.0,5.89,5.89,5.67,0.21999999999999975
Indonesia,IDN,2019,-2.664021717224635,3.47833226850646,111806.0,-7.126940517633094,66.87244600281184,58.64890715403104,60.951001415016506,5.01928768046282,14150.284619486789,3.6666666666666665,2.0,6.14,6.14,5.89,0.25
Indonesia,IDN,2020,-0.4527188340475958,-16.856374561642,111806.0,-17.604957012156934,66.87244600281184,59.19040107167144,47.92633810331026,-2.06551182934166,14593.090288757126,3.6666666666666665,2.04,5.88,5.88,6.14,-0.2599999999999998
Indonesia,IDN,2021,0.2588492714335347,18.7722356977397,111806.0,24.85838257439907,66.87244600281184,59.91896608143874,60.73025157469317,3.702885628277543,14307.816704310177,3.6666666666666665,1.83,5.65,5.65,5.88,-0.22999999999999954
Indonesia,IDN,2022,0.9861381939200436,11.913262464844,111806.0,14.995684622381694,66.87244600281184,63.73308130980623,61.255784228362884,5.307197226647997,14845.711582439302,3.6666666666666665,1.83,5.73,5.73,5.65,0.08000000000000007
India,IND,1988,0.9861381939200436,14.7793243217735,111806.0,14.995684622381694,9.18267954540411,11.309486260053351,61.255784228362884,5.307197226647997,13.9170833333333,3.6666666666666665,56.36,56.36,56.36,,
India,IND,1989,0.9861381939200436,28.6962684101384,111806.0,14.995684622381694,10.297312446344424,10.623053498266376,61.255784228362884,5.307197226647997,16.2255,3.6666666666666665,56.36,56.36,56.36,56.36,0.0
India,IND,1990,0.9861381939200436,35.7887020587969,111806.0,14.995684622381694,10.014762732162144,12.207222636399315,61.255784228362884,5.307197226647997,17.5035,3.6666666666666665,56.36,56.36,56.36,56.36,0.0
India,IND,1991,0.9861381939200436,51.1764871956545,111806.0,14.995684622381694,9.283196122855529,15.72773464168115,61.255784228362884,5.307197226647997,22.7424333333333,3.6666666666666665,41.685,41.685,41.685,56.36,-14.674999999999997
India,IND,1992,0.9861381939200436,102.082122506357,111806.0,14.995684622381694,11.053068401303573,15.72297838881185,61.255784228362884,5.307197226647997,25.9180833333333,3.6666666666666665,27.01,27.01,27.01,41.685,-14.675
India,IND,1993,0.9861381939200436,-14.0822789241189,111806.0,14.995684622381694,9.292748860327425,13.614387699595639,29.595806283157888,5.307197226647997,31.256916114397857,3.6666666666666665,26.1875,26.1875,26.1875,27.01,-0.8225000000000016
India,IND,1994,0.9861381939200436,59.2119600380311,111806.0,14.995684622381694,11.740895224339909,16.645915737103998,29.595806283157888,5.307197226647997,31.394361548831924,3.6666666666666665,25.365000000000002,25.365000000000002,25.365000000000002,26.1875,-0.822499999999998
India,IND,1995,-0.6986382466709511,-17.4333268504397,111806.0,14.995684622381694,11.049231701855355,17.81249888163675,29.595806283157888,5.307197226647997,32.4323787707057,3.6666666666666665,24.5425,24.5425,24.5425,25.365000000000002,-0.8225000000000016
India,IND,1996,-0.6986382466709511,0.62009480069018,111806.0,14.995684622381694,10.611732343381899,18.32873252032156,21.015219838744265,5.307197226647997,35.512631954680444,3.6666666666666665,23.72,23.72,23.72,24.5425,-0.8225000000000016
India,IND,1997,-0.6986382466709511,12.4819581579696,111806.0,14.995684622381694,11.779796577518258,18.41382881181352,20.114464254840186,5.307197226647997,36.36129419652932,3.6666666666666665,20.13,20.14,20.14,23.72,-3.5799999999999983
India,IND,1998,-1.5995395292448815,-12.1184385492571,111806.0,14.995684622381694,13.4269645941921,23.40948134911435,20.190331681912163,5.307197226647997,41.228759179176386,3.6666666666666665,24.32,24.34,24.34,20.14,4.199999999999999
India,IND,1999,-0.7098670909604031,24.1188677491772,111806.0,14.995684622381694,13.844472509699177,19.91322399611319,22.162903237577964,5.307197226647997,43.04918502542552,3.6666666666666665,28.51,28.54,28.54,24.34,4.199999999999999
India,IND,2000,-0.9389444561465736,11.2318984134231,111806.0,14.995684622381694,13.346245020743332,20.287821335827125,23.26276235988401,5.307197226647997,44.92987294646906,3.6666666666666665,23.36,23.36,23.36,28.54,-5.18
India,IND,2001,0.3433368766804351,-24.5285352565509,111806.0,14.995684622381694,14.700207544845686,20.86372054344794,22.26981924352123,5.307197226647997,47.17117029699848,3.6666666666666665,26.51,26.65,26.65,23.36,3.289999999999999
India,IND,2002,1.4848609757989084,-6.38809505296338,111806.0,14.995684622381694,15.135598260924262,21.938001850556788,24.341344108230373,5.307197226647997,48.59045136173652,3.6666666666666665,23.08,23.08,23.08,26.65,-3.5700000000000003
India,IND,2003,1.634838739748272,18.2500005750406,111806.0,14.995684622381694,14.888107178896643,22.445513930839656,26.74583003129431,5.307197226647997,46.55840576223778,3.6666666666666665,21.45,21.45,21.45,23.08,-1.629999999999999
India,IND,2004,0.1611666899675833,44.4385344922795,111806.0,14.995684622381694,16.674205685413288,23.200088224789745,31.5093421855247,5.307197226647997,45.25414435544469,3.6666666666666665,22.96,22.97,22.97,21.45,1.5199999999999996
India,IND,2005,-1.2975178643939207,32.5480962748487,111806.0,14.995684622381694,18.229969936188155,24.34481823522267,32.55242673816087,5.307197226647997,44.06725867346368,3.6666666666666665,13.9,14.06,14.06,22.97,-8.909999999999998
India,IND,2006,-1.0601455004650937,54.9576360590161,111806.0,14.995684622381694,22.227491822942575,26.407980848834328,38.071904093498986,5.307197226647997,45.29045273800171,3.6666666666666665,8.99,8.99,8.99,14.06,-5.07
India,IND,2007,-0.699642511656397,35.8918161566471,111806.0,14.995684622381694,26.51997697326976,28.19441007547965,45.677085661334964,5.307197226647997,41.34812665976626,3.6666666666666665,11.99,11.99,11.99,8.99,3.0
India,IND,2008,-2.528119911967894,-7.20025282836995,111806.0,14.995684622381694,29.813458093101005,31.270585070601022,44.12980969378284,5.307197226647997,43.52952472404843,3.6666666666666665,5.98,6.13,6.13,11.99,-5.86
India,IND,2009,-2.0717062079995667,-5.7813071114354,111806.0,14.995684622381694,32.92042523705797,35.485805096664095,39.90704633015313,5.307197226647997,48.32307779514306,3.6666666666666665,6.84,7.04,7.04,6.13,0.9100000000000001
India,IND,2010,-3.4038549666186317,33.7809955994082,111806.0,14.995684622381694,34.736473231124336,39.64149126241175,49.12574112652832,5.307197226647997,45.655850127907264,3.6666666666666665,6.1,7.34,7.34,7.04,0.2999999999999998
India,IND,2011,-3.430254240665312,-2.14806011576378,111806.0,-6.32701964456872,39.309355764894505,41.05653145544981,48.77726284011173,6.12591529215011,46.603884599146454,3.6666666666666665,7.33,7.33,7.33,7.34,-0.009999999999999787
India,IND,2012,-5.056586328525117,-0.760598624049396,111806.0,-6.32701964456872,42.315640651365456,44.69447591050197,45.63808058698311,6.12591529215011,53.36598183481436,3.6666666666666665,6.32,6.32,6.32,7.33,-1.0099999999999998
India,IND,2013,-2.5511323096473686,11.5828634298505,111806.0,-6.32701964456872,46.55038670623718,49.859304601540245,47.7546919763352,6.12591529215011,58.55376138790951,3.6666666666666665,6.34,6.34,6.34,6.32,0.019999999999999574
India,IND,2014,-1.3786610889424824,25.1640379911247,111806.0,0.04640340993246,51.5880786813142,50.40324693735995,50.99475610709469,6.96291048041916,61.0365680866067,3.6666666666666665,6.83,6.915,6.915,6.34,0.5750000000000002
India,IND,2015,-1.092565993984868,10.9408138978261,111806.0,-5.8384940644695,55.398947437447,52.936213297333786,51.21870545024725,7.48005071479389,64.15889400588404,3.6666666666666665,7.32,7.49,7.49,6.915,0.5750000000000002
India,IND,2016,-0.5288093959874213,-3.59046713701913,111806.0,1.59122761075834,60.29804476453309,54.941026458399875,55.01488708658062,9.00209642771557,67.19119578934122,3.6666666666666665,6.35,7.57,7.57,7.49,0.08000000000000007
India,IND,2017,-1.4772215397585025,17.1800517428308,111806.0,13.3589502488321,62.496572742658444,55.02293792081396,56.17774154840407,6.099168275501,65.12480537760955,3.6666666666666665,5.78,6.85,6.85,7.57,-0.7200000000000006
India,IND,2018,-2.3818076455056327,14.5679081252686,111806.0,14.3862579090854,69.93264843910433,58.82180653911981,59.890779643799085,7.2767128414294,68.40960935347262,3.6666666666666665,4.88,6.0,6.0,6.85,-0.8499999999999996
India,IND,2019,-1.045877230929763,8.36856863348197,111806.0,-0.0131287405614873,69.93264843910433,64.54071762960477,57.91272243353674,4.59265239890184,70.4276915356986,3.6666666666666665,6.59,8.77,8.77,6.0,2.7699999999999996
India,IND,2020,1.3118595491991811,-1.41242988772894,111806.0,-16.359791521448035,69.93264843910433,66.86788853603738,44.629968975047085,-5.935408680684346,74.11561706960914,3.6666666666666665,6.19,7.65,7.65,8.77,-1.1199999999999992
India,IND,2021,-1.0196168203105749,42.0317182517616,111806.0,24.50565966821797,69.93264843910433,69.66617635862903,64.15380855016586,9.410179928027416,73.9176514255913,3.6666666666666665,5.87,7.31,7.31,7.65,-0.34000000000000075
India,IND,2022,-2.36521481771403,7.70896705120715,111806.0,11.381829242155463,69.93264843910433,74.1376847296385,62.074755373559626,6.9670896995815275,78.60557565264445,3.6666666666666665,4.59,5.99,5.99,7.31,-1.3199999999999994
Ireland,IRL,1988,-2.36521481771403,-0.908121804465972,1099.3,11.381829242155463,69.93264843910433,28.1405808410709,11.289030320212081,6.9670896995815275,0.834101524870783,16.225,4.59,5.99,5.99,,
Ireland,IRL,1989,-2.36521481771403,25.6987689299745,1098.5,11.381829242155463,69.93264843910433,30.22486137884075,12.307167514214992,6.9670896995815275,0.896001256194206,14.7333333333333,4.59,5.99,5.99,5.99,0.0
Ireland,IRL,1990,-2.36521481771403,-6.52744343772807,1150.6,11.381829242155463,69.93264843910433,30.773834874679807,8.63435585222023,6.9670896995815275,0.767778872574165,13.45,4.59,5.99,5.99,5.99,0.0
Ireland,IRL,1991,-2.36521481771403,-10.2863139072841,1146.8,11.381829242155463,69.93264843910433,31.655412597954307,8.70302904614587,6.9670896995815275,0.789290351852886,14.7583333333333,4.59,5.99,5.99,5.99,0.0
Ireland,IRL,1992,-2.36521481771403,-5.90650118437763,1155.0,11.381829242155463,69.93264843910433,32.50753678289036,12.32293711668704,6.9670896995815275,0.746277974446098,15.3916666666667,4.59,5.99,5.99,5.99,0.0
Ireland,IRL,1993,-2.36521481771403,21.9169401727528,1173.7,11.381829242155463,69.93264843910433,32.16236565111648,10.870192222103196,6.9670896995815275,0.867601447840006,15.6416666666667,4.59,5.99,5.99,5.99,0.0
Ireland,IRL,1994,-2.36521481771403,16.7968508491662,1213.0,11.381829242155463,69.93264843910433,33.30798107382812,15.248262232799227,6.9670896995815275,0.850375334575984,14.3416666666667,4.59,5.99,5.99,5.99,0.0
Ireland,IRL,1995,-2.36521481771403,8.32973332095196,1272.2,11.381829242155463,69.93264843910433,34.22764515096803,20.5720418253357,6.9670896995815275,0.792898524225756,12.2916666666667,4.59,5.99,5.99,5.99,0.0
Ireland,IRL,1996,-2.36521481771403,24.6708066200605,1319.2,27.775774987252277,69.93264843910433,34.42187199233934,15.679832953988498,8.766126097231291,0.794083613098956,11.6666666666667,4.59,5.99,5.99,5.99,0.0
Ireland,IRL,1997,-2.36521481771403,35.2055385582224,1371.6,27.775774987252277,69.93264843910433,34.832079105573825,22.68053054710871,8.766126097231291,0.838566770446592,9.875,4.59,5.99,5.99,5.99,0.0
Ireland,IRL,1998,-2.36521481771403,41.0242029115819,1520.75,27.775774987252277,69.93264843910433,36.08510430845543,26.432742349930617,8.766126097231291,0.892572963382447,7.55,2.41,3.75,3.75,5.99,-2.24
Ireland,IRL,1999,-2.36521481771403,4.77423758268813,1614.425,12.616007062338069,69.93264843910433,36.26473171598427,26.41058343033453,10.52988505221042,0.938562898111359,5.93333333333333,2.41,3.75,3.75,3.75,0.0
Ireland,IRL,2000,0.1712469886054662,6.65240878929475,1692.05,21.686535221847866,69.93264843910433,40.21586404541537,71.17342868853022,9.40352454490585,1.0850960701302,4.4,2.41,3.75,3.75,3.75,0.0
Ireland,IRL,2001,0.1712469886054662,7.09949039364981,1745.2,13.10129667269956,69.93264843910433,41.669709910816586,62.32490279092815,5.30582136034704,1.11663108833636,4.175,3.37,4.07,4.07,3.75,0.3200000000000003
Ireland,IRL,2002,0.1712469886054662,-18.3284909955808,1776.975,5.33844462808765,69.93264843910433,43.37367189394763,63.96890799305389,5.899366511506656,1.06106513282085,4.725,2.45,3.91,3.91,4.07,-0.16000000000000014
Ireland,IRL,2003,0.4676935964789064,-7.08396307121978,1810.475,-2.4174581096960583,69.93264843910433,44.239568993980015,70.9741342688347,3.013838371432116,0.885163216727309,4.85,2.52,4.01,4.01,3.91,0.09999999999999964
Ireland,IRL,2004,-0.1117186736072027,25.5117407616202,1864.85,1.9039572856049387,69.93264843910433,44.5084720626635,82.47744448336537,6.788138906190183,0.804862094234843,4.74166666666667,2.24,3.64,3.64,4.01,-0.36999999999999966
Ireland,IRL,2005,-3.938065068470632,19.8651301436803,1951.95,12.723173441599569,69.93264843910433,45.71408549927276,92.01563293424705,5.739782452789608,0.804619415077062,4.63333333333333,2.46,3.54,3.54,3.64,-0.10000000000000009
Ireland,IRL,2006,-5.67805561478065,22.0241664455619,2043.65,9.30176093270962,69.93264843910433,48.20454790749923,98.22608346456613,4.98785466913223,0.796697220760242,4.79166666666667,2.3,3.33,3.33,3.54,-0.20999999999999996
Ireland,IRL,2007,-6.507545338759997,9.37904951692612,2221.275,9.351270715674168,69.93264843910433,50.93854586138084,87.32828873631803,5.310116999961107,0.730485427146717,5.0,2.24,3.23,3.23,3.33,-0.10000000000000009
Ireland,IRL,2008,-6.172903439210266,-43.7409201338604,2198.875,-2.785985380652625,69.93264843910433,52.470651580623596,61.245367850659925,-4.484069822218163,0.683982339822683,6.79166666666667,1.72,2.99,2.99,3.23,-0.23999999999999977
Ireland,IRL,2009,-4.631918688973937,-44.6830382173024,2015.15,-1.7026364134523964,69.93264843910433,45.985121715545816,37.11941466028743,-5.095781699423932,0.719800423489554,12.6583333333333,1.85,3.23,3.23,2.99,0.23999999999999977
Ireland,IRL,2010,-1.2352149896124696,7.89746067430903,1925.425,0.568424642268315,69.93264843910433,47.30695580812268,34.22409402991908,1.6829722019479518,0.755043518257105,14.575,2.13,3.08,3.08,3.23,-0.1499999999999999
Ireland,IRL,2011,-2.047060983807111,-4.87278088076022,1888.3,2.642303059168978,69.93264843910433,50.258188084429754,30.07862460041232,1.6088668242037445,0.719158754470168,15.4083333333333,1.59,3.0,3.0,3.08,-0.08000000000000007
Ireland,IRL,2012,-3.650563351793489,14.3337734520208,1880.425,-1.0149269456795025,69.93264843910433,50.661216427636035,33.80618014358328,-0.4050295980524742,0.778006210395884,15.4833333333333,1.46,2.84,2.84,3.0,-0.16000000000000014
Ireland,IRL,2013,2.40221544934821,26.9472287708859,1937.775,8.551577790462733,69.93264843910433,50.32798645003729,38.64558548218782,2.19293758384941,0.753297658306669,13.775,1.49,2.95,2.95,2.84,0.11000000000000032
Ireland,IRL,2014,2.1102311911254454,19.9894587253258,1988.725,14.385426252215538,69.93264843910433,50.26148758152637,49.02810039522806,9.385793373763772,0.753695140645586,11.8833333333333,2.03,3.07,3.07,2.95,0.11999999999999966
Ireland,IRL,2015,6.4776347880579355,27.9164488691587,2056.925,32.697698104463626,69.93264843910433,49.834520108314116,68.82751265659478,24.62398553419168,0.901451643908024,9.925,2.02,3.09,3.09,3.07,0.020000000000000018
Ireland,IRL,2016,-1.3371388696700004,-1.00740312354975,2132.125,17.49017083199831,69.93264843910433,50.0201247735963,49.80187121972643,1.2227165737003889,0.904281526915114,8.40833333333333,2.09,3.29,3.29,3.09,0.20000000000000018
Ireland,IRL,2017,1.074204554667355,10.3564769172144,2193.95,4.2107753911480765,69.93264843910433,50.37227186827948,58.185188263352565,10.108857591551187,0.887107173889516,6.749999999999999,1.96,3.27,3.27,3.29,-0.020000000000000018
Ireland,IRL,2018,5.032090232532922,-2.486050297574,2257.275,-2.037901946403177,69.93264843910433,50.66321679577776,57.71736348947752,7.688659517046031,0.847324485146496,5.8,1.83,3.11,3.11,3.27,-0.16000000000000014
Ireland,IRL,2019,-17.69250242483274,-5.21603055031958,2322.325,40.366781759164965,69.93264843910433,51.36950509902893,63.424164911707095,4.972880076660023,0.893348371188594,5.008333333333333,1.84,3.08,3.08,3.11,-0.029999999999999805
Ireland,IRL,2020,-7.883118593442881,1.4403888544694,2294.075,0.1894993771623876,69.93264843910433,50.57146241062482,66.27417715597166,7.153695085212541,0.877541570440429,5.858333333333333,1.48,2.8,2.8,3.08,-0.28000000000000025
Ireland,IRL,2021,12.825894356503264,28.1391941199908,2427.125,-9.215023801478443,69.93264843910433,53.09208644568159,87.2417811302475,16.258188066310733,0.845553392731664,6.258333333333333,1.39,2.85,2.85,2.8,0.050000000000000266
Ireland,IRL,2022,8.332785732124503,-11.9764224267811,2594.975,14.970049112615117,69.93264843910433,59.90184882706892,91.69182730396824,7.511138847120095,0.950882523746784,4.466666666666667,1.33,2.68,2.68,2.85,-0.16999999999999993
Iceland,ISL,1988,8.332785732124503,-11.9764224267811,128.0,14.970049112615117,16.709818465425464,25.015609288184997,91.69182730396824,7.511138847120095,43.0485182243925,4.466666666666667,1.33,2.68,2.68,,
Iceland,ISL,1989,8.332785732124503,-11.9764224267811,125.9,14.970049112615117,15.01084716361128,25.05466267024279,91.69182730396824,7.511138847120095,57.1094703782187,4.466666666666667,1.33,2.68,2.68,2.68,0.0
Iceland,ISL,1990,8.332785732124503,-11.9764224267811,126.0,14.970049112615117,15.109745163964957,24.70721016366386,91.69182730396824,7.511138847120095,58.3776768306564,4.466666666666667,1.33,2.68,2.68,2.68,0.0
Iceland,ISL,1991,8.332785732124503,-11.9764224267811,136.9,14.970049112615117,10.132258641917458,21.51045471984608,91.69182730396824,7.511138847120095,59.0957158362398,4.466666666666667,3.41,5.47,5.47,2.68,2.7899999999999996
Iceland,ISL,1992,8.332785732124503,6.0171388264468,136.9,14.970049112615117,8.571804289281024,20.7946963456559,91.69182730396824,7.511138847120095,57.6194111550381,4.466666666666667,3.41,5.47,5.47,5.47,0.0
Iceland,ISL,1993,0.2504387630444865,6.0171388264468,136.6,14.970049112615117,6.412720406918204,21.603163711096187,91.69182730396824,7.511138847120095,67.6421149247307,4.466666666666667,3.41,5.47,5.47,5.47,0.0
Iceland,ISL,1994,0.2504387630444865,6.0171388264468,137.7,14.599088432296927,7.239942414591738,20.662104544732372,91.69182730396824,4.497653379461765,69.9896656779836,4.466666666666667,3.486666666666667,4.859999999999999,4.859999999999999,5.47,-0.6100000000000003
Iceland,ISL,1995,0.2504387630444865,29.457876537298,142.0,14.599088432296927,5.826931162408323,21.039752119192485,91.69182730396824,4.497653379461765,64.7659569475924,4.466666666666667,3.5633333333333335,4.25,4.25,4.859999999999999,-0.6099999999999994
Iceland,ISL,1996,-2.354870017911752,63.0262785846518,142.036,14.599088432296927,7.706834734336911,21.80127136323308,29.175919601191463,4.497653379461765,66.6914156627782,4.466666666666667,3.64,3.64,3.64,4.25,-0.6099999999999999
Iceland,ISL,1997,-2.1998309625583548,39.7030317508626,142.035,6.880123628071207,9.176032021720419,21.954045253860507,29.175919601191463,4.14087044790355,70.9692638679758,4.466666666666667,4.075,4.12,4.12,3.64,0.48
Iceland,ISL,1998,-7.186647506026404,-5.68641704816346,147.917,21.945404062397444,13.027775374044637,22.22515683534839,29.175919601191463,7.010483249438473,71.173971761722,4.466666666666667,4.51,4.6,4.6,4.12,0.47999999999999954
Iceland,ISL,1999,-6.854984761664873,21.1105453792818,153.347,3.352342684663806,15.790246615470288,23.70292142042699,17.758772181682588,3.897987643737717,72.4296358571825,4.466666666666667,3.65,3.74,3.74,4.6,-0.8599999999999994
Iceland,ISL,2000,-9.93927779310991,26.0456200986558,156.364,7.80203554736956,14.89011924053616,25.78973652656556,21.09725014772819,4.905182105902913,78.8445055727773,4.466666666666667,4.72,4.81,4.81,3.74,1.0699999999999994
Iceland,ISL,2001,-4.59976584431376,-26.879573246791,159.044,-9.975671393563012,15.99046848108102,27.91139897262754,27.622563344918987,3.8409393605495104,97.6708039870757,3.591666666666667,3.68,3.76,3.76,4.81,-1.0499999999999998
Iceland,ISL,2002,1.3453005729741323,18.5528648247728,156.727,-2.730556646285153,17.742919301901455,28.591492715609323,18.0871916538411,0.5422867203065215,91.5854592587364,3.591666666666667,3.995,4.0649999999999995,4.0649999999999995,3.76,0.3049999999999997
Iceland,ISL,2003,-4.680465655842544,22.9817647643972,155.0,10.25543434978146,21.129809674449127,27.555139801057535,22.39773974635028,2.2813697429721387,76.6932599598469,3.591666666666667,4.31,4.37,4.37,4.0649999999999995,0.3050000000000006
Iceland,ISL,2004,-9.8245443682962,73.3997650741939,154.925,14.62208591540991,23.838156830633416,28.944190853696,30.26418893596809,7.622605186233038,70.1921432100508,3.35,4.52,4.61,4.61,4.37,0.2400000000000002
Iceland,ISL,2005,-15.494102056989345,40.6224787784658,159.85,27.827080824922664,26.965120640245438,30.44967691079662,37.472900434143476,7.029340621690477,62.8751822103018,2.9,4.24,4.31,4.31,4.61,-0.3000000000000007
Iceland,ISL,2006,-22.429196682226856,37.4805193179518,167.825,9.820007713704053,31.206344480399054,33.70257344592738,49.668054888748664,5.671612480245241,69.8987722880984,3.208333333333334,1.83,3.12,3.12,4.31,-1.1899999999999995
Iceland,ISL,2007,-13.51498567775034,27.6687208732376,175.525,-2.262988363288384,45.80988578760051,34.41842462991595,42.76459350241035,8.741329411182754,64.0747670650605,2.4916666666666667,1.9,3.9,3.9,3.12,0.7799999999999998
Iceland,ISL,2008,-20.848802785290292,-49.8683945273424,177.05,-20.31270681940099,60.606625339930815,42.288423925355325,57.594037572562705,1.6996107439587007,87.9990985946421,3.3916666666666666,1.85,3.38,3.38,3.9,-0.52
Iceland,ISL,2009,-8.854745022306126,-86.7707910500419,166.225,-20.669417847309,55.3055135703881,46.256848546950955,31.37446138805481,-8.321464137987443,123.66482410283,8.208333333333332,1.65,3.26,3.26,3.38,-0.1200000000000001
Iceland,ISL,2010,-5.718219124103686,20.9252392226585,165.75,2.3081673184855895,41.70636069150432,45.126125813122904,38.52825631789104,-2.2218184536765104,122.242207258925,8.591666666666667,1.5,2.98,2.98,3.26,-0.2799999999999998
Iceland,ISL,2011,-4.618946334864616,7.08619754381907,165.975,6.789441763013283,42.12381351041817,46.12581885618047,43.356538809950514,1.379996689745233,116.057964764101,7.925,1.58,2.99,2.99,2.98,0.010000000000000231
Iceland,ISL,2012,-3.048565076915911,7.75649569491099,167.9,4.2805852251539225,43.86578728821528,49.00655036636697,43.921467016231254,1.1693117549405798,125.118247513959,6.841666666666667,1.47,2.82,2.82,2.99,-0.17000000000000037
Iceland,ISL,2013,6.750869240986567,19.2503072984835,173.225,0.0038850514788077,42.51321658949322,50.14700003182826,43.44314564864988,3.596956986079645,122.167406330385,6.1,1.66,3.21,3.21,2.82,0.3900000000000001
Iceland,ISL,2014,4.786404592332805,11.9265343578542,177.625,10.02346365715859,49.05791030035285,50.21890037480528,47.545957577410945,1.913816107032437,116.688014241797,5.508333333333334,1.6,3.32,3.32,3.21,0.10999999999999988
Iceland,ISL,2015,6.017801280187641,31.3156537370425,183.65,12.979060009978928,54.58662041858343,50.816529241050134,56.15129341213054,3.7685902995758576,131.896086478135,4.591666666666667,1.42,3.28,3.28,3.32,-0.040000000000000036
Iceland,ISL,2016,8.416699956537762,11.2266366697567,190.475,14.837565262562835,46.6773014653473,51.696930239305885,56.614518692835276,6.2180876610796965,120.835383650166,3.441666666666667,1.47,3.1,3.1,3.28,-0.17999999999999972
Iceland,ISL,2017,4.960057902699008,4.17517140142659,193.9,12.3994345232236,50.79642850815456,52.62381439899989,62.06103103289622,3.4850669577724847,106.82343857833,3.2833333333333337,1.57,2.31,2.31,3.1,-0.79
Iceland,ISL,2018,4.292717765988889,-0.980234664346016,198.325,0.5847387201085247,55.189269904890665,54.473302610396566,183.70746352131735,4.660770332099471,108.269281322542,3.1333333333333333,1.55,2.62,2.62,2.31,0.31000000000000005
Iceland,ISL,2019,7.439099458458013,7.33259540907212,201.025,-9.12385978709774,57.54248562772124,56.240214947561974,189.57966743787875,1.1382122837852393,122.636451471234,3.9,1.53,2.93,2.93,2.62,0.31000000000000005
Iceland,ISL,2020,2.3772155468133187,7.64310401462461,194.525,-20.22352050965368,62.291096421612714,57.715943683971524,177.99275570692535,-6.645878231850176,135.382140504423,6.25,1.52,3.135,3.135,2.93,0.20499999999999963
Iceland,ISL,2021,-2.7923179028888545,52.5825434864931,197.025,20.26211937740832,68.96457515325477,61.015858842083844,201.2023257715858,5.180572051976618,126.950071365832,5.85,1.51,3.34,3.34,3.135,0.20500000000000007
Iceland,ISL,2022,-1.852412577061431,3.67021272741372,210.4,22.62132364346485,75.86823486016773,67.83314123176169,258.3454467270094,8.820693995949274,135.273134293243,3.575,1.63,3.06,3.06,3.34,-0.2799999999999998
Israel,ISR,1988,-1.852412577061431,-4.1076598075268,210.4,22.62132364346485,1.9436814349190343,18.98580516285469,43.27924922641195,8.820693995949274,1.5989398809166666,3.575,1.63,3.06,3.06,,
Israel,ISR,1989,-1.852412577061431,48.748912097476,210.4,22.62132364346485,2.338571725754478,23.14674787090172,43.27924922641195,8.820693995949274,1.916412268416667,3.575,1.63,3.06,3.06,3.06,0.0
Israel,ISR,1990,-1.852412577061431,38.2816499670884,210.4,22.62132364346485,2.934295228354346,23.856069543174613,43.27924922641195,8.820693995949274,2.0161726603333334,3.575,1.63,3.06,3.06,3.06,0.0
Israel,ISR,1991,-1.852412577061431,50.5203030583507,210.4,22.62132364346485,3.8131248495882986,27.692819117036056,26.454059122351147,8.820693995949274,2.279108816666667,3.575,3.79,4.93,4.93,3.06,1.8699999999999997
Israel,ISR,1992,-1.852412577061431,51.9734357019247,210.4,22.62132364346485,5.696265045333407,26.35950082655814,29.09061031525327,8.820693995949274,2.4590397306666665,3.575,3.79,4.93,4.93,4.93,0.0
Israel,ISR,1993,-5.499033516905558,52.1647148587878,1964.975,22.62132364346485,7.12020714959143,27.9811189576567,30.08475484648638,8.820693995949274,2.830047908833333,6.86963722925,3.79,4.93,4.93,4.93,0.0
Israel,ISR,1994,-5.499033516905558,-7.90737251565065,1964.975,7.656472874001042,9.377204086681608,31.42780760298976,32.39524649110837,5.840723824942782,3.0111818395000007,6.86963722925,4.098333333333334,5.108333333333333,5.108333333333333,4.93,0.17833333333333368
Israel,ISR,1995,-5.499033516905558,-17.4514915522703,1964.975,7.656472874001042,11.315676559032184,32.78136126777036,35.30619235548372,5.840723824942782,3.0113818487671753,6.86963722925,4.406666666666666,5.286666666666666,5.286666666666666,5.108333333333333,0.1783333333333328
Israel,ISR,1996,-5.2424970708559915,2.98265075653095,2012.8,7.656472874001042,14.26289749443265,36.7307851935442,35.45390440001415,5.840723824942782,3.1872295611393433,6.677445554,4.406666666666666,5.286666666666666,5.286666666666666,5.286666666666666,0.0
Israel,ISR,1997,-3.4501470896706494,40.3133536801347,2040.15,4.4999625812107205,17.50750999869841,38.25521098466425,34.21221866126387,3.652095667362418,3.4488965273856578,7.67375921875,5.023333333333333,5.6433333333333335,5.6433333333333335,5.286666666666666,0.35666666666666735
Israel,ISR,1998,-1.5796545453178723,5.62563974880353,2072.475,2.562442592247143,20.496556970596675,38.37606645914475,35.71314196608511,4.105873110791645,3.7993409545768224,8.53576360425,5.331666666666666,5.821666666666666,5.821666666666666,5.6433333333333335,0.1783333333333328
Israel,ISR,1999,-2.439158178381456,29.905972944304,2136.6,15.974012643650848,24.313368113373027,40.075764146652844,35.47141524177607,3.326939592130936,4.139053625541126,8.88465884775,5.64,6.0,6.0,5.821666666666666,0.17833333333333368
Israel,ISR,2000,-2.4740801375801187,39.1390912069357,2221.25,12.177831949465574,28.611252296539934,38.384246339554025,48.44017621274687,8.68888618022418,4.076589254344689,8.77060564775,3.83,3.83,3.83,6.0,-2.17
Israel,ISR,2001,-2.323006313113821,-20.8924269593726,2264.95,-5.390613287495053,33.28239287535153,38.85470991423804,32.79487272207745,0.0443514325251963,4.206043721375243,9.34813389125,3.66,3.66,3.66,3.83,-0.16999999999999993
Israel,ISR,2002,-1.923974551006001,-5.53068724312815,2284.35,-0.9886623230274236,35.328043808520306,43.41627233572137,34.45629122874852,-0.1051730437699598,4.73646506916996,10.29843927275,3.47,3.47,3.47,3.66,-0.18999999999999995
Israel,ISR,2003,-0.4859480093222671,14.7243025764076,2330.2,-0.7378539715956882,37.687985595038235,41.15561194449465,33.903739555310764,1.3177127509126867,4.546993344155845,10.71265731925,3.28,3.28,3.28,3.47,-0.1900000000000004
Israel,ISR,2004,0.8855642824741363,36.5943368522904,2400.8,11.9768467371399,40.375245379768714,40.41898077018809,36.88705989750949,4.690079997911858,4.480752795815294,10.367712869,1.22,2.91,2.91,3.28,-0.36999999999999966
Israel,ISR,2005,2.3408973566239646,21.7224467448346,2493.65,3.466748975860945,44.68671804162991,41.84485469870142,38.617714889186246,4.64241494118567,4.487233856421356,8.9899031995,1.33,2.94,2.94,2.91,0.029999999999999805
Israel,ISR,2006,3.0350377280762717,19.5124554481865,2573.575,3.4937556166968475,48.21617102602551,43.04729951177514,42.64513244661499,5.392141598445544,4.457341864295125,8.40383747675,2.42,3.03,3.03,2.94,0.08999999999999986
Israel,ISR,2007,2.329251718288064,21.9268336506944,2681.975,11.123977349501931,53.82053020391172,42.4492832112387,44.033250164753134,6.326634637371168,4.108949794529143,7.31855804075,1.37,2.86,2.86,3.03,-0.16999999999999993
Israel,ISR,2008,0.5267024496245889,-16.6400419948971,2776.7,2.382201227448886,57.805707647365914,46.39120853517338,47.54810787214612,3.3573978894044676,3.584779763473243,6.0991404415,1.54,3.11,3.11,2.86,0.25
Israel,ISR,2009,2.590645390862244,-4.47238793401934,2841.0,-13.761133844349326,65.2804340510048,47.297343696448024,41.24099029416852,1.097671965562674,3.926750242330135,7.5440865165,3.49,3.49,3.49,3.11,0.38000000000000034
Israel,ISR,2010,2.8030958739353995,31.4970511003896,2938.25,15.348874490984867,66.791380316298,48.19768162658072,51.34852622711063,5.512443635062426,3.730539571961855,6.63659478425,3.215,3.215,3.215,3.49,-0.27500000000000036
Israel,ISR,2011,0.9578267544964734,-4.93138250920175,3024.675,11.101165059382849,70.89771537407152,50.224690633667585,51.07667786977108,5.666033544773402,3.574146744620115,5.6023763075,2.94,2.94,2.94,3.215,-0.2749999999999999
Israel,ISR,2012,-0.3076446902483092,-8.5010962290247,3358.975,2.1419212114247346,78.73784053590403,50.13058203440773,53.82153046524086,2.396605232047205,3.8500484056402535,6.85,1.35,2.9,2.9,2.94,-0.040000000000000036
Israel,ISR,2013,2.351732471334494,9.04097209524512,3449.51666666667,0.8907389298903355,83.98097372588792,50.871334336495806,52.615086264524564,4.12690032082598,3.6091132599284776,6.20833333333333,1.42,2.77,2.77,2.9,-0.1299999999999999
Israel,ISR,2014,3.600429972309417,15.6338287841409,3555.76666666667,2.0895890896736637,92.13882074386444,50.544367310969484,52.62729928058719,3.9965297277742553,3.5771021182320104,5.90833333333333,1.46,2.85,2.85,2.77,0.08000000000000007
Israel,ISR,2015,4.493260844054063,11.8096217155214,3643.8,-0.1422497204592331,99.99999999999996,49.69132871117865,53.79484550465258,1.9649787206076557,3.8869463117196807,5.24166666666667,2.83,3.31,3.31,2.85,0.45999999999999996
Israel,ISR,2016,3.083660654388794,-9.4416931665319,3736.84166666667,10.245543014294633,105.48589743042427,49.46483180428136,54.142347136488986,4.182277377568777,3.8394716026726914,4.80833333333333,2.81,3.38,3.38,3.31,0.06999999999999984
Israel,ISR,2017,3.1599707301748317,-5.26152401833823,3824.8,2.9433021469946183,111.33193410203316,49.98155529620829,56.361708223233016,4.417340536514798,3.5994337740761644,4.21666666666667,1.85,3.49,3.49,3.38,0.11000000000000032
Israel,ISR,2018,2.5764430927310356,3.42684009820821,3905.10833333333,6.781694408656416,115.74709892438742,50.660557712700026,58.007363282457185,4.212323723216819,3.595015599316143,4.0,2.1075,3.3425000000000002,3.3425000000000002,3.49,-0.14749999999999996
Israel,ISR,2019,2.8308069043379205,2.88719815968667,3966.925,3.1750542540204183,123.91878545319469,51.07778321479473,60.9495948235263,3.5076871460283248,3.5642459658698797,3.8,2.365,3.1950000000000003,3.1950000000000003,3.3425000000000002,-0.14749999999999996
Israel,ISR,2020,3.702833256541968,-3.39131935302,3913.425,-7.686862695123907,142.77426044958582,50.08985739903126,61.73123635005243,-1.604178981799756,3.441304833270594,4.325,2.6225,3.0475,3.0475,3.1950000000000003,-0.1475000000000004
Israel,ISR,2021,3.131305701179252,25.6235626896364,3956.96666666667,19.64031789246937,168.72821468997773,51.86272492712964,64.49002135893294,9.335346912822304,3.230483809366961,4.95833333333333,2.88,2.9,2.9,3.0475,-0.14749999999999996
Israel,ISR,2022,2.667370127098945,10.080695821431,4187.0,11.74179251914712,186.43099211533905,55.58406286291583,74.85173833627059,6.207847441158518,3.3598211313445017,3.76666666666667,2.62,2.79,2.79,2.9,-0.10999999999999988
Italy,ITA,1988,2.667370127098945,-19.3798371848975,20818.0,5.9618478748619905,186.43099211533905,25.481512528270624,106.8040729261022,4.194377269767207,0.672275078716639,9.7,2.62,2.79,2.79,,
Italy,ITA,1989,2.667370127098945,23.6277620527692,20833.0,8.549332670223956,186.43099211533905,27.519088641273747,110.9658778693698,3.388383510715871,0.70841748998504,9.7,2.62,2.79,2.79,2.79,0.0
Italy,ITA,1990,2.667370127098945,0.685330145201908,21215.0,9.63011945148332,186.43099211533905,29.192187381058854,112.4062423397888,2.052581478418878,0.618909204294856,8.86666666666667,2.62,2.79,2.79,2.79,0.0
Italy,ITA,1991,2.667370127098945,-15.293081569799,21410.0,2.2179661252178566,186.43099211533905,30.711626043159406,73.72923821277685,1.5337343135494617,0.640740082736395,8.51666666666667,2.62,2.79,2.79,2.79,0.0
Italy,ITA,1992,2.667370127098945,-16.8128760484884,21270.0,6.934820490874009,186.43099211533905,31.67589762755175,73.24231019372094,0.8342754667871962,0.636288805280255,8.79166666666666,2.62,2.79,2.79,2.79,0.0
Italy,ITA,1993,2.395717668270541,18.4747038848451,20305.197,-11.645218498574296,186.43099211533905,32.69760058781044,70.79071490285375,-0.8528057545914571,0.811693703185334,9.725,2.62,2.79,2.79,2.79,0.0
Italy,ITA,1994,2.395717668270541,24.6898664386398,19972.181,7.767265827744854,186.43099211533905,33.641275661314566,77.8872836090701,2.1510236485412997,0.832871306687601,10.65,2.62,2.79,2.79,2.79,0.0
Italy,ITA,1995,2.395717668270541,-8.36587378595314,19851.253,9.308224375161426,186.43099211533905,35.88826430654713,90.25373671078566,2.8868367361740974,0.841326282835899,11.1833333333333,2.62,2.79,2.79,2.79,0.0
Italy,ITA,1996,3.3086339495680868,0.615801219736931,19950.717,-2.7146427997172142,186.43099211533905,36.60718769703516,69.49509154609721,1.1346847056291065,0.79691583560144,11.1666666666667,2.62,2.79,2.79,2.79,0.0
Italy,ITA,1997,2.9414555927808244,36.894591698841,20027.453,10.504035994834789,186.43099211533905,36.332240231777284,73.23744850619464,1.9256602690964029,0.879402881140888,11.2166666666667,2.62,2.79,2.79,2.79,0.0
Italy,ITA,1998,2.0128563482647825,60.105684825045,20424.05,9.178847495812027,186.43099211533905,36.97858643361256,73.14268200042652,1.8043752546570764,0.896773315016328,11.3,2.41,3.75,3.75,2.79,0.96
Italy,ITA,1999,0.7574168733749673,11.3357805038787,20682.3,4.495043702472316,186.43099211533905,37.43163354363797,76.58342967851277,1.6779635492664495,0.938562898111359,10.8666666666667,2.41,3.75,3.75,3.75,0.0
Italy,ITA,2000,-0.2981728828666364,29.8688668765794,21072.925,10.897453349523293,186.43099211533905,38.79753874803998,79.80534590367179,3.88209235407289,1.0850960701302,10.05,2.41,3.75,3.75,3.75,0.0
Italy,ITA,2001,0.118368967432025,-18.8446905006566,21506.75,2.3750428601005327,186.43099211533905,39.96651449421044,79.79912191704486,2.006436131813601,1.11663108833636,9.00833333333333,3.37,4.07,4.07,3.75,0.3200000000000003
Italy,ITA,2002,-0.4883529203572446,-20.6878250847932,21820.725,0.6284728272830803,186.43099211533905,40.757562786961515,80.08304107802516,0.2699411126677309,1.06106513282085,8.475,2.45,3.91,3.91,4.07,-0.16000000000000014
Italy,ITA,2003,-0.7711775797582654,-9.7945462926308,22047.15,0.7444951919067174,186.43099211533905,41.91750845951617,79.81764881011921,0.0666256883338118,0.885163216727309,8.43333333333333,2.52,4.01,4.01,3.91,0.09999999999999964
Italy,ITA,2004,-0.4739959909953207,15.1362494251696,22362.4,4.500193178562675,186.43099211533905,42.58011790760545,81.22632617353402,1.474017000976973,0.804862094234843,8.05,2.24,3.64,3.64,4.01,-0.36999999999999966
Italy,ITA,2005,-0.8841315142739417,18.9860420232515,22406.9,3.506470837969487,186.43099211533905,43.29283226249211,79.66621256745024,0.7623839392364339,0.804619415077062,7.78333333333333,2.46,3.54,3.54,3.64,-0.10000000000000009
Italy,ITA,2006,-1.4868036961177704,15.7236276435462,22757.425,8.090228699018763,186.43099211533905,44.23003767007552,84.06131292249714,1.7995138625601537,0.796697220760242,6.86666666666667,2.3,3.33,3.33,3.54,-0.20999999999999996
Italy,ITA,2007,-1.3917897004661288,9.72130352651671,22893.95,5.351686185117855,186.43099211533905,44.88965027823611,88.29599699375578,1.4623405487026118,0.730485427146717,6.15,2.24,3.23,3.23,3.33,-0.10000000000000009
Italy,ITA,2008,-2.76372753564476,-30.6156059321669,23090.175,-4.115340141519639,186.43099211533905,47.12090121889904,83.18324061869012,-1.023096758408102,0.683982339822683,6.775,1.72,2.99,2.99,3.23,-0.23999999999999977
Italy,ITA,2009,-1.871471291237601,-28.4468406747225,22698.325,-13.384658694508015,186.43099211533905,46.18647692452505,64.67706882975737,-5.305231249682874,0.719800423489554,7.875,1.85,3.23,3.23,2.99,0.23999999999999977
Italy,ITA,2010,-3.230420679181215,6.14201543843442,22526.125,11.982786705815966,186.43099211533905,47.260523393133695,73.40456742803877,1.5291565956046975,0.755043518257105,8.54166666666667,2.13,3.08,3.08,3.23,-0.1499999999999999
Italy,ITA,2011,-2.738081663894487,-8.66313687647458,22597.65,0.1527134047081827,186.43099211533905,49.18101429239009,70.64033765986946,0.6954850830385807,0.719158754470168,8.50833333333333,1.59,3.0,3.0,3.08,-0.08000000000000007
Italy,ITA,2012,-0.1961708138652585,-15.5906221841615,22565.325,-8.160595737096589,186.43099211533905,50.76486731171846,61.249904195312546,-3.1252106517754052,0.778006210395884,10.8833333333333,1.46,2.84,2.84,3.0,-0.16000000000000014
Italy,ITA,2013,1.0271078631129686,14.6917459164366,22190.4,-2.6953609758226884,186.43099211533905,50.45495730485162,58.80403840874,-1.8180747513738047,0.753297658306669,12.3666666666667,1.49,2.95,2.95,2.84,0.11000000000000032
Italy,ITA,2014,1.7472974926545417,18.5040408086466,22278.45,3.613347791646475,186.43099211533905,50.08564505045388,58.16173844305323,-0.0014277549133217,0.753695140645586,12.825,2.03,3.07,3.07,2.95,0.11999999999999966
Italy,ITA,2015,1.2748000943899265,10.3434873543362,22464.2,6.323534287259571,186.43099211533905,50.00388949925403,60.01885317414726,0.8856564718732163,0.901451643908024,12.0,2.02,3.09,3.09,3.07,0.020000000000000018
Italy,ITA,2016,2.459719262379,-16.7259446711944,22757.425,3.9260409995979018,186.43099211533905,49.890489299007434,60.948924100148744,1.2362330146198808,0.904281526915114,11.75,2.09,3.29,3.29,3.09,0.20000000000000018
Italy,ITA,2017,2.439166719593202,21.626595516702,23021.925,5.81633836573351,186.43099211533905,51.163266583229046,63.04529990127564,1.603767864682065,0.887107173889516,11.2583333333333,1.96,3.27,3.27,3.29,-0.020000000000000018
Italy,ITA,2018,2.5026188820749513,2.58074609885623,23213.975,2.9630391390745277,186.43099211533905,51.69374381800197,63.73088141442141,0.8265967072063293,0.847324485146496,10.6,1.83,3.11,3.11,3.27,-0.16000000000000014
Italy,ITA,2019,3.172490122673689,0.0901210650522889,23359.55,-1.125234051272113,186.43099211533905,51.74312347188264,63.532744034291724,0.4291406828436245,0.893348371188594,9.93333333333333,1.84,3.08,3.08,3.11,-0.029999999999999805
Italy,ITA,2020,3.8038440648077394,-6.29467031416135,22903.125,-12.4805660496578,186.43099211533905,51.297812879708204,53.11657182609247,-8.868164582882558,0.877541570440429,9.3,1.48,2.8,2.8,3.08,-0.28000000000000025
Italy,ITA,2021,2.1080798691655223,24.9524722019569,22553.95,15.95128799035412,186.43099211533905,53.26605829547897,74.07829590863479,8.93103002894051,0.845553392731664,9.55833333333333,1.39,2.85,2.85,2.8,0.050000000000000266
Italy,ITA,2022,-1.8858071391663136,-2.46336078766876,23099.4,12.880734741679673,186.43099211533905,60.721478289142084,76.16691453100503,4.821116496742221,0.950882523746784,8.075,1.33,2.68,2.68,2.85,-0.16999999999999993
Japan,JPN,1988,-1.8858071391663136,8.90040766948166,60105.8333333333,12.880734741679673,30.431059174742234,43.6180071264953,95.8184077477107,4.821116496742221,128.134558544125,2.53333333333333,4.12,5.14,5.14,,
Japan,JPN,1989,-1.8858071391663136,20.4877778020995,61280.0,12.880734741679673,32.217496306007654,45.4106261135149,101.36345449237,4.821116496742221,137.974183071128,2.26666666666667,4.07,5.03,5.03,5.14,-0.10999999999999943
Japan,JPN,1990,-1.8858071391663136,-15.1057573333282,62495.0,12.880734741679673,36.2585329777487,47.1680537880716,105.63740590633,4.821116496742221,144.795523088395,2.10833333333333,3.61,4.43,4.43,5.03,-0.6000000000000005
Japan,JPN,1991,-1.8858071391663136,-15.5194360765344,63687.5,12.880734741679673,33.42202936442898,48.761224230084,107.625091893262,4.821116496742221,134.496270670084,2.1,4.04,4.96,4.96,4.43,0.5300000000000002
Japan,JPN,1992,-1.8858071391663136,-25.9494864737107,64361.6666666667,12.880734741679673,32.05019125935847,48.72568083481801,101.431701221535,4.821116496742221,126.67295085015,2.15,4.24,5.25,5.25,4.96,0.29000000000000004
Japan,JPN,1993,-1.8858071391663136,11.698617802595,64496.6666666667,12.990460849425457,32.59261782114223,49.17803936540255,97.8999329872443,2.6309772210704927,111.175540920229,2.5,4.36,5.46,5.46,5.25,0.20999999999999996
Japan,JPN,1994,1.406373778559885,4.94366820322872,64530.0,12.990460849425457,33.77957345839628,49.21315432255875,126.90181750203445,2.6309772210704927,102.228561737522,2.89166666666667,4.3,5.45,5.45,5.46,-0.009999999999999787
Japan,JPN,1995,1.406373778559885,-13.6642246909489,64565.8333333333,12.990460849425457,35.241297482334424,48.77073470772885,83.9331268761803,2.6309772210704927,94.0653854569319,3.15,5.22,5.72,5.72,5.45,0.2699999999999996
Japan,JPN,1996,1.406373778559885,16.2945078558365,64859.1666666667,11.767556671073,36.44567696973792,48.938606091456705,87.68860978780624,3.1338934977661608,108.817037331726,3.35,5.59,7.06,7.06,5.72,1.3399999999999999
Japan,JPN,1997,2.117368965919877,-13.1223769726878,65567.5,0.511557280242968,37.45896124132542,50.6200305421227,82.20711514917137,0.9812287321274684,120.99656936375,3.4,4.33,4.82,4.82,7.06,-2.2399999999999993
Japan,JPN,1998,2.809078816221147,-15.5182127048933,65141.6666666667,-6.803730536549988,39.63369181710706,50.34241961483001,80.15933464435561,-1.2703095420930832,130.894491019215,4.10833333333333,4.17,4.7,4.7,4.82,-0.1200000000000001
Japan,JPN,1999,2.4713287398277837,17.5720914839482,64623.3333333333,3.702269452449553,40.67600426214014,49.7184991940273,79.6560265970089,-0.3339511089294903,113.88800840884,4.68333333333333,4.42,4.93,4.93,4.7,0.22999999999999954
Japan,JPN,2000,2.627745288143604,11.7221642806361,64463.3333333333,9.562400673897749,40.56350805243462,49.17490031390515,78.95819535367603,2.7646688446789773,107.834718168115,4.71666666666667,4.49,5.0,5.0,4.93,0.07000000000000028
Japan,JPN,2001,1.9909324134233368,-22.7982337417348,64120.8333333333,1.1629473804356638,41.03506316519729,48.831301433783,75.39701141992491,0.3860826257845378,121.483810906961,5.03333333333333,5.75,6.05,6.05,5.0,1.0499999999999998
Japan,JPN,2002,2.5950399707686636,-18.0617038072206,63303.3333333333,0.7872794199455635,41.957335129356466,48.290137439552055,72.6463076369454,0.0419624991898604,125.254945307108,5.375,5.52,5.83,5.83,6.05,-0.21999999999999975
Japan,JPN,2003,3.0701657020796693,-6.24388832387946,63161.6666666667,3.393965212983793,41.88671978726217,48.46287859506235,71.93923481209617,1.5351461314445376,115.936335168455,5.25833333333333,5.23,5.57,5.57,5.83,-0.2599999999999998
Japan,JPN,2004,3.7248429236757,21.9398550704904,63285.8333333333,8.504060150375954,42.41303915845015,48.6086366335794,72.66287114224976,2.186094930120268,108.146907514587,4.71666666666667,4.0,4.26,4.26,5.57,-1.3100000000000005
Japan,JPN,2005,3.5194638968112972,13.3614275494533,63561.6666666667,5.945933210634858,42.315043196106174,48.3186519046407,71.91495086808236,1.8039207576164975,110.133319664032,4.425,3.58,3.87,3.87,4.26,-0.3899999999999997
Japan,JPN,2006,3.835545393822753,28.257003754861,63887.5,4.704135626034204,41.77127082112596,48.7416687876474,74.10136898452271,1.3723303265527629,116.354385061798,4.14166666666667,2.82,3.07,3.07,3.87,-0.8000000000000003
Japan,JPN,2007,4.64917783481207,2.1183934922952,64275.0,2.2706942389957567,42.09095882216921,48.61287859506235,70.41929802953523,1.483969411520346,117.755115142104,3.84166666666667,2.74,3.0,3.0,3.07,-0.06999999999999984
Japan,JPN,2008,2.7813634258874167,-28.4980842374002,64091.6666666667,0.7329667685083299,42.69390213501315,49.983108509374745,66.74811273691301,-1.2242890006326377,103.388148456616,3.99166666666667,2.49,2.76,2.76,3.0,-0.2400000000000002
Japan,JPN,2009,2.755941482422377,-26.9263240563491,63145.0,-15.560198934987172,43.97679063392668,47.92560447951131,60.04698436467019,-5.693217136702761,93.571545858429,5.06666666666667,2.91,3.27,3.27,2.76,0.5100000000000002
Japan,JPN,2010,3.8347265872414154,2.08854910849227,62981.6666666667,11.285497419870952,45.013763243339596,47.9150377534572,61.832153536236035,4.097896701507961,87.7606477821695,5.05,2.2,2.56,2.56,3.27,-0.71
Japan,JPN,2011,2.058291821290901,-7.26184254555981,62934.1666666667,5.727858638054231,46.04203181134979,47.9835369474845,63.00303175410259,0.0238095238095259,79.7067516233766,4.58333333333333,2.37,2.68,2.68,2.56,0.1200000000000001
Japan,JPN,2012,1.0053347857373665,-6.38696396481319,62796.6666666667,5.453191658173089,46.991607418046854,48.1123271400696,62.62692351682798,1.3747509991355522,79.8135743929983,4.35,2.27,2.64,2.64,2.68,-0.040000000000000036
Japan,JPN,2013,0.8861271809860916,45.8823261917445,63265.8333333333,3.1689276784887337,48.7067678624096,48.4735216764232,67.44417796011011,2.0051001768030345,97.5980702835812,4.025,1.18,1.5,1.5,2.64,-1.1400000000000001
Japan,JPN,2014,0.7849312352093732,12.5943408479451,63711.6666666667,8.125125519327478,49.93668964393724,50.955497582081954,66.62234833446608,0.2961865835390564,105.84750192923,3.59166666666667,2.29,2.7,2.7,1.5,1.2000000000000002
Japan,JPN,2015,3.0798405285508146,22.7076835052878,64018.3333333333,0.4398598757310072,51.488395795045456,50.4,67.80455675053787,1.5606458659824587,121.002299352218,3.375,2.3,2.83,2.83,2.7,0.1299999999999999
Japan,JPN,2016,3.846681445867825,-12.55528296444,64701.6666666667,-1.1753645572366245,52.84452377673481,49.8863705777552,69.76459154421674,0.7538453304073878,108.802707039338,3.11666666666667,2.55,3.12,3.12,2.83,0.29000000000000004
Japan,JPN,2017,4.171595030233448,19.6505788363071,65424.1666666667,3.3067873189640427,54.8344666000766,50.42026228034868,70.63189283335687,1.6753129971639764,112.18305579867,2.80833333333333,2.51,3.06,3.06,3.12,-0.06000000000000005
Japan,JPN,2018,3.509570062122051,6.5391530789428,66820.0,3.813663087805211,55.76451568291583,51.169019174806415,69.80616463144794,0.6434091651246501,110.437805555556,2.44166666666667,2.45,3.03,3.03,3.06,-0.03000000000000025
Japan,JPN,2019,3.3820133876469907,-7.76394911420197,67495.8333333334,0.9882083678966032,56.611273227561306,51.14640979853494,68.48960093904965,-0.4021871540211744,109.045862914863,2.35,3.53,11.32,11.32,3.03,8.290000000000001
Japan,JPN,2020,2.9002847992733565,0.120900536581008,67102.5,-6.7631885023189415,61.263245871091115,50.886797917380164,65.23223747132677,-4.16878266985247,106.762402652299,2.775,2.22,3.23,3.23,11.32,-8.09
Japan,JPN,2021,3.8596040429936744,22.2153918730209,67124.1666666666,5.20649795127363,64.62014304579228,50.886797917380164,66.44822854087256,2.6965934367690085,109.765277471924,2.81666666666667,1.84,2.69,2.69,3.23,-0.54
Japan,JPN,2022,1.913292655844513,-1.6482962808615,67225.8333333334,8.254588643249422,65.09702166090682,50.886797917380164,64.56526923025089,0.9604069587713918,131.428293972332,2.6,1.64,2.42,2.42,2.69,-0.27
"Korea, Rep.",KOR,1988,6.214906800779385,66.0040713686984,16869.3333333333,13.16744049719312,16.211488078727967,21.24637349879762,20.99424706229825,12.133195110717214,730.011780461276,2.58333333333333,13.95,13.94,13.94,,
"Korea, Rep.",KOR,1989,1.5456217980070366,32.5254273966674,17560.5833333333,15.878009429573504,15.554945603861198,21.530811081730874,20.99424706229825,7.165017379238456,669.168622831015,2.58333333333333,10.61,10.61,10.61,13.94,-3.33
"Korea, Rep.",KOR,1990,-0.9180796222226084,-18.6796937368459,18084.75,13.38914933509104,17.83032996937199,24.568919756246956,20.99424706229825,10.024921815543934,707.995120039068,2.45833333333333,9.54,9.54,9.54,10.61,-1.0700000000000003
"Korea, Rep.",KOR,1991,-2.3728701431886208,-12.031324951752,18648.75,19.9748642771408,16.831572843512504,26.841579787305797,23.02213716421745,10.874951562144767,733.229307384989,2.45,9.035,9.035,9.035,9.54,-0.504999999999999
"Korea, Rep.",KOR,1992,-0.7918722096370888,-10.6497920259714,19009.3333333333,4.64528538434089,15.82828084847134,26.65963190921027,24.3748028403901,6.351591996064402,780.012268752896,2.525,8.53,8.53,8.53,9.035,-0.5050000000000008
"Korea, Rep.",KOR,1993,0.4087764647262681,24.0157256805473,19234.5,7.051282051282056,16.07553536264396,27.08426778464529,25.44704735430995,6.994735024277161,802.436065411634,2.9,7.966666666666666,7.966666666666666,7.966666666666666,8.53,-0.5633333333333335
"Korea, Rep.",KOR,1994,-0.9760550685143784,32.6233992149144,19848.4166666667,25.767840294450103,17.472792884478732,29.36334954900911,28.261619636204202,9.3718182887958,804.268267716266,2.475,7.403333333333333,7.403333333333333,7.403333333333333,7.966666666666666,-0.5633333333333326
"Korea, Rep.",KOR,1995,-1.741038688800848,-3.20826681624024,20414.4166666667,23.232888189692236,18.165288816678782,29.64610753844039,31.6404464630271,9.735893750540908,771.397991115025,2.06666666666667,6.84,6.84,6.84,7.403333333333333,-0.5633333333333335
"Korea, Rep.",KOR,1996,-3.8715160700493465,-10.9542816030725,20853.0833333333,13.8159223141801,19.006550311245743,31.21761621872908,34.3320325918267,7.990429825268356,804.420160213414,2.05833333333333,15.02,15.02,15.02,6.84,8.18
"Korea, Rep.",KOR,1997,-1.7542034971749343,-21.557869443332,21213.9166666667,1.7968428946063968,19.16686037658484,32.25124051216224,35.96467288214985,6.282192653792912,950.507427094581,2.61666666666667,13.45,13.45,13.45,15.02,-1.5700000000000003
"Korea, Rep.",KOR,1998,10.249558321123343,-37.4245673150559,19937.4166666667,-24.585562067627276,19.61281733655858,36.04502606313508,48.86321241724497,-4.938929746314101,1400.47698334274,6.95,13.61,13.61,13.61,13.45,0.16000000000000014
"Korea, Rep.",KOR,1999,4.261251578126012,96.2055292433087,20291.1666666667,24.60217928766156,19.507576873099318,32.95720420704139,42.92887587099706,11.617262955959127,1186.70580525754,6.58333333333333,5.9,5.9,5.9,13.61,-7.709999999999999
"Korea, Rep.",KOR,2000,1.6943042899141365,-8.51538938944558,21172.9833333333,22.43628248573182,17.69762951023798,34.41568334043095,43.317365111663044,9.201858388047892,1130.63979076479,4.425,9.55,9.55,9.55,5.9,3.6500000000000004
"Korea, Rep.",KOR,2001,0.3954965305442637,-21.9145766502238,21613.6583333333,-3.510059424170646,20.773800722380848,36.67299291106576,48.07610681779981,4.725945620361887,1290.40959606416,4.0,10.41,10.41,10.41,9.55,0.8599999999999994
"Korea, Rep.",KOR,2002,0.6475424460881753,32.1656370740651,22231.4833333333,15.136806204136873,24.953703633023146,36.977675466068916,51.257416444730886,7.7439982124746445,1251.04512772792,3.25833333333333,9.98,9.98,9.98,10.41,-0.4299999999999997
"Korea, Rep.",KOR,2003,1.503973990461431,-10.1737950838806,22221.6,10.603392838245949,24.15162307987092,38.60515553959192,55.30005063413096,3.0747263453070808,1190.95874034601,3.55,9.7,9.72,9.72,9.98,-0.2599999999999998
"Korea, Rep.",KOR,2004,3.5737850882459288,22.6650469846702,22681.8666666667,12.012140753549549,23.980141792286418,39.9661271592942,57.715487591910026,5.183636413277402,1145.1965275425,3.65833333333333,9.25,9.27,9.27,9.72,-0.45000000000000107
"Korea, Rep.",KOR,2005,1.2681248198898505,28.5080728570729,22831.0416666667,7.981283123798408,26.10788355214023,40.59883565366897,59.69089500702455,4.358228128163251,1024.2257049611,3.75,7.95,7.97,7.97,9.27,-1.2999999999999998
"Korea, Rep.",KOR,2006,0.1761013723659364,26.2800558951585,23188.0666666667,12.61390551672206,28.309530332518445,41.22259934025331,62.131799367996706,5.245005505803406,954.748043321413,3.475,7.43,7.46,7.46,7.97,-0.5099999999999998
"Korea, Rep.",KOR,2007,0.8628613121992722,26.716093932331,23561.1083333333,11.491961737948287,31.983407248676478,42.385116434791186,66.3834728598597,5.841963391871702,929.450355260681,3.25833333333333,7.13,7.41,7.41,7.46,-0.04999999999999982
"Korea, Rep.",KOR,2008,0.4036144306875853,-10.4813569140052,23774.8166666667,3.3550063633024036,35.82534866421441,45.37658261952369,62.569899186494766,3.0044045167957103,1100.86183927787,3.175,8.26,8.37,8.37,7.41,0.9599999999999991
"Korea, Rep.",KOR,2009,3.5203300271364646,-7.13060018902311,23687.6083333333,-6.6059323245902615,36.451992207391044,45.60426864791402,65.39591168860132,0.8198685948107913,1274.94679920321,3.63333333333333,7.8,7.89,7.89,8.37,-0.47999999999999954
"Korea, Rep.",KOR,2010,2.3645537624772146,23.5859126114277,24032.8083333333,17.815916372681905,39.34229958678532,46.995593096850584,69.90913758176872,6.981654132196849,1155.43126270469,3.70833333333333,7.19,7.31,7.31,7.89,-0.5800000000000001
"Korea, Rep.",KOR,2011,1.2619610383104058,12.6277169260341,24526.4416666667,14.575137481497068,39.544844625934715,49.37179114395512,70.33000287139016,3.6880384004317337,1107.30236624788,3.40833333333333,7.32,7.45,7.45,7.31,0.14000000000000057
"Korea, Rep.",KOR,2012,3.61269566144127,-2.6141984783475,24954.7916666667,2.6254673888746214,43.62993641894096,49.488114954686615,70.1873923829465,2.547659235275435,1125.93484378725,3.225,7.59,7.72,7.72,7.45,0.2699999999999996
"Korea, Rep.",KOR,2013,5.390529746642882,1.52317163990847,25299.3583333333,1.8572080158872335,45.949712088982984,49.67503487684476,76.58089957762753,3.291395954344194,1094.92560537832,3.1,7.85,7.99,7.99,7.72,0.27000000000000046
"Korea, Rep.",KOR,2014,5.334858772322344,1.04672346205813,25897.2083333333,1.3669748094559555,49.05487832744717,50.28669837261513,73.75629161973113,3.2146744241169154,1053.06434837506,3.49166666666667,6.1,7.99,7.99,7.99,0.0
"Korea, Rep.",KOR,2015,6.829176174381481,1.44988822762388,26177.6916666667,1.9424980013917867,54.91341872919742,50.35316588622784,76.24792874896438,2.92029842926199,1131.30928845913,3.59166666666667,5.72,8.42,8.42,7.99,0.4299999999999997
"Korea, Rep.",KOR,2016,6.2315359372745505,-1.25402227697132,26409.1083333333,5.428489429003847,58.23817095383605,50.971685739912104,84.04931293441129,3.171527489839332,1160.58940178179,3.675,8.67,8.83,8.83,8.42,0.41000000000000014
"Korea, Rep.",KOR,2017,4.401888405360689,16.3074041329004,26724.8333333333,7.921859672769787,61.13351009248245,52.43962157770582,87.47758845812714,3.433191763972017,1130.63498682477,3.68333333333333,5.05,9.07,9.07,8.83,0.2400000000000002
"Korea, Rep.",KOR,2018,4.245653865363241,0.744678010911301,26822.0666666667,1.6369810489389098,65.27012603285318,52.964952058388725,83.01194645557429,3.17611568177329,1100.18592391304,3.83333333333333,4.83,9.07,9.07,9.07,0.0
"Korea, Rep.",KOR,2019,3.4089056195185257,-9.40943109671352,27122.7,-2.019265454488066,70.62255616683247,52.61856222777304,82.95843864112128,2.3137971703700697,1165.29383430579,3.78333333333333,5.155,9.745000000000001,9.745000000000001,9.07,0.6750000000000007
"Korea, Rep.",KOR,2020,4.256222823034841,5.36034059509266,26904.3333333333,-3.260358074763548,76.32527181297921,52.97739041323588,82.2843541932149,-0.700242351321576,1180.12780593199,3.94166666666667,5.48,10.42,10.42,9.745000000000001,0.6749999999999989
"Korea, Rep.",KOR,2021,4.387028565067147,40.009117206758,27272.7916666667,10.186990706615449,83.36543991996498,55.274753249128175,83.67102992910769,4.612977894611261,1144.45617832047,3.675,4.85,8.9,8.9,10.42,-1.5199999999999996
"Korea, Rep.",KOR,2022,1.3296609079906117,-18.8575881600869,28089.125,4.15302341102131,87.81531640809771,59.319983011722265,87.29917497182032,2.7275644404280817,1291.40852484472,2.88333333333333,5.66,8.67,8.67,8.9,-0.23000000000000043
Lithuania,LTU,1991,1.3296609079906117,-18.8575881600869,28089.125,4.15302341102131,87.81531640809771,0.346458333333333,87.29917497182032,2.7275644404280817,1.2581286685,2.88333333333333,5.66,8.67,8.67,,
Lithuania,LTU,1992,1.3296609079906117,-18.8575881600869,28089.125,4.15302341102131,87.81531640809771,512.2515242884367,87.29917497182032,2.7275644404280817,1.2581286685,2.88333333333333,5.66,8.67,8.67,8.67,0.0
Lithuania,LTU,1993,1.3296609079906117,-18.8575881600869,28089.125,4.15302341102131,87.81531640809771,215.13503344732464,87.29917497182032,2.7275644404280817,1.2581286685,2.88333333333333,2.55,2.89,2.89,8.67,-5.779999999999999
Lithuania,LTU,1994,1.3296609079906117,-18.8575881600869,28089.125,29.40200758098306,87.81531640809771,53.19623664155475,87.29917497182032,5.026942367737743,1.15203602858333,2.88333333333333,2.55,2.89,2.89,2.89,0.0
Lithuania,LTU,1995,1.3296609079906117,-18.8575881600869,28089.125,29.40200758098306,87.81531640809771,43.66012284974785,87.29917497182032,5.026942367737743,1.158480074,2.88333333333333,2.55,2.89,2.89,2.89,0.0
Lithuania,LTU,1996,1.3296609079906117,-18.8575881600869,28089.125,29.40200758098306,87.81531640809771,42.01864352655835,58.97693353337996,5.026942367737743,1.158480074,2.88333333333333,2.415,2.7800000000000002,2.7800000000000002,2.89,-0.10999999999999988
Lithuania,LTU,1997,1.3296609079906117,-18.8575881600869,28089.125,29.1179519676452,87.81531640809771,36.78477840899612,58.97693353337996,8.300630468590004,1.158480074,14.6416666666667,2.28,2.67,2.67,2.7800000000000002,-0.11000000000000032
Lithuania,LTU,1998,1.3296609079906117,-18.8575881600869,28089.125,6.418828284848364,87.81531640809771,36.5170935958765,58.97693353337996,7.462936804372888,1.158480074,14.6416666666667,1.9499999999999997,2.6,2.6,2.67,-0.06999999999999984
Lithuania,LTU,1999,1.3296609079906117,-15.9577331492624,28089.125,-14.507557694764966,87.81531640809771,34.594337813278734,19.57213411163142,-1.097004652401745,1.158480074,14.6416666666667,1.6199999999999999,2.53,2.53,2.6,-0.07000000000000028
Lithuania,LTU,2000,1.3296609079906117,-15.9577331492624,28089.125,6.39178132694954,87.81531640809771,35.05738273942876,21.42905420933563,3.4186202266076062,1.158480074,16.4416666666667,1.29,2.46,2.46,2.53,-0.06999999999999984
Lithuania,LTU,2001,1.3296609079906117,-15.9577331492624,28089.125,19.71746496530878,87.81531640809771,35.72270182075577,32.12995860765217,6.484124532691435,1.158480074,17.4166666666667,0.96,2.3899999999999997,2.3899999999999997,2.46,-0.07000000000000028
Lithuania,LTU,2002,-7.631276106416395,5.86193359092507,28089.125,20.127980582795473,87.81531640809771,35.27853247183941,35.30539298773395,6.719840347658394,1.06492074058333,13.775,0.63,2.32,2.32,2.3899999999999997,-0.06999999999999984
Lithuania,LTU,2003,-7.631276106416395,57.520396611625,1434.45,9.5970229616554,87.81531640809771,34.17205405838208,44.145547554917016,10.551897513155884,0.886488260666666,12.4333333333333,0.66,2.33,2.33,2.32,0.010000000000000231
Lithuania,LTU,2004,-7.631276106416395,62.6945380650277,1434.45,18.45028945182476,87.81531640809771,35.72565959385672,44.084474557452104,6.502034944414999,0.80531501,10.8916666666667,2.24,3.64,3.64,2.33,1.31
Lithuania,LTU,2005,-7.300113159125562,86.9757275268277,1434.45,19.659345893446183,87.81531640809771,37.40713825365965,46.336466324272266,7.731446160533355,0.803413171833334,8.31666666666667,2.46,3.54,3.54,3.64,-0.10000000000000009
Lithuania,LTU,2006,-10.596845885381171,2.33318805218717,1428.95,14.302398076674509,87.81531640809771,39.29645168696999,52.8559902248322,7.395480953860798,0.797099455333334,5.79166666666667,2.3,3.33,3.33,3.54,-0.20999999999999996
Lithuania,LTU,2007,-15.103638356946783,25.0946347754439,1451.575,10.647597778969669,87.81531640809771,42.44272441399922,56.541050678694255,11.077928961529471,0.73092128125,4.25833333333333,2.24,3.23,3.23,3.33,-0.10000000000000009
Lithuania,LTU,2008,-12.975606689119417,-26.5306706886348,1427.1,10.820306443673184,87.81531640809771,49.36090531208275,57.02560428543078,2.599460544470411,0.682656105166667,5.825,1.72,2.99,2.99,3.23,-0.23999999999999977
Lithuania,LTU,2009,1.934753857492292,-44.2417549102406,1317.4,-28.653757786095696,87.81531640809771,48.079280615925995,25.184932139366584,-14.83861071314788,0.719425780083334,13.8,1.85,3.23,3.23,2.99,0.23999999999999977
Lithuania,LTU,2010,0.0344498089222586,55.9634310214924,1247.65,16.810717051048982,87.81531640809771,47.117260976944024,39.677929697314006,0.4271992710821663,0.754846308333333,17.8416666666667,2.13,3.08,3.08,3.23,-0.1499999999999999
Lithuania,LTU,2011,-3.952818908230577,11.2272899318698,1253.625,14.217429293039688,87.81531640809771,50.441621146558774,50.02064145177676,6.323636618841638,0.718576228,15.3916666666667,1.59,3.0,3.0,3.08,-0.08000000000000007
Lithuania,LTU,2012,-1.6017842780361315,-10.0071417217594,1275.725,5.169700764177383,87.81531640809771,51.41629971861043,44.05360519006292,4.382904806674519,0.778003842333334,13.4083333333333,1.46,2.84,2.84,3.0,-0.16000000000000014
Lithuania,LTU,2013,1.5783952894233,19.3433871015891,1292.775,5.811386652835736,87.81531640809771,50.91743968532675,49.649401584558824,4.046915411414947,0.753304081666666,11.8,1.49,2.95,2.95,2.84,0.11000000000000032
Lithuania,LTU,2014,3.4742255390557224,14.1226155709393,1319.025,-1.8107851685647187,87.81531640809771,50.49786650471687,51.94861579983208,3.772542639424485,0.753096520666667,10.725,2.03,3.07,3.07,2.95,0.11999999999999966
Lithuania,LTU,2015,-2.5557739426922943,6.6453933224592,1334.925,9.50237433298619,87.81531640809771,49.557947130583045,51.044908918689224,2.832806304836237,0.901451643908024,9.13333333333334,2.02,3.09,3.09,3.07,0.020000000000000018
Lithuania,LTU,2016,-0.934218184719621,7.21098758433116,1361.4,4.04429018624155,87.81531640809771,50.9055208710637,48.8114537463365,2.6719220913532293,0.904281526915114,7.9,2.09,3.29,3.29,3.09,0.20000000000000018
Lithuania,LTU,2017,0.8877208337470675,16.754558191325,1354.8,11.196899984084698,87.81531640809771,54.19250264485199,56.74557632340082,4.612243508817237,0.887107173889516,7.11666666666666,1.96,3.27,3.27,3.29,-0.020000000000000018
Lithuania,LTU,2018,0.2021876980148358,12.3663520506597,1374.725,5.940090702822494,87.81531640809771,55.09187639604198,61.372426650507265,4.918368594299827,0.847324485146496,6.18333333333333,1.83,3.11,3.11,3.27,-0.16000000000000014
Lithuania,LTU,2019,3.803227382432039,-0.870173011728958,1378.425,6.096500040878912,87.81531640809771,56.164800523273605,62.73276648818818,4.677351908165784,0.893348371188594,6.28333333333333,1.84,3.08,3.08,3.11,-0.029999999999999805
Lithuania,LTU,2020,7.110828494544435,8.6668222634417,1358.15,-4.336830638124383,87.81531640809771,56.25740555825136,59.57143303705973,0.0428149863078954,0.877541570440429,8.51666666666667,1.48,2.8,2.8,3.08,-0.28000000000000025
Lithuania,LTU,2021,1.847939007243841,25.0379822387817,1368.625,19.17433265965727,87.81531640809771,60.60597210451728,77.16524725134897,6.3948169618030635,0.845553392731664,7.141666666666666,1.39,2.85,2.85,2.8,0.050000000000000266
Lithuania,LTU,2022,-5.816733126646864,-0.447511834201835,1420.825,12.99666008995552,87.81531640809771,79.5977105759197,76.0871648026144,2.4653210033137047,0.950882523746784,5.95,1.33,2.68,2.68,2.85,-0.16999999999999993
Luxembourg,LUX,1988,-5.816733126646864,-0.447511834201835,124.010036333333,12.99666008995552,87.81531640809771,28.462230891838125,40.61211281077117,2.4653210033137047,0.911552416672657,2.0,1.33,2.68,2.68,,
Luxembourg,LUX,1989,-5.816733126646864,-0.447511834201835,128.109541666667,12.99666008995552,87.81531640809771,30.36465494113392,43.773080178966275,2.4653210033137047,0.976692844222883,1.78333333333333,1.33,2.68,2.68,2.68,0.0
Luxembourg,LUX,1990,-5.816733126646864,-0.447511834201835,133.591438333333,12.99666008995552,87.81531640809771,31.23920839343986,40.645204934501606,2.4653210033137047,0.828512424010306,1.65833333333333,1.33,2.68,2.68,2.68,0.0
Luxembourg,LUX,1991,-5.816733126646864,-0.447511834201835,139.216341,12.99666008995552,87.81531640809771,32.09492443225164,40.99172692132722,2.4653210033137047,0.846844150167287,1.65833333333333,1.33,2.68,2.68,2.68,0.0
Luxembourg,LUX,1992,-5.816733126646864,-0.447511834201835,142.862994,12.99666008995552,87.81531640809771,33.07597809724284,41.06223720491128,2.4653210033137047,0.7968843089183,2.06666666666667,1.33,2.68,2.68,2.68,0.0
Luxembourg,LUX,1993,12.07553019428692,-0.447511834201835,145.341764666667,12.99666008995552,87.81531640809771,34.42315910669827,37.91694579248617,2.4653210033137047,0.856441347978883,2.58333333333333,1.33,2.68,2.68,2.68,0.0
Luxembourg,LUX,1994,12.07553019428692,-0.447511834201835,148.702405666667,7.812921488491204,87.81531640809771,34.44261782152773,41.65915335624725,1.3980806959466427,0.829467640392432,3.175,1.33,2.68,2.68,2.68,0.0
Luxembourg,LUX,1995,12.07553019428692,-0.447511834201835,152.801911,7.812921488491204,87.81531640809771,34.901874851592936,39.92835502702504,1.3980806959466427,0.731216901049994,2.86666666666667,1.33,2.68,2.68,2.68,0.0
Luxembourg,LUX,1996,11.790528436022164,-0.447511834201835,156.543901333333,7.812921488491204,87.81531640809771,34.962090658169764,37.85001073114837,1.3980806959466427,0.767861554771661,2.925,1.33,2.68,2.68,2.68,0.0
Luxembourg,LUX,1997,10.487647401376115,-0.447511834201835,162.5027532081,16.02126018357761,87.81531640809771,35.52393169302178,43.24632036277905,5.419723057270698,0.886427168469266,2.7,1.33,2.68,2.68,2.68,0.0
Luxembourg,LUX,1998,8.741270616683387,37.8792892463155,170.6,17.3889116438526,87.81531640809771,35.6534252973089,42.69528678817587,6.6741981970653095,0.899794413636788,2.69166666666667,1.33,2.68,2.68,2.68,0.0
Luxembourg,LUX,1999,8.207221873287931,37.8792892463155,176.1,13.164531601564876,87.81531640809771,36.04734253904159,48.080874913355814,8.176134800060433,0.938562898111359,2.40833333333333,1.33,2.68,2.68,2.68,0.0
Luxembourg,LUX,2000,12.184500728350065,37.8792892463155,180.9,16.87834278416172,87.81531640809771,38.22974660449158,48.00265752697058,6.938181063261822,1.0850960701302,2.23333333333333,1.33,2.68,2.68,2.68,0.0
Luxembourg,LUX,2001,9.06861553689129,-33.6477971562653,185.3,6.830096836729426,87.81531640809771,38.96268100393576,50.52216506972618,3.0743526958937477,1.11663108833636,1.9,1.33,2.68,2.68,2.68,0.0
Luxembourg,LUX,2002,7.44440876296968,-30.7517367063636,188.2,-1.4888608569708413,87.81531640809771,39.448309758060496,51.884366304780464,3.2253046821125113,1.06106513282085,2.55833333333333,1.33,2.68,2.68,2.68,0.0
Luxembourg,LUX,2003,7.443423079856121,-12.2321477569985,187.1,3.643480618029473,87.81531640809771,40.22355525393923,54.11631592341768,2.6192503301894083,0.885163216727309,3.80833333333333,1.33,2.68,2.68,2.68,0.0
Luxembourg,LUX,2004,7.816329609486341,26.5510801843011,188.4,9.095358499475866,87.81531640809771,41.183911949543514,55.68258072753702,4.230676895315477,0.804862094234843,4.95,1.33,2.68,2.68,2.68,0.0
Luxembourg,LUX,2005,8.00193693037798,24.3723497932537,193.6,6.147680228180219,87.81531640809771,42.311763022606506,55.30633500319399,2.4825096520080487,0.804619415077062,4.65,1.33,2.68,2.68,2.68,0.0
Luxembourg,LUX,2006,6.240166210562599,47.599836151828,195.3,11.491631262097265,87.81531640809771,43.49607413955202,57.01232500536733,6.016608710353729,0.796697220760242,4.575,1.33,2.68,2.68,2.68,0.0
Luxembourg,LUX,2007,6.186255170642955,31.2703281086829,202.9,2.5636028838013813,87.81531640809771,44.29414597559728,56.76251851783206,8.098524228940741,0.730485427146717,4.16666666666667,1.33,2.68,2.68,2.68,0.0
Luxembourg,LUX,2008,6.613327064223986,-13.9628817429078,202.375,2.1805766795638686,87.81531640809771,46.30635648179448,52.17621223076883,-0.3022763912071637,0.683982339822683,4.91666666666667,1.33,2.68,2.68,2.68,0.0
Luxembourg,LUX,2009,4.937030187532398,-42.1819758981018,217.2,-9.07344293062781,87.81531640809771,44.953604332277806,42.589884238445585,-3.238952605918348,0.719800423489554,5.11666666666667,1.33,2.68,2.68,2.68,0.0
Luxembourg,LUX,2010,5.63335981837815,24.6725780761266,220.8,14.253119019941812,87.81531640809771,46.92433955810772,53.817753671705674,3.760409312537147,0.755043518257105,4.58333333333333,1.33,2.68,2.68,2.68,0.0
Luxembourg,LUX,2011,4.171680023597719,-12.5860388095733,224.775,6.745901660800186,87.81531640809771,49.05450837200834,52.49531472791367,1.0442830299478352,0.719158754470168,4.83333333333333,1.33,2.68,2.68,2.68,0.0
Luxembourg,LUX,2012,4.1088412247804715,-17.0646883664483,236.075,1.7603576570912518,87.81531640809771,49.941420827540085,46.85633450409125,1.6497116593683476,0.778006210395884,5.06666666666667,1.33,2.68,2.68,2.68,0.0
Luxembourg,LUX,2013,2.77221889016648,-3.05593838670451,238.7,6.2294282081341565,87.81531640809771,50.31993648426254,46.17178762871671,3.17168511742383,0.753297658306669,5.875,1.33,2.68,2.68,2.68,0.0
Luxembourg,LUX,2014,7.057190466315491,10.6561061377064,245.625,8.236166574981803,87.81531640809771,50.07802199272035,51.907141359697846,2.6230902148764614,0.753695140645586,6.05,1.33,2.68,2.68,2.68,0.0
Luxembourg,LUX,2015,4.621435274162948,-4.84221862202847,257.45,5.707648376560916,87.81531640809771,50.2373715807189,50.25337717474752,2.268356917772726,0.901451643908024,6.45833333333333,1.33,2.68,2.68,2.68,0.0
Luxembourg,LUX,2016,7.406855038980677,-12.5868884551774,260.475,3.7519892475094574,87.81531640809771,50.290833333333154,50.85636187793063,4.978183048878004,0.904281526915114,6.33333333333333,1.33,2.68,2.68,2.68,0.0
Luxembourg,LUX,2017,8.7908172692101,15.050736200151,271.825,0.7535226330697217,87.81531640809771,51.87873312892799,53.23403234957783,1.3171138608984634,0.887107173889516,5.61666666666667,1.33,2.68,2.68,2.68,0.0
Luxembourg,LUX,2018,6.2196108525631235,-0.997767165287018,279.9,3.4575730863785066,87.81531640809771,52.557014288203355,52.91910482624474,1.6112968548050195,0.847324485146496,5.5,1.33,2.68,2.68,2.68,0.0
Luxembourg,LUX,2019,6.094193645168515,-21.9900414176522,289.1,7.446418868288684,87.81531640809771,53.56749371160272,51.0791979304494,2.7493215824122155,0.893348371188594,5.59166666666667,1.33,2.68,2.68,2.68,0.0
Luxembourg,LUX,2020,3.667379244337607,-22.8177514429885,292.375,1.449291095837708,87.81531640809771,53.537895317730005,41.16324839251621,-0.510052342995236,0.877541570440429,6.69166666666667,1.33,2.68,2.68,2.68,0.0
Luxembourg,LUX,2021,7.532188606166201,62.6250047609033,306.825,13.394039828243605,87.81531640809771,55.73387671199734,53.860131041711035,6.929732453208205,0.845553392731664,5.425,1.33,2.68,2.68,2.68,0.0
Luxembourg,LUX,2022,7.049440503929178,-0.0211800764723075,312.0,2.4055097037125703,87.81531640809771,61.08967070555611,47.3864710072365,-1.097285509847366,0.950882523746784,4.6,1.33,2.68,2.68,2.68,0.0
Latvia,LVA,1991,7.049440503929178,-0.0211800764723075,312.0,2.4055097037125703,87.81531640809771,1.05071532125916,47.3864710072365,-1.097285509847366,0.960912762833334,4.6,1.33,2.68,2.68,,
Latvia,LVA,1992,7.049440503929178,-0.0211800764723075,312.0,2.4055097037125703,87.81531640809771,481.37324896625285,47.3864710072365,-1.097285509847366,0.960912762833334,4.6,1.33,2.68,2.68,2.68,0.0
Latvia,LVA,1993,7.049440503929178,-0.0211800764723075,312.0,2.4055097037125703,87.81531640809771,66.04179640297845,47.3864710072365,-1.097285509847366,0.960912762833334,4.6,1.33,2.68,2.68,2.68,0.0
Latvia,LVA,1994,7.049440503929178,-0.0211800764723075,312.0,26.729711860041096,87.81531640809771,33.65760787369705,47.3864710072365,2.2999612304055543,0.796452496,4.6,2.18,2.18,2.18,2.68,-0.5
Latvia,LVA,1995,7.049440503929178,-0.0211800764723075,312.0,26.729711860041096,87.81531640809771,32.10325605441395,47.3864710072365,2.2999612304055543,0.750683452916666,4.6,2.18,2.18,2.18,2.18,0.0
Latvia,LVA,1996,7.049440503929178,-0.0211800764723075,986.1,26.729711860041096,87.81531640809771,31.874862875263652,47.3864710072365,2.2999612304055543,0.783646649666666,4.6,2.18,2.18,2.18,2.18,0.0
Latvia,LVA,1997,7.049440503929178,-0.0211800764723075,986.1,4.534692001189086,87.81531640809771,29.242111508014194,47.3864710072365,9.17148526709802,0.826569949333333,14.0666666666667,3.21,3.21,3.21,2.18,1.0299999999999998
Latvia,LVA,1998,-4.240096351710617,-0.0211800764723075,986.1,16.767585258364797,87.81531640809771,28.502429499577786,57.81785316476343,6.549995157993586,0.839257222916667,14.0666666666667,3.0475,3.0475,3.0475,3.21,-0.1625000000000001
Latvia,LVA,1999,-4.240096351710617,38.192504280877,971.8,-5.204804767991296,87.81531640809771,27.981847037370812,57.81785316476343,2.8184117867195524,0.832617154583334,14.0666666666667,2.885,2.885,2.885,3.0475,-0.1625000000000001
Latvia,LVA,2000,-4.240096351710617,38.192504280877,941.6,2.7542535512822632,87.81531640809771,28.837891159695822,57.81785316476343,5.841012750580872,0.862971753166666,14.3416666666667,2.7225,2.7225,2.7225,2.885,-0.16249999999999964
Latvia,LVA,2001,-6.955699437257951,38.192504280877,933.8,15.566449401076834,87.81531640809771,29.438491174285993,36.10477625749288,6.460585561072665,0.8934449245,13.475,2.56,2.56,2.56,2.7225,-0.1625000000000001
Latvia,LVA,2002,-6.330323663917585,13.3362214737901,955.45,2.700508226135297,87.81531640809771,29.711075367929382,40.796280524384954,7.665494318170787,0.879607495833333,12.4916666666667,2.4533333333333336,2.92,2.92,2.56,0.3599999999999999
Latvia,LVA,2003,-7.984450228491996,22.380600082203,962.05,11.785557385701294,87.81531640809771,31.058721273164657,44.10939788786853,8.42913257059108,0.813135667916666,11.65,2.3466666666666667,3.2800000000000002,3.2800000000000002,2.92,0.3600000000000003
Latvia,LVA,2004,-12.720073979649198,35.9833015395363,963.85,20.6321874501455,87.81531640809771,34.51575716960946,47.632429335779,8.725138220106603,0.76868278125,11.7416666666667,2.24,3.64,3.64,3.2800000000000002,0.3599999999999999
Latvia,LVA,2005,-12.20366334282838,50.3429301074605,972.35,16.97438476529442,87.81531640809771,36.91412493367385,52.0027412510477,11.615323191071903,0.803519426,10.0416666666667,2.46,3.54,3.54,3.64,-0.10000000000000009
Latvia,LVA,2006,-21.669479014419807,21.4220472854871,1030.925,21.765399739643605,87.81531640809771,39.00023329382938,56.06212690836707,12.825013564247389,0.797389219833333,7.03333333333333,2.3,3.33,3.33,3.54,-0.20999999999999996
Latvia,LVA,2007,-21.962565355950005,11.8784246343675,1057.45,17.4219565967813,87.81531640809771,44.385058792458395,56.87500365371536,10.414533878750078,0.731059679,6.075,2.24,3.23,3.23,3.33,-0.10000000000000009
Latvia,LVA,2008,-12.924006882354838,-30.702226435949,1054.925,-11.224316813715063,87.81531640809771,53.09878163658266,52.117034372514716,-3.388710015877171,0.684140481,7.75,1.72,2.99,2.99,3.23,-0.23999999999999977
Latvia,LVA,2009,8.386317728037234,-45.6338278869612,908.5,-30.893209249410944,87.81531640809771,48.76907586429469,23.673179126041987,-16.040026648089018,0.719332843916667,17.55,1.85,3.23,3.23,2.99,0.23999999999999977
Latvia,LVA,2010,2.7935104776395008,39.0969406915944,850.675,12.73768845642086,87.81531640809771,45.94990369159092,40.177334285610925,-3.66125042948869,0.754797923666666,19.475,2.13,3.08,3.08,3.23,-0.1499999999999999
Latvia,LVA,2011,-2.82467257337087,12.863914119037,861.575,22.575907443193476,87.81531640809771,50.70964154969609,46.513397285814676,3.0363404274189185,0.7131907805,16.2083333333333,1.59,3.0,3.0,3.08,-0.08000000000000007
Latvia,LVA,2012,-3.406884446345266,-5.74496666250924,875.625,5.218574269966544,87.81531640809771,50.74874420520632,51.85132738230613,7.305240883915618,0.7781330215,15.0416666666667,1.46,2.84,2.84,3.0,-0.16000000000000014
Latvia,LVA,2013,-3.005985600509159,12.5527396413379,893.875,-0.12734191232997,87.81531640809771,49.590506777537755,48.38708846853985,2.0960943439214224,0.753256479166666,11.8583333333333,1.49,2.95,2.95,2.84,0.11000000000000032
Latvia,LVA,2014,-1.6717489003314716,0.905642777021832,884.65,2.99891164176435,87.81531640809771,50.22327699166466,50.773629905388844,2.0949636683219346,0.753695140645586,10.8416666666667,2.03,3.07,3.07,2.95,0.11999999999999966
Latvia,LVA,2015,-0.1642501953313861,9.33384521647122,896.075,1.013343862126869,87.81531640809771,50.08712070296538,51.15836160076905,3.783363159132336,0.901451643908024,9.875,2.02,3.09,3.09,3.07,0.020000000000000018
Latvia,LVA,2016,1.7225773643374398,37.5174040267284,893.275,4.1897024351051915,87.81531640809771,50.14063083333318,48.289712443164426,2.5516896978781345,0.904281526915114,9.63333333333333,2.09,3.29,3.29,3.09,0.20000000000000018
Latvia,LVA,2017,1.27992600567111,37.5813024654972,894.825,8.563528899658882,87.81531640809771,53.00274491549593,59.84782703219627,3.3989450177135954,0.887107173889516,8.70833333333334,1.96,3.27,3.27,3.29,-0.020000000000000018
Latvia,LVA,2018,-0.3445404528320035,11.5515162259538,909.375,6.328858030769766,87.81531640809771,54.1109890660251,63.74268967027743,4.309712862945019,0.847324485146496,7.4,1.83,3.11,3.11,3.27,-0.16000000000000014
Latvia,LVA,2019,-0.1183752156119998,0.933596993021423,910.025,2.0274607180472586,87.81531640809771,55.73511131342064,61.407245103124346,0.6753727718842378,0.893348371188594,6.31666666666667,1.84,3.08,3.08,3.11,-0.029999999999999805
Latvia,LVA,2020,2.983814074712583,3.88444499845002,892.975,-1.122767313893189,87.81531640809771,54.557955115078016,60.898947108048475,-3.4692242047105144,0.877541570440429,8.09166666666667,1.48,2.8,2.8,3.08,-0.28000000000000025
Latvia,LVA,2021,-3.940059063715587,14.8409852151418,869.475,15.139944572798871,87.81531640809771,57.869960797188135,63.27446470154394,6.942534649455396,0.845553392731664,7.575,1.39,2.85,2.85,2.8,0.050000000000000266
Latvia,LVA,2022,-5.142878502903634,-6.85008626793238,891.225,9.912790440859164,87.81531640809771,74.62112970916866,59.275396899643425,1.90853745103189,0.950882523746784,6.858333333333333,1.33,2.68,2.68,2.85,-0.16999999999999993
Mexico,MEX,1988,-5.142878502903634,16.5535342099169,23403.413,36.71420152610164,47.82779142829164,60.319323611070104,52.6941471658788,1.2832609974048896,2.28077548057179,3.54166666666667,1.33,2.68,2.68,,
Mexico,MEX,1989,-5.142878502903634,74.3775416039315,23403.413,17.96736100849005,22.43249629913359,13.890033671406105,54.841542483480595,4.10550933059427,2.49488340270781,2.925,11.91,11.91,11.91,2.68,9.23
Mexico,MEX,1990,-5.142878502903634,73.0396126789877,23403.413,19.744214109665563,24.860568975841645,18.247640449550257,59.16951963372438,5.175768386195298,2.84075232468045,2.74166666666667,11.91,11.91,11.91,11.91,0.0
Mexico,MEX,1991,-5.142878502903634,85.5921902440362,29225.523,15.17762819188788,20.403472563650286,17.36838339582372,61.60203509627817,4.214754839125776,3.02246744121494,2.69166666666667,11.91,11.91,11.91,11.91,0.0
Mexico,MEX,1992,-5.142878502903634,56.1331884519914,30259.0,19.6162862926034,11.94141433131324,14.727393182180219,64.9082483017724,3.541102415564606,3.09502014408933,2.78333333333333,10.745000000000001,11.77,11.77,11.91,-0.14000000000000057
Mexico,MEX,1993,-5.142878502903634,10.9306690473459,31340.506,9.69992173658108,14.399750855226474,12.52918653395575,66.68846938781023,3.165364497605753,3.11529444785304,3.425,9.58,11.629999999999999,11.629999999999999,11.77,-0.14000000000000057
Mexico,MEX,1994,-5.142878502903634,36.6286193430986,32439.0,18.088160415081035,12.437161599930608,11.669488452897472,71.852332061794,4.394127904462847,3.38859412577922,3.64166666666667,8.415,11.49,11.49,11.629999999999999,-0.1399999999999988
Mexico,MEX,1995,-5.142878502903634,-11.9562327567188,32174.886,-17.497019929837236,12.088051814878702,28.55145680352138,60.19429750797418,-5.910299618309955,6.42132883655065,6.26666666666667,7.25,11.35,11.35,11.49,-0.14000000000000057
Mexico,MEX,1996,-5.142878502903634,44.0709803955278,33495.833,18.10294677764202,17.828217130921175,32.04045621054651,67.5430145142688,6.21829713626201,7.60071016588826,5.525,14.02,14.02,14.02,11.35,2.67
Mexico,MEX,1997,-5.142878502903634,38.892222097332,35425.187,23.55420389314468,19.547779374178358,28.227244299914062,73.44138250366083,7.198876148665798,7.92356504532631,3.735,13.08,13.08,13.08,14.02,-0.9399999999999995
Mexico,MEX,1998,-5.142878502903634,-2.77481983189021,36356.971,14.42787589932133,19.717874193621824,28.732107456668423,79.11075490782044,6.185078944790975,9.15333505255646,3.16,13.05,13.05,13.05,13.08,-0.02999999999999936
Mexico,MEX,1999,-5.142878502903634,22.3373427603029,36774.938,11.77481586712186,19.448389450068667,32.50520755919224,81.0018893388884,2.7550303916146572,9.55296691682682,2.505,6.59,15.78,15.78,13.05,2.7299999999999986
Mexico,MEX,2000,-5.142878502903634,27.015846773369,37594.296,21.03133486864053,18.57817146118567,31.256312181881228,84.38517798556111,5.029284005872574,9.45306870255349,2.50583333333333,15.15,15.15,15.15,15.78,-0.629999999999999
Mexico,MEX,2001,-5.142878502903634,-8.31379585611452,37684.468,-0.298370379766991,25.365630659644737,31.382521445897886,81.09199150780982,-0.4508452644191076,9.34425728587636,2.75666666666667,15.24,15.24,15.24,15.15,0.08999999999999986
Mexico,MEX,2002,-5.142878502903634,6.90213160328579,38559.818,3.613854165243131,16.23986287133321,32.13261818673736,79.38788536328495,-0.2365880075742766,9.66048922308655,2.97833333333333,5.03,15.57,15.57,15.24,0.33000000000000007
Mexico,MEX,2003,-5.142878502903634,8.53153342540796,38877.605,3.012313030306508,15.818959188762886,33.23736710885416,80.2477858087423,1.1855448771224864,10.7947164413545,3.40583333333333,15.44,15.44,15.44,15.57,-0.13000000000000078
Mexico,MEX,2004,-0.2904766090309252,48.4857360490973,40216.101,7.02679295655496,17.111677593853237,34.759836261030394,83.73546387128573,3.565441010916453,11.2834859185802,3.91583333333333,3.0,13.85,13.85,15.44,-1.5899999999999999
Mexico,MEX,2005,-0.2904766090309252,35.7422907118916,42079.13625,5.925822627716995,19.010803991785913,35.70241817541334,85.96382174830835,2.1132471258625967,10.8896752991091,3.59578537833333,3.0,12.75,12.75,13.85,-1.0999999999999996
Mexico,MEX,2006,-0.2904766090309252,45.4091953993462,43378.461,7.7071869568933025,25.8574591875904,36.74655295997904,91.39253816947696,4.805013527469938,10.9031296693644,3.5967434775,2.39,11.78,11.78,12.75,-0.9700000000000006
Mexico,MEX,2007,-0.8153737616518735,43.0034642338333,44231.24825,5.742522831819702,24.11562710504877,38.3009389872091,93.22652997406722,2.077863933127415,10.9286421411318,3.7216039175,2.41,11.42,11.42,11.78,-0.35999999999999943
Mexico,MEX,2008,-1.3319380068002813,-9.82341905434066,44943.527,3.811546270483363,28.709888684613286,40.74127097110472,93.7020153024573,0.9433318642818128,11.1532355292051,3.97465474583333,1.87,10.83,10.83,11.42,-0.5899999999999999
Mexico,MEX,2009,-0.7635729802385176,-5.49164098838852,45435.35175,-16.386825561465702,29.699721358827585,42.849925018093764,85.8377303309657,-6.295250559026923,13.5042362373737,5.47906766,1.61,8.26,8.26,10.83,-2.5700000000000003
Mexico,MEX,2010,-0.3410675620002072,31.580098181353,46121.62125,17.11081896556405,30.570121359125135,43.95066677568726,89.13112992076248,4.971334583283154,12.631879703871,5.38087571416667,5.37,5.64,5.64,8.26,-2.62
Mexico,MEX,2011,-0.8956048722367728,7.97701068498485,47138.88725,6.235032816855309,38.622295024446025,45.00274097805666,92.26768343920499,3.4440450579870663,12.4337364020641,5.23357277083333,5.37,5.37,5.37,5.64,-0.2699999999999996
Mexico,MEX,2012,-1.4862646122934196,10.6003665944559,48706.734,5.64763668145494,46.14013284201884,47.13504963148205,95.4000549173172,3.553210759979261,13.1502058661146,4.95276899333333,5.17,5.17,5.17,5.37,-0.20000000000000018
Mexico,MEX,2013,-2.5294479342199714,5.59132016832736,49227.3125,3.629788157981859,47.94011859442029,48.69838398141981,94.52477161467213,0.8521015594205198,12.7698675125871,4.92946614916667,4.87,4.87,4.87,5.17,-0.2999999999999998
Mexico,MEX,2014,-1.8528269627878544,1.44456503996535,49415.4115,5.9618380849784325,51.31275817284998,50.685017188279865,97.51813511118065,2.5037635040675013,13.305470838823,4.82895774916667,1.02,4.64,4.64,4.87,-0.23000000000000043
Mexico,MEX,2015,-2.645169971840302,3.09716359998829,50611.33175,4.948894841711215,54.58587079721856,51.36032063128502,100.010640093181,2.702323425505344,15.8742021397986,4.35294290916667,4.45,4.45,4.45,4.64,-0.1899999999999995
Mexico,MEX,2016,-2.391101772023887,3.83022506260977,51594.74825,2.533581902372606,54.79794619091364,52.82170775169716,100.96637819569105,1.772493238455097,18.6273949699636,3.88135597083333,4.35,4.35,4.35,4.45,-0.10000000000000053
Mexico,MEX,2017,-1.7769705591664051,7.51845024859847,51680.27925,5.648599989394646,59.982133859210606,57.53754581252067,102.01908211238515,1.8717285332697713,18.8714924516516,3.41904586166667,1.24,4.32,4.32,4.35,-0.02999999999999936
Mexico,MEX,2018,-2.1120890063451725,-3.80389382577691,53161.791,5.604095234685881,63.62938202605215,59.637463627185696,102.62564203397278,1.972082094058484,19.1781627076746,3.320195495,1.21,3.92,3.92,4.32,-0.40000000000000036
Mexico,MEX,2019,-0.3985674776974693,-8.77427294333204,54614.54875,-1.080977052930638,63.62938202605215,61.08509454686383,100.67872351250406,-0.3926905050678236,19.2167448427442,3.49046186,1.3125,4.1274999999999995,4.1274999999999995,3.92,0.20749999999999957
Mexico,MEX,2020,2.4966919957791527,-9.05462101781963,50927.0754175,-11.990834423190778,63.62938202605215,62.978736587615046,89.05605940601801,-8.354034576489385,21.400863614201,4.43163393916667,1.415,4.335,4.335,4.1274999999999995,0.20750000000000046
Mexico,MEX,2021,-0.5280144814373174,26.3394851913097,55165.86475,15.747852190476188,63.62938202605215,67.61128888036663,96.59593149707854,6.048483456119163,20.2233416966795,4.13862064333333,1.5175,4.5425,4.5425,4.335,0.20750000000000046
Mexico,MEX,2022,-1.5586028091551205,1.58667753107569,57322.3985,8.627339335653406,63.62938202605215,73.82897903731666,100.99121752606919,3.7097570873636374,20.0653671626749,3.27377120166667,1.62,4.75,4.75,4.5425,0.20749999999999957
Netherlands,NLD,1988,-1.5586028091551205,-9.41252678260004,5910.0,7.802209199813302,63.62938202605215,28.905506585074697,23.194944138659526,4.420857473928161,0.897040294170588,7.375,1.62,4.75,4.75,,
Netherlands,NLD,1989,-1.5586028091551205,26.4961496149615,6030.3,7.802209199813302,63.62938202605215,29.38642557076279,25.357949668317058,4.420857473928161,0.962456493821782,6.675,1.62,4.75,4.75,4.75,0.0
Netherlands,NLD,1990,-1.5586028091551205,-2.5264164891073,6274.5,3.989577069553028,63.62938202605215,30.780279840705145,25.329399152852442,4.1824982540866245,0.826250580460526,6.08333333333333,1.62,4.75,4.75,4.75,0.0
Netherlands,NLD,1991,-1.5586028091551205,2.83279800142757,6420.3,6.325317460929368,63.62938202605215,32.06568789429456,24.023656426660594,2.4398834309476025,0.848429088521932,5.675,1.62,4.75,4.75,4.75,0.0
Netherlands,NLD,1992,-1.5586028091551205,4.79371827686433,6613.8,2.8439868025089545,63.62938202605215,33.04894231352345,22.89292806057213,1.7066123951909942,0.79797629149631,5.75833333333333,1.62,4.75,4.75,4.75,0.0
Netherlands,NLD,1993,-1.5586028091551205,15.9794667991389,6639.9,0.3877963998392515,63.62938202605215,33.56215254032848,21.76994371658522,1.2559601538666985,0.842741709813602,6.46666666666667,1.62,4.75,4.75,4.75,0.0
Netherlands,NLD,1994,-1.5586028091551205,18.4323243860651,6706.5,9.031655393778491,63.62938202605215,34.57487946157149,27.802631265153494,2.9600073232853643,0.825755203724628,7.19166666666667,1.62,4.75,4.75,4.75,0.0
Netherlands,NLD,1995,-1.5586028091551205,4.64737793851719,6781.6,10.171609678167426,63.62938202605215,34.77373710751727,26.949736458405198,3.1167954980492154,0.7284533808895,8.35833333333334,1.62,4.75,4.75,4.75,0.0
Netherlands,NLD,1996,-1.5586028091551205,29.200506883244,6931.8,5.2567094321918635,63.62938202605215,35.44593394819117,26.539741424292647,3.415931456265153,0.765118822349583,7.675,1.62,4.75,4.75,4.75,0.0
Netherlands,NLD,1997,-1.5586028091551205,49.7871202157776,7186.0,10.84583100879167,63.62938202605215,36.25295614703074,25.92075589074453,4.245484163121371,0.885264697563049,6.5,1.62,4.75,4.75,4.75,0.0
Netherlands,NLD,1998,-1.5586028091551205,25.3437704625275,7402.0,8.346943167967742,63.62938202605215,36.86748482803794,28.2404574776657,4.653712012118476,0.900526838830881,5.13333333333333,2.41,3.75,3.75,4.75,-1.0
Netherlands,NLD,1999,-1.5586028091551205,10.5596846579441,7604.6,9.843250461700526,63.62938202605215,37.74067292360862,29.673609919246317,5.0384146343984275,0.938562898111359,4.23333333333333,2.41,3.75,3.75,3.75,0.0
Netherlands,NLD,2000,-1.5586028091551205,21.0036512027491,7869.8,11.365461220815108,63.62938202605215,38.707761169009785,52.5846302373644,4.227832183827141,1.0850960701302,3.66666666666667,2.41,3.75,3.75,3.75,0.0
Netherlands,NLD,2001,-1.5586028091551205,-18.2862584377158,8067.9,2.545555545412941,63.62938202605215,41.165003969311385,41.0248458840729,2.3279071917996905,1.11663108833636,3.075,3.37,4.07,4.07,3.75,0.3200000000000003
Netherlands,NLD,2002,7.472363139242866,-23.0146653937761,8167.425,0.2896912486994906,63.62938202605215,42.015848856897165,39.91921476598671,0.2462086917255736,1.06106513282085,3.66666666666667,2.45,3.91,3.91,4.07,-0.16000000000000014
Netherlands,NLD,2003,7.472363139242866,-25.6749817305603,8121.125,2.155674220493352,63.62938202605215,42.26266586165493,37.61204382346051,0.0981712771585482,0.885163216727309,5.90833333333333,2.52,4.01,4.01,3.91,0.09999999999999964
Netherlands,NLD,2004,7.472363139242866,12.5563500183167,8105.475,6.402154129270113,63.62938202605215,42.3693236959159,40.67519458364167,2.0133911687161676,0.804862094234843,6.775,2.24,3.64,3.64,4.01,-0.36999999999999966
Netherlands,NLD,2005,7.5127619145782845,15.8138460319093,7831.4,5.475554252037296,63.62938202605215,43.286148422681435,41.87357566261088,2.028841787324233,0.804619415077062,6.95833333333333,2.46,3.54,3.54,3.64,-0.10000000000000009
Netherlands,NLD,2006,9.25364884096474,20.9590429373529,7956.45,7.604533843954385,63.62938202605215,43.46033386592189,43.47722860177771,3.539020706808091,0.796697220760242,6.08333333333333,2.3,3.33,3.33,3.54,-0.20999999999999996
Netherlands,NLD,2007,6.865019553760902,15.6760257515276,8186.55,7.721614808589713,63.62938202605215,44.409012632343824,47.88455220078786,3.882140661221994,0.730485427146717,5.30833333333333,2.24,3.23,3.23,3.33,-0.10000000000000009
Netherlands,NLD,2008,4.376321893153033,-24.2517144849261,8377.875,-0.5968340406761785,63.62938202605215,45.92950099144728,45.84103130168752,2.1267006559586417,0.683982339822683,4.75833333333333,1.72,2.99,2.99,3.23,-0.23999999999999977
Netherlands,NLD,2009,2.996951991752443,-29.7673543182467,8383.4,-7.8923483703332495,63.62938202605215,45.81280510177443,38.14563994403726,-3.670183101356949,0.719800423489554,5.425,1.85,3.23,3.23,2.99,0.23999999999999977
Netherlands,NLD,2010,6.3374011169838695,22.4909284743209,8289.675,8.435826750501622,63.62938202605215,46.432236181116764,40.854067318623535,1.3168086443635474,0.755043518257105,6.06666666666667,2.13,3.08,3.08,3.23,-0.1499999999999999
Netherlands,NLD,2011,7.45777543276143,-1.26478779671409,8291.375,4.674302926236187,63.62938202605215,48.03720175542353,41.99579735106539,1.7768664173799495,0.719158754470168,6.05,1.59,3.0,3.0,3.08,-0.08000000000000007
Netherlands,NLD,2012,7.499079219160267,-2.12980694581026,8345.05,2.8853496103212906,63.62938202605215,49.245273826458025,37.371348039100994,-0.9773727291050052,0.778006210395884,6.81666666666667,1.46,2.84,2.84,3.0,-0.16000000000000014
Netherlands,NLD,2013,7.836312887036328,10.5638039080886,8285.1,2.8667050208092197,63.62938202605215,50.47469926328945,36.51650709910946,-0.0321067225217534,0.753297658306669,8.19166666666667,1.49,2.95,2.95,2.84,0.11000000000000032
Netherlands,NLD,2014,8.252210122192642,11.677124655843,8235.75,3.9590276977123393,63.62938202605215,50.18968420651648,38.73319761417315,1.6124474952440275,0.753695140645586,8.35,2.03,3.07,3.07,2.95,0.11999999999999966
Netherlands,NLD,2015,4.603875160534837,14.5633601865224,8318.1,15.407783846894796,63.62938202605215,50.30012407363938,40.80543863222387,2.121038660846161,0.901451643908024,7.89166666666667,2.02,3.09,3.09,3.07,0.020000000000000018
Netherlands,NLD,2016,7.377906508066792,-5.19277208370962,8426.9,-2.23770833258109,63.62938202605215,50.31666666666668,45.34528621598996,2.4248087288891496,0.904281526915114,7.0,2.09,3.29,3.29,3.09,0.20000000000000018
Netherlands,NLD,2017,8.470584237721473,16.5666269465232,8604.525,7.610804567338609,63.62938202605215,51.541979357036084,47.307611287240825,2.782872366850703,0.887107173889516,5.875,1.96,3.27,3.27,3.29,-0.020000000000000018
Netherlands,NLD,2018,8.863241610526423,1.93635822574321,8796.925,5.533232609002641,63.62938202605215,52.56924897372236,48.15344377721534,2.2602011284860843,0.847324485146496,4.86666666666667,1.83,3.11,3.11,3.27,-0.16000000000000014
Netherlands,NLD,2019,6.735605494026457,2.19648479468362,8981.925,4.000644919207085,63.62938202605215,54.39643288458131,48.41392333169428,2.300029209244827,0.893348371188594,4.43333333333333,1.84,3.08,3.08,3.11,-0.029999999999999805
Netherlands,NLD,2020,5.495266978903386,-2.12969126732206,8980.975,-4.11460678755486,63.62938202605215,54.39123018894584,54.42180936827427,-3.8766150781168474,0.877541570440429,4.85,1.48,2.8,2.8,3.08,-0.28000000000000025
Netherlands,NLD,2021,10.572881069441738,29.5245738293202,9282.175,6.5326618162825625,63.62938202605215,56.53119337736028,52.2191928547053,6.277841581453701,0.845553392731664,4.225,1.39,2.85,2.85,2.8,0.050000000000000266
Netherlands,NLD,2022,7.229633531563117,-7.60878440363299,9586.95,4.353948603665669,63.62938202605215,65.71393727100694,56.313458311608066,5.007234591441879,0.950882523746784,3.54166666666667,1.33,2.68,2.68,2.85,-0.16999999999999993
Norway,NOR,1988,-3.9410171547046144,-11.9090212113468,2079.0,-2.7031782505692266,16.21235716453939,30.834016327190447,43.42363556547258,-0.2552139102792464,6.51709091773648,4.88333333333333,0.87,4.78,4.78,,
Norway,NOR,1989,-0.0889131741108883,66.1154627212068,2014.0,2.1511487720023483,11.979435166591399,31.01890501086025,47.1566187529679,1.038245526106328,6.90331217940944,4.88333333333333,0.948,4.82,4.82,4.78,0.040000000000000036
Norway,NOR,1990,2.4205971588184583,21.4984282221446,1992.0,2.400482203975653,13.51508270469283,31.9988500748901,46.228498741609414,1.93230970790674,6.25827320317245,5.21666666666667,1.026,4.86,4.86,4.82,0.040000000000000036
Norway,NOR,1991,3.586815230099531,-18.0537588040822,1973.0,0.3891923486965931,13.896513476099573,32.68159799554565,45.500293381092746,3.084477564622112,6.48393489461074,5.45,1.104,4.9,4.9,4.86,0.040000000000000036
Norway,NOR,1992,3.3540134185599277,-17.4706191896158,1970.0,1.7198714965485522,16.422987140553392,32.84737585789264,48.48817780247822,3.5744038610531703,6.2144791393915,5.925,1.182,4.94,4.94,4.9,0.040000000000000036
Norway,NOR,1993,2.9075548467602625,28.0977683315622,1970.0,4.960315060928174,15.101340067517668,33.55246799929863,50.33482423208411,2.845187050538131,7.0944114691981,5.95,1.26,4.98,4.98,4.94,0.040000000000000036
Norway,NOR,1994,2.987171766006054,26.0328521652563,2003.0,5.3816567422408,14.243551448932976,33.54200415702407,54.78448628647875,5.055328861142445,7.0565457227587,5.40833333333333,3.8550000000000004,5.715,5.715,4.98,0.7349999999999994
Norway,NOR,1995,3.542514714706952,8.3959420349205,2047.0,5.587514463506415,16.0341667861159,34.892683893468615,61.43428591128836,4.155617599554822,6.33718151050872,4.93333333333333,6.45,6.45,6.45,5.715,0.7350000000000003
Norway,NOR,1996,6.736981885850926,20.9007200823285,2104.0,8.840142270635198,19.928139349151262,34.71876624582249,55.475209847673874,5.027891367360479,6.45735185033465,4.75,2.41,5.71,5.71,6.45,-0.7400000000000002
Norway,NOR,1997,6.1827090780332465,45.0749890699224,2166.0,12.61915634454022,16.587052101698994,36.24596167950129,55.84432506426324,5.2845765902075765,7.07231639159658,3.91666666666667,4.42,4.42,4.42,5.71,-1.29
Norway,NOR,1998,-0.2952655269203239,-7.92639530273557,2219.0,9.21000575836546,18.465052302983825,36.87620664998212,52.184404888146425,2.668750848359595,7.54524817217203,3.09166666666667,3.61,4.84,4.84,4.42,0.41999999999999993
Norway,NOR,1999,5.4685743309046995,-3.95756716956571,2233.0,-1.8354052601113304,20.21486706992133,37.77881701631704,53.10999164769161,2.0720382777127875,7.79690319358178,3.03333333333333,2.49,3.95,3.95,4.84,-0.8899999999999997
Norway,NOR,2000,14.748669984922191,28.5697370312593,2255.025,2.8051743384332237,24.257292531961536,39.26775304565638,55.46821820495919,3.318933913524849,8.79668717626576,3.24166666666667,3.45,4.24,4.24,3.95,0.29000000000000004
Norway,NOR,2001,15.8592268929451,-9.45656301974426,2265.3,1.9745532121459823,25.415718938964158,40.36043185332446,55.65509368823964,2.0671233023229907,8.98835910724742,3.40833333333333,3.11,4.69,4.69,4.24,0.4500000000000002
Norway,NOR,2002,12.33305224354832,-15.7311875650866,2275.525,0.5401701435735112,26.159641704905006,40.00169597540928,53.937501548156284,1.3775482974145463,7.98555545363739,3.66666666666667,2.65,3.76,3.76,4.69,-0.9300000000000006
Norway,NOR,2003,12.023774586523912,-4.13131411374989,2257.625,0.8267098939792952,25.74683323093303,41.581412767308905,53.80185300375132,0.9449258792813204,7.07752583356861,4.20833333333333,2.45,3.21,3.21,3.76,-0.5499999999999998
Norway,NOR,2004,12.370342884712738,52.8717042836852,2266.5,9.147765609591534,26.75937175970824,40.74808258444378,55.37627680845557,4.014611316268697,6.73933017990464,4.275,2.79,3.45,3.45,3.21,0.2400000000000002
Norway,NOR,2005,16.47957333596948,46.2654346290029,2282.625,7.908844604914406,31.705173945668317,41.90773350471298,55.52368167907675,2.6851089325890674,6.44140654259991,4.525,2.87,3.47,3.47,3.45,0.020000000000000018
Norway,NOR,2006,16.382797857698485,41.1316474277707,2352.975,8.826525847949773,35.584595677958774,43.26467490378772,53.90476134703756,2.4614761008349304,6.41478064417466,3.6,2.35,3.08,3.08,3.47,-0.3900000000000001
Norway,NOR,2007,12.475303122913497,24.5489187476952,2434.15,9.729102271653607,42.770635091436716,42.75629453681711,53.68894396294454,2.9140423442902037,5.85845357456553,2.71666666666667,2.57,3.2,3.2,3.08,0.1200000000000001
Norway,NOR,2008,15.808336679285112,-19.2907336212185,2513.7,4.479453138042221,37.99308221163239,45.86863207547167,53.99554873813222,0.4819018790177042,5.64781888528139,2.93333333333333,2.46,3.07,3.07,3.2,-0.13000000000000034
Norway,NOR,2009,10.921282717093884,-24.807166991504,2499.475,-10.239910117802197,38.615238178294604,46.057026267601145,48.551093039667485,-1.9403738539200128,6.29010033487044,3.45833333333333,2.33,3.06,3.06,3.07,-0.009999999999999787
Norway,NOR,2010,10.879990040179209,26.6606786327267,2500.775,7.984649804937101,39.39587815202387,47.25528653073836,46.15923276565103,0.787087118857287,6.04184666619612,3.95833333333333,3.04,3.94,3.94,3.06,0.8799999999999999
Norway,NOR,2011,12.561248240509586,8.55652895337236,2535.525,3.935372367192685,45.047524397839446,47.27997579404579,44.934715122801926,1.1056190110174495,5.60457492471297,3.56666666666667,3.35,4.24,4.24,3.94,0.30000000000000027
Norway,NOR,2012,12.621479457364083,3.60978379145574,2585.425,2.9345621196564062,46.06703447988898,47.310932055749134,49.44272725483861,2.717975003853772,5.81492121839513,3.48333333333333,3.57,4.56,4.56,4.24,0.3199999999999994
Norway,NOR,2013,10.273829138457153,14.0655075518089,2601.6,5.043370930123171,47.78157798109867,49.01857643509889,47.737357195790445,1.0161887815760036,5.87652067217203,3.93333333333333,3.82,4.85,4.85,4.56,0.29000000000000004
Norway,NOR,2014,11.097756597841038,19.0094058559883,2626.6,2.1794633254919975,51.68853196829981,49.958351433536066,50.4435926107756,2.0481193894385954,6.3018876984127,3.775,3.0,4.76,4.76,4.85,-0.08999999999999986
Norway,NOR,2015,8.015881025001894,2.92204053804046,2641.0,1.8828820184011656,51.67651599604033,51.08556832694763,50.94960134005574,1.857354978542662,8.06431832494197,4.69166666666667,3.52,4.47,4.47,4.76,-0.29000000000000004
Norway,NOR,2016,4.015511442956362,0.048646263728136,2638.175,1.932553805445325,53.83697449101882,53.550000000000004,50.80125889189924,1.1647155486235627,8.40022578423991,4.90833333333333,3.41,4.42,4.42,4.47,-0.04999999999999982
Norway,NOR,2017,5.435341370386323,22.1856051944527,2643.875,1.840838948782167,58.40308518959291,53.683383631096255,51.66873955388541,2.463753766290519,8.271009138983,4.36666666666667,3.13,4.07,4.07,4.42,-0.34999999999999964
Norway,NOR,2018,7.925580791546118,20.1887492840669,2685.875,1.3902859298291563,61.23056636803923,55.58658233931048,50.72839645319413,0.8289239961497995,8.13482412000439,3.99166666666667,3.2,4.13,4.13,4.07,0.05999999999999961
Norway,NOR,2019,2.7452688173499062,0.493650136374059,2715.55,5.336147035924041,63.08710794818107,56.46303168319351,48.83223033773257,1.1237449596623457,8.79855526366146,3.875,2.62,5.33,5.33,4.13,1.2000000000000002
Norway,NOR,2020,1.0664248458962116,-5.81127076639644,2701.975,-9.854726959192702,71.13152680068488,56.73495912020648,55.08155413410736,-1.2781712361868611,9.41320581192359,4.75,2.8,4.08,4.08,5.33,-1.25
Norway,NOR,2021,13.201191723383632,30.5164531424842,2797.675,1.8233935763832148,78.81127386358494,59.78777360966689,54.53344724441533,3.908693114482035,8.59149748643265,4.45833333333333,3.0,3.9,3.9,4.08,-0.18000000000000016
Norway,NOR,2022,29.045234030089993,13.5469890732104,2859.175,13.259195831587377,84.09322965793065,64.27372825592786,55.06780056052805,3.246250035793708,9.61291515269151,3.23333333333333,2.31,3.12,3.12,3.9,-0.7799999999999998
New Zealand,NZL,1988,-0.2522849811146671,-39.0659464852184,1571.725,14.422603077260046,17.53898085114753,29.897078975161797,33.215190086987754,1.3846380766252326,1.52917545284396,5.8,2.31,3.12,3.12,,
New Zealand,NZL,1989,-2.9426920886333434,3.83734762532137,1523.575,14.422603077260046,12.025289799195004,31.094156594430114,33.545794331321176,1.3846380766252326,1.67406286629831,7.275,2.31,3.12,3.12,3.12,0.0
New Zealand,NZL,1990,-2.79529460916794,-16.6942189482501,1534.65,4.158491649519051,11.209172262091549,33.00734560806695,28.711558703839348,0.8601720344068862,1.67793630974505,7.975,11.24,11.24,11.24,3.12,8.120000000000001
New Zealand,NZL,1991,-2.3631989579595145,-18.2316773823396,1509.175,-5.356978774235035,12.008673238332719,32.038955190107856,25.43505788126821,-2.156431430529004,1.72923956614377,10.6,11.24,11.24,11.24,11.24,0.0
New Zealand,NZL,1992,-3.6490683229813663,7.97959394039132,1513.875,8.572815533980567,13.043350980486435,31.556886122244226,30.952605832483574,0.9619282792171828,1.8600409494833,10.65,11.24,11.24,11.24,11.24,0.0
New Zealand,NZL,1993,-3.334459704086312,23.5555972386442,1544.75,5.320575874094623,12.287334173613385,32.09369658009656,35.39707812517296,4.874242534861632,1.85068574796316,9.8,9.02,9.09,9.09,11.24,-2.1500000000000004
New Zealand,NZL,1994,-3.090782624304434,20.1861611281901,1611.275,12.578536254032947,14.326213860681388,32.871193524049474,37.39349682967629,7.202589695171318,1.68709620296167,8.35,7.623333333333333,8.236666666666666,8.236666666666666,9.09,-0.8533333333333335
New Zealand,NZL,1995,-3.908540572465144,-1.87747202739235,1686.225,8.586296617519508,17.32736806468425,35.07750077956628,38.5794581268194,3.9336331314836928,1.52395456365878,6.45,6.226666666666667,7.383333333333334,7.383333333333334,8.236666666666666,-0.8533333333333326
New Zealand,NZL,1996,-4.745698619776896,5.5163995475987,1740.025,7.337824697874701,19.57041164691651,35.10174533426901,38.65658970573141,3.626210559200226,1.45363824708608,6.3,4.83,6.53,6.53,7.383333333333334,-0.8533333333333335
New Zealand,NZL,1997,-5.18922874004756,9.81189911308929,1750.125,3.105891487916137,18.493300339588167,34.955606858350926,38.634471428225844,3.1247409238561032,1.51254433579007,6.825,4.15,5.64,5.64,6.53,-0.8900000000000006
New Zealand,NZL,1998,-2.657007112429277,-14.9110250740755,1738.475,-0.1004110577677348,17.565120703389322,35.429413921415176,35.33314775431771,0.942051758033764,1.86852508775645,7.725,3.57,4.69,4.69,5.64,-0.9499999999999993
New Zealand,NZL,1999,-4.888333453211537,6.82462554326538,1765.675,12.366114897760474,16.819080934995,34.69989958513653,39.512605927379035,4.637339086867731,1.8917312732878,7.025,3.0,4.06,4.06,4.69,-0.6300000000000008
New Zealand,NZL,2000,-3.2430879470019605,-4.81820681948146,1799.1,-0.8497791692290448,17.288961750151838,36.97362644637522,42.29065421627169,3.865128733834784,2.20468809406174,6.15,2.37,3.09,3.09,4.06,-0.9699999999999998
New Zealand,NZL,2001,-0.8123451120735385,-1.37898060690282,1844.675,2.29771638003946,19.918086395768224,37.91544578774168,38.997285661971155,2.348959755910694,2.38170947333062,5.45,3.61,4.67,4.67,3.09,1.58
New Zealand,NZL,2002,-2.172969900065825,3.46281240590186,1904.55,9.811216756235364,22.269641124030716,38.92096392937782,44.917401981096496,5.109512806326681,2.16332128257485,5.3,3.85,4.99,4.99,4.67,0.3200000000000003
New Zealand,NZL,2003,-2.4440048046350595,3.85785752491225,1953.275,8.595808758940905,24.630320255035947,39.11824314384825,46.846240688717614,4.558937362603336,1.72351440432772,4.775,4.21,5.57,5.57,4.99,0.5800000000000001
New Zealand,NZL,2004,-4.564377724477326,17.6954220475712,2022.8,16.77605731453661,27.074625781890536,40.26240438460597,49.48041374735393,4.598245749110136,1.5090135594297,4.025,4.32,5.4,5.4,5.57,-0.16999999999999993
New Zealand,NZL,2005,-7.075072759384095,11.5799034203677,2082.325,6.222169447248126,27.17106082852826,41.823789868427355,47.57739285955324,2.427368623698415,1.42082306371165,3.825,4.14,5.08,5.08,5.4,-0.3200000000000003
New Zealand,NZL,2006,-7.141927083333334,3.08953726146712,2131.425,-2.4164850110856584,30.82817767124323,43.344417450827294,47.48997733171271,2.444471470110235,1.54163807641634,3.85,4.52,5.17,5.17,5.08,0.08999999999999986
New Zealand,NZL,2007,-6.7985065665221995,10.3084536240664,2167.75,9.33251871085994,35.009443856016965,43.839728955140444,50.82346000522824,3.845240664796015,1.36097305194805,3.575,2.62,3.54,3.54,5.17,-1.63
New Zealand,NZL,2008,-7.670783888034062,-24.6549746750796,2174.675,3.2516065940206675,37.065103555528566,46.31968474671797,45.503472858801494,-0.3102168920112554,1.42547488115161,4.025,1.82,2.4,2.4,3.54,-1.1400000000000001
New Zealand,NZL,2009,-2.262377575845792,-17.2525236596093,2144.925,-14.448804248553932,34.81531096743406,46.336126888113874,42.20676902658618,0.4373231030654257,1.60000991382944,5.875,1.68,2.29,2.29,2.4,-0.10999999999999988
New Zealand,NZL,2010,-2.23660831390716,3.54068787120633,2153.725,10.902872506573368,35.34447640854333,47.47162993467148,47.24290900676265,2.0795275263638664,1.3875688219148,6.225,5.53,6.26,6.26,2.29,3.9699999999999998
New Zealand,NZL,2011,-2.8004032353484054,2.75205160896423,2184.75,6.918250204998382,40.45681873292796,50.20031785536605,43.37631712810805,1.6238338544446935,1.26644621737562,6.025,2.11,2.13,2.13,6.26,-4.13
New Zealand,NZL,2012,-3.919275588076231,4.81197209482167,2179.925,2.690941829640384,43.23811994358927,49.22706125807821,46.719805382743964,2.7009990544752327,1.23489836760462,6.475,2.32,2.36,2.36,2.13,0.22999999999999998
New Zealand,NZL,2013,-3.085995172108632,20.7876538166539,2223.575,6.401701492052652,47.58800553810715,49.81673984836736,47.175261979596364,2.088285725419902,1.22038843773135,5.85,1.38,2.41,2.41,2.36,0.050000000000000266
New Zealand,NZL,2014,-3.1113249573805306,9.81994876878571,2308.375,8.029174804687495,49.61489035097323,50.467832101583696,50.838787128994404,3.247047596325904,1.20583153078926,5.425,1.31,2.39,2.39,2.41,-0.020000000000000018
New Zealand,NZL,2015,-2.7041828716564806,7.87946684599782,2368.575,4.529788977089755,54.26709694194736,50.14635165451345,51.59535327132395,4.1404011461318015,1.43424500833647,5.4,1.32,2.56,2.56,2.39,0.16999999999999993
New Zealand,NZL,2016,-2.0855967571536684,13.0787503987113,2482.675,3.8483886223903863,58.80709157016352,50.646237225422894,54.78563719469842,4.014396087672356,1.43652576283016,5.125,1.27,2.72,2.72,2.56,0.16000000000000014
New Zealand,NZL,2017,-2.9068103610740788,7.30469716016818,2586.4,7.347793840188409,61.39951592110271,52.179885920938595,56.11996092095236,4.0066557160227685,1.40740141766265,4.725,1.35,2.8,2.8,2.72,0.07999999999999963
New Zealand,NZL,2018,-4.260214961335392,11.1742157121054,2651.55,6.808484848484859,65.69031572380345,52.87284086157754,56.76586326108124,4.055362299816231,1.44562224397704,4.325,1.1300000000000001,2.715,2.715,2.8,-0.08499999999999996
New Zealand,NZL,2019,-2.8702705237001265,13.3715221037618,2689.25,2.334396313991636,65.69031572380345,53.726909963800246,59.70836628071911,3.269705355946088,1.51801896777558,4.1,0.91,2.63,2.63,2.715,-0.08499999999999996
New Zealand,NZL,2020,-1.2637742748431091,9.05613532514186,2717.85,-15.564353361279316,65.69031572380345,54.68167108965223,55.15523508676578,-0.9856617141809866,1.54124931311563,4.6,0.85,2.52,2.52,2.63,-0.10999999999999988
New Zealand,NZL,2021,-5.603290754102819,9.31202797245546,2771.775,14.38290495015694,65.69031572380345,57.916234679259134,59.705729615338406,5.834432132750377,1.41403551478292,3.8,0.86,2.67,2.67,2.52,0.1499999999999999
New Zealand,NZL,2022,-8.750479627497953,-11.6119610692457,2812.9,4.698587667929733,65.69031572380345,63.54433626523873,56.36563276001453,3.2680405235567815,1.57779562278844,3.325,1.7,2.61,2.61,2.67,-0.06000000000000005
Poland,POL,1988,-8.750479627497953,-11.6119610692457,2812.9,4.698587667929733,1.3971685610786393,0.967063789783239,21.21638391943537,3.2680405235567815,0.0430545833333333,3.325,1.7,2.61,2.61,,
Poland,POL,1989,-8.750479627497953,-11.6119610692457,2812.9,4.698587667929733,1.3971685610786393,0.967063789783239,16.23827999689549,3.2680405235567815,0.143918416666667,3.325,9.45,9.61,9.61,2.61,7.0
Poland,POL,1990,-8.750479627497953,-11.6119610692457,2812.9,4.698587667929733,1.3971685610786393,409.3044069586095,2.5985767737851226,3.2680405235567815,0.949999988,3.325,9.45,9.61,9.61,9.61,0.0
Poland,POL,1991,-8.750479627497953,417.071707456433,14894.0,4.698587667929733,37.20160824243009,41.4919401893871,5.807951072512933,3.2680405235567815,1.05774069268734,3.325,9.45,9.61,9.61,9.61,0.0
Poland,POL,1992,-8.750479627497953,417.071707456433,14894.0,4.698587667929733,19.31519477533201,29.765192562797253,19.52820507066902,3.2680405235567815,1.36285346412148,3.325,9.61,9.61,9.61,9.61,0.0
Poland,POL,1993,-8.750479627497953,417.071707456433,14894.0,4.698587667929733,24.29504385081549,29.1605747047729,19.874958285904125,3.2680405235567815,1.81354719189537,3.325,8.43,9.389999999999999,9.389999999999999,9.61,-0.22000000000000064
Poland,POL,1994,-8.750479627497953,157.102971212409,14658.0,27.449025094480543,20.676246295367726,31.287526321928247,22.12810763884451,6.093937342635594,2.27277253770276,3.325,7.25,9.17,9.17,9.389999999999999,-0.21999999999999886
Poland,POL,1995,-8.750479627497953,-32.4588649078445,14791.0,27.449025094480543,23.23053323559022,33.500482174643096,23.90819310415446,6.093937342635594,2.42503080216993,10.8666666666667,6.07,8.95,8.95,9.17,-0.22000000000000064
Poland,POL,1996,-8.750479627497953,60.8359909681073,14968.5,27.449025094480543,22.24633915946633,33.239890526114,25.595428948405793,6.093937342635594,2.69549900332963,10.8666666666667,8.5,13.31,13.31,8.95,4.360000000000001
Poland,POL,1997,-8.750479627497953,27.9663855793502,15176.75,21.18614750043845,20.95624337408419,34.23336201366895,30.309212135185998,6.3588782239219475,3.27686117756513,10.8666666666667,8.63,14.15,14.15,13.31,0.8399999999999999
Poland,POL,1998,-8.750479627497953,-8.00541069772234,14959.675,18.591245939006985,21.742518791864477,35.7950909633067,28.98529042218729,4.621672440653438,3.49198788349332,10.1666666666667,6.39,12.56,12.56,14.15,-1.5899999999999999
Poland,POL,1999,-8.750479627497953,3.76969125280704,14742.6,1.12969695199106,23.638861625028596,35.62725612316117,28.766138138403136,4.699194272856998,3.96436807516155,13.3916666666667,4.19,11.53,11.53,12.56,-1.0300000000000011
Poland,POL,2000,-8.750479627497953,22.9749145675412,14525.525,15.442190749942233,20.696136023633553,40.21178932545115,30.416652183063338,4.656246430440396,4.34567309743397,16.075,2.87,10.14,10.14,11.53,-1.3899999999999988
Poland,POL,2001,-8.750479627497953,-24.2755707880813,14205.6,-5.219950155110358,20.80617557115037,39.8053481120248,24.474424543073145,1.2339013807887589,4.09719836564402,18.3083333333333,3.12,9.67,9.67,10.14,-0.47000000000000064
Poland,POL,2002,-5.9973528725261716,0.448818818218814,13781.55,2.710250249721671,16.358426496520348,38.74493106153318,24.150962977639836,1.90114630913566,4.0816234645408,20.0333333333333,3.8,9.82,9.82,9.67,0.15000000000000036
Poland,POL,2003,-5.9973528725261716,18.2353803736909,13616.225,9.331188343364776,16.37565899568301,38.45281473880873,28.066513958836563,3.523416021116452,3.8884117573248,19.75,2.36,9.35,9.35,9.82,-0.47000000000000064
Poland,POL,2004,-5.9973528725261716,41.1240800706147,13793.2,8.192720390215607,20.157282134321406,41.06430262885368,32.66206673736978,5.090814048872438,3.65086631062174,19.1416666666667,2.24,3.64,3.64,9.35,-5.709999999999999
Poland,POL,2005,-3.009694744639464,22.5875756196558,14115.45,6.564731773493761,25.08841964669029,41.24377138766121,32.76488700876373,3.2608109757472064,3.23403139312378,17.925,2.46,3.54,3.54,3.64,-0.10000000000000009
Poland,POL,2006,-4.517200488614645,45.9153092756936,14593.4,18.09599553402437,27.185126297748415,41.20992402659071,41.1418241709523,6.202116844408826,3.10347551916682,13.9666666666667,2.3,3.33,3.33,3.54,-0.20999999999999996
Poland,POL,2007,-6.539602768542251,36.8615286180835,15240.375,15.753829494844844,32.245263455114426,42.939633360466686,44.3982145215486,6.760437143684425,2.76527845771379,9.60833333333334,2.24,3.23,3.23,3.33,-0.10000000000000009
Poland,POL,2008,-6.6294051387331026,-31.0342432779928,15799.425,9.331468207208642,35.930624442334064,45.538668430335086,42.95881478127412,4.3838262979224405,2.41008694318966,7.04166666666667,1.72,2.99,2.99,3.23,-0.23999999999999977
Poland,POL,2009,-3.782530833954976,-21.3308096839701,15868.0,-12.685117015500696,38.40449398075573,46.8036867453534,39.64798952264897,2.6150942434850446,3.11913786859276,8.125,1.85,3.23,3.23,2.99,0.23999999999999977
Poland,POL,2010,-5.18017594908226,33.5508106727497,15472.825,14.709380175338488,37.72571244393592,47.53369624202956,48.16803133552534,3.1689136893803687,3.01451361832612,9.98333333333333,2.13,3.08,3.08,3.23,-0.1499999999999999
Poland,POL,2011,-5.107497388068546,4.36025960806887,15562.0,5.378942017851102,41.91622758680317,50.33574820241489,52.968351280862095,5.255445378173775,2.96210218175544,9.95,1.59,3.0,3.0,3.08,-0.08000000000000007
Poland,POL,2012,-4.074795796437936,-6.65691959561277,15590.575,-0.9084011961194848,45.8151220754573,51.768599918599904,47.0426310970837,1.5118299204902337,3.25184110750361,10.3916666666667,1.46,2.84,2.84,3.0,-0.16000000000000014
Poland,POL,2013,-1.8637537451943351,16.0661847973963,15568.025,1.7607802400362236,46.44452633060447,50.863783747117,45.47552620775732,0.6842550978567205,3.16028084148943,10.6083333333333,1.49,2.95,2.95,2.84,0.11000000000000032
Poland,POL,2014,-2.9644655315144943,8.06297230765495,15861.525,9.202344939800682,49.342286867730216,50.428417107583996,50.32432150680185,3.920479411395114,3.15426586807516,9.20833333333334,2.03,3.07,3.07,2.95,0.11999999999999966
Poland,POL,2015,-1.1589887521044258,-0.313798158701208,16083.225,5.601790440183302,54.15764629813856,49.53333333333333,51.820558360408626,4.431780655362023,3.77023783714474,7.68333333333333,2.02,3.09,3.09,3.07,0.020000000000000018
Poland,POL,2016,-1.181053355390281,-9.83055252639885,16196.1,7.734737403328218,60.14927776107779,49.375949667616325,47.495042700867224,3.031187767526955,3.94410796317209,6.28333333333333,2.09,3.29,3.29,3.09,0.20000000000000018
Poland,POL,2017,-1.2248533971228834,30.0132847439194,16422.2,9.835698345718509,61.67489442979016,51.68618403201751,57.696528762273175,5.152450688375258,3.77932822722567,4.95833333333333,1.96,3.27,3.27,3.29,-0.020000000000000018
Poland,POL,2018,-1.993389837969144,-2.67096445805522,16484.05,7.547767337719161,65.92690203113588,52.45115995115984,63.66465866580861,6.245852872396623,3.61139989875463,3.9,1.83,3.11,3.11,3.27,-0.16000000000000014
Poland,POL,2019,-0.3710828982636437,-1.24509626391292,16921.85,3.221418675596422,65.92690203113588,53.92176943426966,62.756406153533824,4.580531610089366,3.83947584948868,3.2333333333333334,1.84,3.08,3.08,3.11,-0.029999999999999805
Poland,POL,2020,2.385061037435304,-13.8414103228514,16947.75,-2.4606091316501093,65.92690203113588,56.2482295482295,58.67799493405565,-2.035582815472768,3.89944807304411,3.1416666666666666,1.48,2.8,2.8,3.08,-0.28000000000000025
Poland,POL,2021,-1.256569200044137,29.1173447747838,17161.175,16.31035938502796,65.92690203113588,59.8556573056575,70.80470721614496,6.927212504114649,3.86087240181316,3.3833333333333333,1.39,2.85,2.85,2.8,0.050000000000000266
Poland,POL,2022,-2.2910527804594905,-12.4603837378254,17250.925,6.79996257676968,65.92690203113588,72.724548907882,76.47675685993674,5.255462070394184,4.45774675818746,2.8833333333333333,1.33,2.68,2.68,2.85,-0.16999999999999993
Portugal,PRT,1988,-2.2910527804594905,1.03932915659613,4280.0,6.79996257676968,65.92690203113588,22.54785744338095,57.398891326083515,5.255462070394184,0.718000119711495,5.84166666666667,1.33,2.68,2.68,,
Portugal,PRT,1989,-2.2910527804594905,1.03932915659613,4377.0,6.79996257676968,65.92690203113588,26.0599210077724,60.49513603340935,5.255462070394184,0.783609293269886,5.18333333333333,1.33,2.68,2.68,2.68,0.0
Portugal,PRT,1990,-2.2910527804594905,-0.481265815485752,4658.0,6.79996257676968,65.92690203113588,29.2195626073629,65.64428955745994,5.255462070394184,0.709849055443049,4.8,1.33,2.68,2.68,2.68,0.0
Portugal,PRT,1991,-2.2910527804594905,-16.1854533363919,4568.0,6.79996257676968,65.92690203113588,30.98381070780085,61.133147451306264,5.255462070394184,0.720033635604859,4.18333333333333,1.33,2.68,2.68,2.68,0.0
Portugal,PRT,1992,-2.2910527804594905,-11.5497853453768,4498.1,6.79996257676968,65.92690203113588,32.23416039102421,57.941121708594004,5.255462070394184,0.672350344004283,4.125,1.33,2.68,2.68,2.68,0.0
Portugal,PRT,1993,-2.2910527804594905,14.499174828106,4418.2,6.79996257676968,65.92690203113588,32.70887511432459,53.83464987752145,5.255462070394184,0.801343221170313,5.5,1.33,2.68,2.68,2.68,0.0
Portugal,PRT,1994,-4.553607438289423,34.1096370258772,4408.9,5.920804164226402,65.92690203113588,33.616314882993024,56.504277153902734,3.504246560818756,0.828182247450311,6.825,1.33,2.68,2.68,2.68,0.0
Portugal,PRT,1995,-4.553607438289423,-3.27998319072014,4381.6,5.920804164226402,65.92690203113588,34.32261041648982,60.884672845518324,3.504246560818756,0.74787133840777,7.18333333333333,1.33,2.68,2.68,2.68,0.0
Portugal,PRT,1996,-4.553607438289423,15.5760270278369,4409.1,5.920804164226402,65.92690203113588,34.73424550468126,64.73769919880412,3.504246560818756,0.769213279330148,7.24166666666667,1.33,2.68,2.68,2.68,0.0
Portugal,PRT,1997,-6.137059645488029,56.9205640868588,4491.0,10.306298693312856,65.92690203113588,35.1440211618395,65.24313722821178,4.400867681174734,0.873696183863556,6.74166666666667,1.33,2.68,2.68,2.68,0.0
Portugal,PRT,1998,-7.568716078835665,58.3972003824795,4847.875,14.654402537640395,65.92690203113588,36.13607355059605,69.11246429765927,4.807962854204165,0.898580130219504,6.1,2.41,3.75,3.75,2.68,1.0699999999999998
Portugal,PRT,1999,-8.927346062016825,-8.45915665273962,4924.8,9.022048148904943,65.92690203113588,36.8352608657146,69.0270389436742,3.9065777620682502,0.938562898111359,5.725,2.41,3.75,3.75,3.75,0.0
Portugal,PRT,2000,-10.797195338633822,21.1004491860498,5039.975,5.543871319279563,65.92690203113588,38.10926798897782,109.39351591676817,3.8161773607625777,1.0850960701302,5.26666666666667,2.41,3.75,3.75,3.75,0.0
Portugal,PRT,2001,-10.42595082530713,-23.0189687840713,5127.775,1.0200477400417347,65.92690203113588,40.47070527213728,98.24593796833132,1.9436723318518792,1.11663108833636,5.375,3.37,4.07,4.07,3.75,0.3200000000000003
Portugal,PRT,2002,-8.436276018275324,-18.3034508731744,5143.0,-0.2603148970250536,65.92690203113588,41.46434673300915,98.8054231818087,0.7709245036052244,1.06106513282085,6.46666666666667,2.45,3.91,3.91,4.07,-0.16000000000000014
Portugal,PRT,2003,-6.715545729059405,-6.97777819336197,5092.5,-0.2365490325071147,65.92690203113588,42.55045503132165,90.81320069714741,-0.930520921213716,0.885163216727309,7.80833333333333,2.52,4.01,4.01,3.91,0.09999999999999964
Portugal,PRT,2004,-7.983559391056099,27.5202636854953,5061.05,7.418124565781918,65.92690203113588,43.09204251545955,87.13366732537934,1.788735503581621,0.804862094234843,8.16666666666666,2.24,3.64,3.64,4.01,-0.36999999999999966
Portugal,PRT,2005,-9.684026463663034,11.3291118785369,5047.05,2.1983464466141633,65.92690203113588,44.00228834058086,91.33829383354565,0.7818476787839617,0.804619415077062,9.23333333333334,2.46,3.54,3.54,3.64,-0.10000000000000009
Portugal,PRT,2006,-10.145014775602544,29.5625283221933,5078.1,7.584467096591746,65.92690203113588,45.74959969256067,84.75285417448725,1.6250351021744986,0.796697220760242,9.3,2.3,3.33,3.33,3.54,-0.20999999999999996
Portugal,PRT,2007,-9.609230213871854,30.3921249837758,5091.25,5.613993524545493,65.92690203113588,46.507298381019,82.11865154352178,2.506579377325938,0.730485427146717,9.58333333333333,2.24,3.23,3.23,3.33,-0.10000000000000009
Portugal,PRT,2008,-11.804844026495788,-25.1309743147843,5115.95,2.2489058544336595,65.92690203113588,47.746652979449465,75.75242431294646,0.3192473069317215,0.683982339822683,9.24166666666667,1.72,2.99,2.99,3.23,-0.23999999999999977
Portugal,PRT,2009,-10.406374542262814,-16.2682187345355,4968.425,-9.50382867046893,65.92690203113588,45.6465109352788,61.739845509138654,-3.122078245337053,0.719800423489554,11.225,1.85,3.23,3.23,2.99,0.23999999999999977
Portugal,PRT,2010,-10.135622766888687,7.62745689260374,4897.875,7.789012585093976,65.92690203113588,47.41164744602606,63.42899086025604,1.737624769277743,0.755043518257105,12.5833333333333,2.13,3.08,3.08,3.23,-0.1499999999999999
Portugal,PRT,2011,-6.106560285991673,-4.50554344936231,4738.175,-6.195777889096543,65.92690203113588,50.24320112605844,57.61511072123782,-1.7135278132150018,0.719158754470168,13.533333333333331,1.59,3.0,3.0,3.08,-0.08000000000000007
Portugal,PRT,2012,-0.9788693314570848,-17.1607429015808,4545.5,-6.297527113310442,65.92690203113588,51.14612377394466,50.251369836490106,-4.050902319037878,0.778006210395884,16.566666666666666,1.46,2.84,2.84,3.0,-0.16000000000000014
Portugal,PRT,2013,1.6567901561912586,19.8670184572256,4427.85,4.707323123572659,65.92690203113588,50.03321107342063,48.857328962493774,-0.9841067316943312,0.753297658306669,17.241666666666667,1.49,2.95,2.95,2.84,0.11000000000000032
Portugal,PRT,2014,0.6275070799269991,6.9275333551481,4498.3,8.008046581997846,65.92690203113588,49.61813864450038,48.82594085632684,0.7413911750484661,0.753695140645586,14.65,2.03,3.07,3.07,2.95,0.11999999999999966
Portugal,PRT,2015,0.595698020476893,-7.86623139477645,4547.4,8.06564283065219,65.92690203113588,50.24396931195237,50.2723300626623,1.5897978649057238,0.901451643908024,12.983333333333333,2.02,3.09,3.09,3.07,0.020000000000000018
Portugal,PRT,2016,1.2340033661182257,-2.83400971246294,4604.425,5.220515461557129,65.92690203113588,50.60739707464184,48.70915295810033,2.004141987402397,0.904281526915114,11.475,2.09,3.29,3.29,3.09,0.20000000000000018
Portugal,PRT,2017,1.3130167351040516,15.1238826133196,4755.425,8.028525679887327,65.92690203113588,51.67646911480891,51.48509948986271,3.3147194052107047,0.887107173889516,9.241666666666667,1.96,3.27,3.27,3.29,-0.020000000000000018
Portugal,PRT,2018,0.7210661107006113,9.55662339337616,4866.05,4.906791269170399,65.92690203113588,51.99573701002161,51.514515966946824,2.9462829424096264,0.847324485146496,7.1499999999999995,1.83,3.11,3.11,3.27,-0.16000000000000014
Portugal,PRT,2019,0.7551356482008873,2.32577319811382,4912.1,5.062938127968561,65.92690203113588,51.84212646407308,50.67447680864009,2.745685193381552,0.893348371188594,6.65,1.84,3.08,3.08,3.11,-0.029999999999999805
Portugal,PRT,2020,-0.6476309568501122,2.21667562818092,4813.05,-11.590375954668158,65.92690203113588,51.6603908311982,43.519997771627914,-8.204631139980734,0.877541570440429,7.108333333333333,1.48,2.8,2.8,3.08,-0.28000000000000025
Portugal,PRT,2021,-0.772432469466092,21.4938435240929,4782.875,12.258843536925538,65.92690203113588,52.953360756124724,51.04738098207034,5.558758409637329,0.845553392731664,6.7333333333333325,1.39,2.85,2.85,2.8,0.050000000000000266
Portugal,PRT,2022,-2.043293325376734,12.2892052417409,4939.925,11.265567087866472,65.92690203113588,60.33498352244558,50.3541158153659,6.985840006928614,0.950882523746784,6.174999999999999,1.33,2.68,2.68,2.85,-0.16999999999999993
Russian Federation,RUS,1992,-2.043293325376734,12.2892052417409,4939.925,11.265567087866472,65.92690203113588,0.0353698742671762,77.076684043081,6.985840006928614,0.9732088156310827,6.174999999999999,6.25,6.25,6.25,,
Russian Federation,RUS,1993,-2.043293325376734,12.2892052417409,4939.925,11.265567087866472,65.92690203113588,437.295192629986,77.076684043081,6.985840006928614,0.9732088156310827,6.174999999999999,6.25,6.25,6.25,6.25,0.0
Russian Federation,RUS,1994,-2.043293325376734,12.2892052417409,4939.925,11.265567087866472,0.697526368524943,154.56380041161367,19.006666771967566,6.985840006928614,2.204072533102933,6.174999999999999,9.21,9.82,9.82,6.25,3.5700000000000003
Russian Federation,RUS,1995,-2.043293325376734,12.2892052417409,4939.925,11.265567087866472,0.697526368524943,100.7964231103353,28.120315749398795,6.985840006928614,4.56050023843709,6.174999999999999,9.425,9.875,9.875,9.82,0.054999999999999716
Russian Federation,RUS,1996,-2.043293325376734,12.2892052417409,4939.925,11.265567087866472,0.697526368524943,26.962974776630613,26.12669521393437,6.985840006928614,5.125472368450568,6.174999999999999,9.64,9.93,9.93,9.875,0.054999999999999716
Russian Federation,RUS,1997,-2.043293325376734,97.2651007367207,62944.75,11.265567087866472,15.26870265184842,10.92330353282958,29.64471930489915,6.985840006928614,5.783538012961354,6.174999999999999,11.28,11.28,11.28,9.93,1.3499999999999996
Russian Federation,RUS,1998,-2.043293325376734,97.2651007367207,62944.75,11.265567087866472,8.549713268222206,18.366295835293673,21.07145766834602,6.985840006928614,9.691790652345592,6.174999999999999,11.155,11.155,11.155,11.28,-0.125
Russian Federation,RUS,1999,-2.043293325376734,97.2651007367207,62944.75,11.265567087866472,31.519550042742537,51.2753940455418,33.8507662757662,6.985840006928614,24.61900962725107,6.174999999999999,11.03,11.03,11.03,11.155,-0.125
Russian Federation,RUS,2000,-2.043293325376734,108.780932055217,65070.25,11.265567087866472,31.377854391133226,20.54907751375245,32.052895791696216,6.985840006928614,28.117069814531675,6.174999999999999,10.905,10.905,10.905,11.03,-0.125
Russian Federation,RUS,2001,7.235188888563633,-8.97330207382443,65123.0,11.265567087866472,25.524316128508705,23.0680482122093,29.033756126131237,6.985840006928614,29.17527226455066,6.174999999999999,10.78,10.78,10.78,10.905,-0.125
Russian Federation,RUS,2002,7.235188888563633,59.1804097067906,66658.75,23.2589942558141,18.314501884089964,22.1705880596873,29.49900029755918,7.175949192694,31.375542512580168,6.174999999999999,10.8,10.8,10.8,10.78,0.02000000000000135
Russian Federation,RUS,2003,7.235188888563633,40.8288835355632,66432.25,23.2589942558141,22.714152151725525,23.058471104737947,36.43768280109996,7.175949192694,30.691509745095157,6.174999999999999,10.693333333333333,10.693333333333333,10.693333333333333,10.8,-0.10666666666666735
Russian Federation,RUS,2004,9.014311922438592,34.986372477726,67274.75,23.2589942558141,22.9933132444513,23.4380088550446,38.68549889150857,7.175949192694,28.799163465553665,6.174999999999999,10.586666666666668,10.586666666666668,10.586666666666668,10.693333333333333,-0.10666666666666558
Russian Federation,RUS,2005,10.522508354006224,24.8372167717823,68168.9083225,16.6321595284641,23.318973250006202,26.61891101471755,39.64778114212364,6.37618702701528,28.24461602827995,6.174999999999999,10.48,10.48,10.48,10.586666666666668,-0.10666666666666735
Russian Federation,RUS,2006,9.096275188402812,91.8657209517183,68854.9484625,21.2740973701636,27.17223686109392,27.07102699641256,42.723038393857394,8.15343197291233,27.17516304962875,6.174999999999999,8.870000000000001,9.26,9.26,10.48,-1.2200000000000006
Russian Federation,RUS,2007,5.220906318686597,25.8297041048631,70570.49001,26.2047823526486,34.933213093476496,28.7432724975393,46.762798069931655,8.53508020907743,25.57101117250797,6.174999999999999,7.26,8.04,8.04,9.26,-1.2200000000000006
Russian Federation,RUS,2008,5.69824762977402,-20.1508830007639,70965.0826975,14.7706954118524,32.39125467121806,34.7154061959475,43.02755900485141,5.24795353195446,24.866899718343088,6.174999999999999,8.59,9.35,9.35,8.04,1.3100000000000005
Russian Federation,RUS,2009,3.6700693717928536,-26.1505468972755,69302.7033358334,-30.4196203084185,23.568233904583458,36.705340361919454,30.7413120684124,-7.82088502616976,31.77374636592845,6.174999999999999,8.12,8.81,8.81,9.35,-0.5399999999999991
Russian Federation,RUS,2010,4.2049039552651175,41.2676298151606,69933.7084625,25.8134663070691,34.006035545835836,36.42157885776659,44.934829294160146,4.5037256250563,30.372860951399147,6.174999999999999,5.2,7.99,7.99,8.81,-0.8200000000000003
Russian Federation,RUS,2011,4.702784608007956,12.1776670083951,70856.6131125,20.2867677067456,37.94610781081438,40.002210413589744,46.44383677667495,4.2641765649955,29.40261445132222,6.174999999999999,7.24,7.98,7.98,7.99,-0.009999999999999787
Russian Federation,RUS,2012,3.281557459415301,-9.56240374432315,71545.4158633333,9.68111011361389,41.21155022854627,40.135180943061,47.12532055123614,4.02408631523915,31.048261051235624,6.174999999999999,6.84,8.07,8.07,7.98,0.08999999999999986
Russian Federation,RUS,2013,1.515955149095893,-0.884825390711416,71391.4595816667,3.53925376572918,45.482010615332754,43.513923187661796,47.218050189264304,1.75542206417974,31.858979352391017,6.174999999999999,6.21,7.37,7.37,8.07,-0.7000000000000002
Russian Federation,RUS,2014,2.790907984554678,-0.763531827705399,71539.04357,-7.26060272314282,48.758981667414744,47.18886195012873,48.737539973983964,0.73626728317556,38.59415046977539,6.174999999999999,5.37,6.43,6.43,7.37,-0.9400000000000004
Russian Federation,RUS,2015,5.006519564391128,17.7824216578341,72323.6225316667,-25.038887127194,59.0979738834043,57.7671996533046,52.819568088698034,-1.97271925256698,61.26249891669647,6.174999999999999,3.08,5.54,5.54,6.43,-0.8899999999999997
Russian Federation,RUS,2016,1.748604446443183,14.6625376519437,72392.6281275,-3.6719937654449,62.839723734233445,57.04243556528779,51.395756262845076,0.193671101211002,67.04974231676447,6.174999999999999,3.62,4.56,4.56,5.54,-0.9800000000000004
Russian Federation,RUS,2017,1.9861979518068136,5.66396044004407,72315.9359316667,17.315102729158,59.25194853432119,57.33425040001977,55.37543309242505,1.82580927627059,58.32545241019861,6.174999999999999,3.61,4.45,4.45,4.56,-0.10999999999999943
Russian Federation,RUS,2018,6.916341828533044,13.3297423958359,72531.6398875,2.6571117296753,67.71700721127124,58.528981899030434,56.572492225183055,2.80724545455074,62.80536836327559,6.174999999999999,3.51,4.38,4.38,4.45,-0.07000000000000028
Russian Federation,RUS,2019,4.138029068402762,16.2052775145306,71933.0809258333,3.41223231658686,73.00079361244654,61.877137815994196,58.49130123317012,2.03298258767162,64.71092720742361,6.174999999999999,5.34,7.4,7.4,4.38,3.0200000000000005
Russian Federation,RUS,2020,2.443479396577928,6.98919096255566,70601.38743,-11.9782124108623,83.02653475241475,63.34967267156458,56.38247764293335,-2.9512736778162,72.32429872110076,6.174999999999999,4.07,4.87,4.87,7.4,-2.5300000000000002
Russian Federation,RUS,2021,2.443479396577928,30.6854094498778,71719.406475,-11.9782124108623,91.87714995073277,69.13379457750591,62.034795837729796,-2.9512736778162,73.70564308174134,6.174999999999999,4.17,5.11,5.11,4.87,0.2400000000000002
Russian Federation,RUS,2022,2.443479396577928,-34.4680654767119,71719.406475,-11.9782124108623,100.35354635819381,69.13379457750591,62.034795837729796,-2.9512736778162,69.91689013771251,6.174999999999999,4.17,5.11,5.11,5.11,0.0
Saudi Arabia,SAU,1988,2.443479396577928,-34.4680654767119,71719.406475,-11.9782124108623,100.35354635819381,69.13379457750591,62.034795837729796,-2.9512736778162,3.75,6.174999999999999,4.17,5.11,5.11,,
Saudi Arabia,SAU,1989,2.443479396577928,-34.4680654767119,71719.406475,-11.9782124108623,100.35354635819381,69.13379457750591,62.034795837729796,-2.9512736778162,3.75,6.174999999999999,4.17,5.11,5.11,5.11,0.0
Saudi Arabia,SAU,1990,2.443479396577928,-34.4680654767119,71719.406475,-11.9782124108623,100.35354635819381,69.13379457750591,62.034795837729796,-2.9512736778162,3.75,6.174999999999999,4.17,5.11,5.11,5.11,0.0
Saudi Arabia,SAU,1991,2.443479396577928,-34.4680654767119,71719.406475,-11.9782124108623,100.35354635819381,69.13379457750591,62.034795837729796,-2.9512736778162,3.75,6.174999999999999,4.17,5.11,5.11,5.11,0.0
Saudi Arabia,SAU,1992,2.443479396577928,-34.4680654767119,71719.406475,-11.9782124108623,100.35354635819381,69.13379457750591,62.034795837729796,-2.9512736778162,3.75,6.174999999999999,10.72,10.72,10.72,5.11,5.61
Saudi Arabia,SAU,1993,2.443479396577928,-34.4680654767119,71719.406475,-11.9782124108623,100.35354635819381,66.80830613378792,62.034795837729796,-2.9512736778162,3.75,6.174999999999999,10.72,10.72,10.72,10.72,0.0
Saudi Arabia,SAU,1994,2.443479396577928,-34.4680654767119,71719.406475,-11.9782124108623,100.35354635819381,66.80830613378792,62.034795837729796,-2.9512736778162,3.75,6.174999999999999,10.72,10.72,10.72,10.72,0.0
Saudi Arabia,SAU,1995,2.443479396577928,-34.4680654767119,71719.406475,-11.9782124108623,100.35354635819381,66.80830613378792,62.034795837729796,-2.9512736778162,3.7505801567695585,6.174999999999999,10.876000000000001,10.876000000000001,10.876000000000001,10.72,0.15600000000000058
Saudi Arabia,SAU,1996,2.443479396577928,-34.4680654767119,71719.406475,-11.9782124108623,100.35354635819381,34.423409836890805,62.034795837729796,-2.9512736778162,3.750450945981557,6.174999999999999,11.032,11.032,11.032,10.876000000000001,0.1559999999999988
Saudi Arabia,SAU,1997,2.443479396577928,-34.4680654767119,71719.406475,-11.9782124108623,100.35354635819381,33.86027468388834,62.034795837729796,-2.9512736778162,3.750999999999999,6.174999999999999,11.188,11.188,11.188,11.032,0.15600000000000058
Saudi Arabia,SAU,1998,2.443479396577928,-34.4680654767119,71719.406475,-11.9782124108623,100.35354635819381,33.5204576807266,62.034795837729796,-2.9512736778162,3.750999999999999,6.174999999999999,11.344,11.344,11.344,11.188,0.1559999999999988
Saudi Arabia,SAU,1999,2.443479396577928,-34.4680654767119,71719.406475,-11.9782124108623,100.35354635819381,32.58965840767205,62.034795837729796,-2.9512736778162,3.750999999999999,6.174999999999999,11.5,11.5,11.5,11.344,0.15600000000000058
Saudi Arabia,SAU,2000,2.443479396577928,-34.4680654767119,71719.406475,-11.9782124108623,100.35354635819381,32.319899765840816,62.034795837729796,-2.9512736778162,3.750999999999999,6.174999999999999,12.48,12.48,12.48,11.5,0.9800000000000004
Saudi Arabia,SAU,2001,2.443479396577928,-34.4680654767119,71719.406475,-11.9782124108623,100.35354635819381,31.95333451771756,62.034795837729796,-2.9512736778162,3.750999999999999,6.174999999999999,11.12,11.12,11.12,12.48,-1.3600000000000012
Saudi Arabia,SAU,2002,2.443479396577928,-34.4680654767119,71719.406475,-11.9782124108623,100.35354635819381,32.71777004437147,62.034795837729796,-2.9512736778162,3.750999999999999,6.174999999999999,6.53,6.53,6.53,11.12,-4.589999999999999
Saudi Arabia,SAU,2003,2.443479396577928,-34.4680654767119,71719.406475,-11.9782124108623,100.35354635819381,33.0998120895763,62.034795837729796,-2.9512736778162,3.750999999999999,6.174999999999999,7.28,7.28,7.28,6.53,0.75
Saudi Arabia,SAU,2004,27.389526532000858,-34.4680654767119,71719.406475,-11.9782124108623,100.35354635819381,33.22052346766072,62.034795837729796,-2.9512736778162,3.750999999999999,6.174999999999999,7.01,7.01,7.01,7.28,-0.27000000000000046
Saudi Arabia,SAU,2005,27.389526532000858,-34.4680654767119,71719.406475,-11.9782124108623,100.35354635819381,33.36035488439607,62.034795837729796,-2.9512736778162,3.750999999999999,6.174999999999999,4.05,4.35,4.35,7.01,-2.66
Saudi Arabia,SAU,2006,27.389526532000858,-34.4680654767119,71719.406475,-11.9782124108623,100.35354635819381,34.95689214309554,62.034795837729796,-2.9512736778162,3.750999999999999,6.174999999999999,4.12,4.41,4.41,4.35,0.0600000000000005
Saudi Arabia,SAU,2007,23.912855512621466,-34.4680654767119,71719.406475,-11.9782124108623,100.35354635819381,37.347203811235794,62.034795837729796,-2.9512736778162,3.750999999999999,6.174999999999999,3.77,4.06,4.06,4.41,-0.35000000000000053
Saudi Arabia,SAU,2008,26.884239448463056,-34.4680654767119,71719.406475,-11.9782124108623,100.35354635819381,43.67898731050311,62.034795837729796,-2.9512736778162,3.750999999999999,6.174999999999999,3.25,3.56,3.56,4.06,-0.49999999999999956
Saudi Arabia,SAU,2009,6.602953853776556,-34.4680654767119,71719.406475,-11.9782124108623,100.35354635819381,43.23184073718496,62.034795837729796,-2.9512736778162,3.750999999999999,6.174999999999999,3.13,3.44,3.44,3.56,-0.1200000000000001
Saudi Arabia,SAU,2010,14.088181488788749,-34.4680654767119,71719.406475,-11.9782124108623,100.35354635819381,45.54625094992324,62.034795837729796,-2.9512736778162,3.749983928571428,6.174999999999999,3.645,3.8,3.8,3.44,0.3599999999999999
Saudi Arabia,SAU,2011,24.239650535675526,-34.4680654767119,71719.406475,-11.9782124108623,100.35354635819381,48.28773202186067,62.034795837729796,-2.9512736778162,3.75,6.174999999999999,4.16,4.16,4.16,3.8,0.3600000000000003
Saudi Arabia,SAU,2012,23.096029740699827,-34.4680654767119,71719.406475,-11.9782124108623,100.35354635819381,48.10831800886153,62.034795837729796,-2.9512736778162,3.75,6.174999999999999,3.57,3.96,3.96,4.16,-0.20000000000000018
Saudi Arabia,SAU,2013,18.586202043661295,-34.4680654767119,71719.406475,-11.9782124108623,100.35354635819381,50.08777428121217,62.034795837729796,-2.9512736778162,3.7502161344422498,6.174999999999999,3.57,3.96,3.96,3.96,0.0
Saudi Arabia,SAU,2014,10.196216882425915,-34.4680654767119,71719.406475,-11.9782124108623,100.35354635819381,50.52440755916574,62.034795837729796,-2.9512736778162,3.7509145861958086,6.174999999999999,3.39,3.84,3.84,3.96,-0.1200000000000001
Saudi Arabia,SAU,2015,-7.5914658755284,-34.4680654767119,71719.406475,-11.9782124108623,100.35354635819381,50.602345806813936,62.034795837729796,-2.9512736778162,3.751147657828284,6.174999999999999,4.45,4.45,4.45,3.84,0.6100000000000003
Saudi Arabia,SAU,2016,-3.5477978027683403,-34.4680654767119,71719.406475,-11.9782124108623,100.35354635819381,52.0674103008036,62.034795837729796,-2.9512736778162,3.7507652683668984,6.174999999999999,4.65,4.734999999999999,4.734999999999999,4.45,0.28499999999999925
Saudi Arabia,SAU,2017,1.6357716026776528,-34.4680654767119,71719.406475,-11.9782124108623,100.35354635819381,50.188648436553756,62.034795837729796,-2.9512736778162,3.750339795038899,6.174999999999999,4.85,5.02,5.02,4.734999999999999,0.28500000000000014
Saudi Arabia,SAU,2018,8.229061934333508,-34.4680654767119,71719.406475,-11.9782124108623,100.35354635819381,53.078955480395685,62.034795837729796,-2.9512736778162,3.750628739373549,6.174999999999999,4.6433333333333335,5.076666666666666,5.076666666666666,5.02,0.05666666666666664
Saudi Arabia,SAU,2019,4.325750994648607,-34.4680654767119,71719.406475,-11.9782124108623,100.35354635819381,49.71828484909077,62.034795837729796,-2.9512736778162,3.750540430900621,6.174999999999999,4.4366666666666665,5.133333333333334,5.133333333333334,5.076666666666666,0.05666666666666753
Saudi Arabia,SAU,2020,-3.3266747889883277,-34.4680654767119,71719.406475,-11.9782124108623,100.35354635819381,54.236778307235575,62.034795837729796,-2.9512736778162,3.752371202788758,6.174999999999999,4.23,5.19,5.19,5.133333333333334,0.05666666666666664
Saudi Arabia,SAU,2021,4.124883849433063,-34.4680654767119,71719.406475,-11.9782124108623,100.35354635819381,55.654347397085004,62.034795837729796,-2.9512736778162,3.75086374921576,6.174999999999999,4.815,5.295,5.295,5.19,0.10499999999999954
Saudi Arabia,SAU,2022,12.134332847809937,-34.4680654767119,71719.406475,-11.9782124108623,100.35354635819381,56.69877486952824,62.034795837729796,-2.9512736778162,3.7548617994776943,6.174999999999999,5.4,5.4,5.4,5.295,0.10500000000000043
Slovak Republic,SVK,1989,12.134332847809937,-34.4680654767119,71719.406475,-11.9782124108623,100.35354635819381,24.0201104445581,40.55481367078944,-2.9512736778162,3.7548617994776943,6.174999999999999,5.4,5.4,5.4,,
Slovak Republic,SVK,1990,12.134332847809937,-34.4680654767119,71719.406475,-11.9782124108623,100.35354635819381,24.0201104445581,17.094836779768062,-2.9512736778162,3.7548617994776943,6.174999999999999,5.4,5.4,5.4,5.4,0.0
Slovak Republic,SVK,1991,12.134332847809937,-34.4680654767119,71719.406475,-11.9782124108623,100.35354635819381,24.0201104445581,5.985058956141783,-2.9512736778162,1.02137688375,6.174999999999999,5.4,5.4,5.4,5.4,0.0
Slovak Republic,SVK,1992,12.134332847809937,-34.4680654767119,2110.225,-11.9782124108623,100.35354635819381,18.145018645335274,44.009284485238496,-2.9512736778162,1.02137688375,6.174999999999999,5.4,5.4,5.4,5.4,0.0
Slovak Republic,SVK,1993,12.134332847809937,-27.3251639627201,2110.225,-11.9782124108623,100.35354635819381,27.91527067192765,16.26897736542542,-2.9512736778162,1.02137688375,6.174999999999999,5.4,5.4,5.4,5.4,0.0
Slovak Republic,SVK,1994,12.134332847809937,-27.3251639627201,2110.225,-11.9782124108623,100.35354635819381,25.16245453220295,22.995294224353056,-2.9512736778162,1.06368253325,6.174999999999999,5.4,5.4,5.4,5.4,0.0
Slovak Republic,SVK,1995,12.134332847809937,-27.3251639627201,2146.775,-11.9782124108623,100.35354635819381,25.191388631033313,26.532070196450547,-2.9512736778162,0.987051605583333,6.174999999999999,5.4,5.4,5.4,5.4,0.0
Slovak Republic,SVK,1996,12.134332847809937,11.1333292169147,2224.875,-1.8528897078235829,100.35354635819381,24.329565841901783,25.775277451892862,3.8261077356061466,1.01751809075,12.7083333333333,5.4,5.4,5.4,5.4,0.0
Slovak Republic,SVK,1997,12.134332847809937,-6.2193615666363,2205.875,-1.8528897078235829,100.35354635819381,25.82958702832086,27.75966368928495,3.8261077356061466,1.11585230933333,12.7083333333333,5.4,5.4,5.4,5.4,0.0
Slovak Republic,SVK,1998,12.134332847809937,-35.0585844039248,2198.5,-1.8528897078235829,100.35354635819381,27.608424423327342,27.1182703439745,3.8261077356061466,1.16953517433333,12.7083333333333,5.4,5.4,5.4,5.4,0.0
Slovak Republic,SVK,1999,12.134332847809937,-29.6598572621562,2131.925,-3.801467853102051,100.35354635819381,32.1268627733726,16.145384825522466,-0.4732612096210976,1.37299453408333,16.4916666666667,5.4,5.4,5.4,5.4,0.0
Slovak Republic,SVK,2000,12.134332847809937,-1.04754873595786,2101.575,6.222557345918861,100.35354635819381,36.0901281535084,23.318583731136105,0.7892244779251367,1.5336199075,18.9083333333333,4.61,4.61,4.61,5.4,-0.79
Slovak Republic,SVK,2001,12.134332847809937,23.7649217615745,2121.1,18.871004417408603,100.35354635819381,35.94123940156588,23.73209979768589,2.9251607724848827,1.60508641491667,19.4583333333333,4.61,4.61,4.61,4.61,0.0
Slovak Republic,SVK,2002,-7.48773485149965,14.0108345892224,2123.25,5.484802226418003,100.35354635819381,34.84931728255867,26.972912229651623,4.417253482715146,1.50457246225,18.8083333333333,4.61,4.61,4.61,4.61,0.0
Slovak Republic,SVK,2003,-7.48773485149965,40.7040884862169,2161.675,8.10532850296438,100.35354635819381,40.41013295961032,33.49947704007061,4.8566985159131955,1.22063997883333,17.6916666666667,3.4250000000000003,4.125,4.125,4.61,-0.4850000000000003
Slovak Republic,SVK,2004,-7.48773485149965,29.7012507553791,2167.775,22.57051406346668,100.35354635819381,42.63481633436601,29.666336236748204,5.389498569967712,1.070736241,18.3583333333333,2.24,3.64,3.64,4.125,-0.4849999999999999
Slovak Republic,SVK,2005,-7.998796952930508,104.942269066478,2215.25,15.429110008867433,100.35354635819381,41.26787410689555,31.479759342258706,6.484932222743873,1.029617274,16.375,2.46,3.54,3.54,3.64,-0.10000000000000009
Slovak Republic,SVK,2006,-7.555995443317064,-7.55462411236413,2302.275,19.068136095472568,100.35354635819381,43.944444088100695,42.89117409680548,8.92568704770218,0.985768107333334,13.4666666666667,2.3,3.33,3.33,3.54,-0.20999999999999996
Slovak Republic,SVK,2007,-4.84913490716109,4.69335416421263,2357.675,9.64070653461956,100.35354635819381,44.23077072895292,45.763594114051266,10.81862950749034,0.819701697416666,11.2333333333333,2.24,3.23,3.23,3.33,-0.10000000000000009
Slovak Republic,SVK,2008,-6.32186590877487,2.12985187758583,2433.75,4.137161380706226,100.35354635819381,47.12192954514791,60.390391010110704,5.36337721231949,0.709069131916667,9.575,1.72,2.99,2.99,3.23,-0.23999999999999977
Slovak Republic,SVK,2009,-4.00152957334173,-26.2602483967855,2366.325,-18.761508034631355,100.35354635819381,46.35432774726033,35.19172938575213,-5.505337909722231,0.719800423489554,12.0833333333333,1.85,3.23,3.23,2.99,0.23999999999999977
Slovak Republic,SVK,2010,-4.645109741015405,-28.9139984483446,2317.5,17.60064667563832,100.35354635819381,46.46117539327827,49.50611292205113,6.790581591424219,0.755043518257105,14.433333333333334,2.13,3.08,3.08,3.23,-0.1499999999999999
Slovak Republic,SVK,2011,-4.673279232098071,0.908142308812627,2315.325,7.1887976527146655,100.35354635819381,49.744501522369276,47.56221533515187,2.5624247321555385,0.719158754470168,13.6083333333333,1.59,3.0,3.0,3.08,-0.08000000000000007
Slovak Republic,SVK,2012,0.8872316112388932,-13.70598810272,2328.975,2.210446159227347,100.35354635819381,51.311080886821685,47.9276003173914,1.5691710470270512,0.778006210395884,13.9,1.46,2.84,2.84,3.0,-0.16000000000000014
Slovak Republic,SVK,2013,2.645177988609426,-3.06225282216746,2329.25,5.02287193258708,100.35354635819381,50.90161334239366,44.36341098574059,0.7033235452471874,0.753297658306669,14.1333333333333,1.49,2.95,2.95,2.84,0.11000000000000032
Slovak Republic,SVK,2014,1.5990267377182552,10.6794971476496,2363.025,4.0832801471664615,100.35354635819381,50.1250577889635,46.36318172522032,2.7079515144948645,0.753695140645586,13.1,2.03,3.07,3.07,2.95,0.11999999999999966
Slovak Republic,SVK,2015,-2.008727736002945,22.8476259259698,2424.0,9.138556503173184,100.35354635819381,49.83739011128614,54.7929752253368,5.176879097221343,0.901451643908024,11.4666666666667,2.02,3.09,3.09,3.07,0.020000000000000018
Slovak Republic,SVK,2016,-1.345931425218445,21.5481487430728,2492.1,4.6469756783623195,100.35354635819381,49.47998980372162,48.08512060831788,1.9478184152455835,0.904281526915114,9.65833333333333,2.09,3.29,3.29,3.09,0.20000000000000018
Slovak Republic,SVK,2017,-1.8231262688845864,0.800583588168604,2530.675,3.7914460868196,100.35354635819381,51.048529657914685,50.78656542220008,2.8747332745369625,0.887107173889516,8.08333333333334,1.96,3.27,3.27,3.29,-0.020000000000000018
Slovak Republic,SVK,2018,-1.593918816122788,5.08550571873574,2566.725,5.027535230173352,100.35354635819381,52.916462867248526,61.808013928118854,4.062119818964827,0.847324485146496,6.50833333333333,1.83,3.11,3.11,3.27,-0.16000000000000014
Slovak Republic,SVK,2019,-3.355100043760581,3.05784072280318,2583.65,2.3567028987639045,100.35354635819381,54.368222548340725,55.1088922955024,2.275899100193943,0.893348371188594,5.71666666666667,1.84,3.08,3.08,3.11,-0.029999999999999805
Slovak Republic,SVK,2020,-0.8971937662683639,-0.124204654405977,2531.075,-7.903149684849443,100.35354635819381,55.031687559293104,47.383429842977236,-2.585512417332086,0.877541570440429,6.65833333333333,1.48,2.8,2.8,3.08,-0.28000000000000025
Slovak Republic,SVK,2021,-4.631067003416693,8.80840696701936,2560.55,11.650255284394609,100.35354635819381,57.340798561280806,56.200501159004816,5.655858806555502,0.845553392731664,6.825,1.39,2.85,2.85,2.8,0.050000000000000266
Slovak Republic,SVK,2022,-9.543266790668124,-1.47755045661032,2603.925,4.127972765215814,100.35354635819381,69.276698468651,46.21520840148831,0.5445916321374579,0.950882523746784,6.15,1.33,2.68,2.68,2.85,-0.16999999999999993
Slovenia,SVN,1988,-9.543266790668124,-1.47755045661032,2603.925,4.127972765215814,100.35354635819381,99.39634829825305,46.21520840148831,0.5445916321374579,0.950882523746784,6.15,1.33,2.68,2.68,,
Slovenia,SVN,1989,-9.543266790668124,-1.47755045661032,2603.925,4.127972765215814,100.35354635819381,640.9910094117093,46.21520840148831,0.5445916321374579,0.950882523746784,6.15,1.33,2.68,2.68,2.68,0.0
Slovenia,SVN,1990,-9.543266790668124,-1.47755045661032,2603.925,4.127972765215814,100.35354635819381,277.7973899586028,65.5452709990842,0.5445916321374579,0.950882523746784,6.15,1.33,2.68,2.68,2.68,0.0
Slovenia,SVN,1991,-9.543266790668124,-1.47755045661032,2603.925,4.127972765215814,100.35354635819381,61.188139759050344,65.5452709990842,0.5445916321374579,0.950882523746784,6.15,1.33,2.68,2.68,2.68,0.0
Slovenia,SVN,1992,-9.543266790668124,-1.47755045661032,2603.925,4.127972765215814,100.35354635819381,116.65657954378105,65.5452709990842,0.5445916321374579,0.950882523746784,6.15,1.33,2.68,2.68,2.68,0.0
Slovenia,SVN,1993,-0.4318675953977507,48.4691219492646,2603.925,4.127972765215814,100.35354635819381,31.28366227783515,30.6333951115437,0.5445916321374579,0.494578673565904,6.15,1.33,2.68,2.68,2.68,0.0
Slovenia,SVN,1994,-0.4318675953977507,48.4691219492646,871.0,2.0911678592270944,100.35354635819381,29.13179184543225,37.288024097416475,2.888863808841724,0.494578673565904,6.89166666666667,1.33,2.68,2.68,2.68,0.0
Slovenia,SVN,1995,-0.4318675953977507,48.4691219492646,871.0,2.0911678592270944,100.35354635819381,27.87682971732685,36.036021391640126,2.888863808841724,0.494578673565904,6.89166666666667,1.33,2.68,2.68,2.68,0.0
Slovenia,SVN,1996,0.1349910658032581,-6.02807206964034,871.0,2.0911678592270944,100.35354635819381,28.163032182318986,35.65993528585492,2.888863808841724,0.564868135536638,6.89166666666667,1.33,2.68,2.68,2.68,0.0
Slovenia,SVN,1997,0.1911670603921904,21.708783041427,893.2,11.69055746114264,100.35354635819381,29.35266432677728,35.67202264963955,5.171340956946134,0.666367606966005,6.91666666666667,11.38,11.38,11.38,2.68,8.700000000000001
Slovenia,SVN,1998,-0.7774850681106265,17.9759038988011,904.7,10.058366143974805,100.35354635819381,31.10483675596752,53.074466079678075,3.0638251626542856,0.693265592833695,7.36666666666667,11.38,11.38,11.38,11.38,0.0
Slovenia,SVN,1999,-3.831781106776056,9.74169188067314,882.725,8.409504689171516,100.35354635819381,31.908859451074985,52.54694418084401,5.268007243111936,0.758509291715351,7.40833333333333,11.38,11.38,11.38,11.38,0.0
Slovenia,SVN,2000,-3.2175303515881533,-6.0906696318711,900.65,6.619835550150964,100.35354635819381,35.85628919759684,51.8993045223012,3.497916709966739,0.929133283258221,6.74166666666667,10.690000000000001,10.690000000000001,10.690000000000001,11.38,-0.6899999999999995
Slovenia,SVN,2001,0.1000393658093922,11.0065075290316,916.275,3.623125007959589,100.35354635819381,38.221499604127665,48.23788543044255,2.8286865544027098,1.01297780003338,6.19166666666667,10.0,10.0,10.0,10.690000000000001,-0.6900000000000013
Slovenia,SVN,2002,1.0130016072895145,52.8415300546448,909.525,5.625376773009116,100.35354635819381,40.31788885351878,52.76137699271609,3.2825838428843253,1.00254896233239,6.34166666666667,1.65,10.16,10.16,10.0,0.16000000000000014
Slovenia,SVN,2003,-0.7568399879422699,16.5883446549875,897.175,6.464488486128978,100.35354635819381,41.37749877543115,55.51061180404411,3.1950310739869496,0.864275580036722,6.7,1.72,10.2,10.2,10.16,0.03999999999999915
Slovenia,SVN,2004,-2.6842297215439146,35.163214939331,943.45,13.968162953081883,100.35354635819381,41.788987971247565,57.33040499891504,4.5460221878822065,0.802797946920381,6.34166666666667,2.24,3.64,3.64,10.2,-6.559999999999999
Slovenia,SVN,2005,-1.812388931862968,1.84570427711884,949.2,7.3368931607246655,100.35354635819381,42.19866732824908,58.921431855039266,3.854126250738924,0.80414719301174,6.54166666666667,2.46,3.54,3.54,3.64,-0.10000000000000009
Slovenia,SVN,2006,-1.7453955542649262,12.9556145626112,961.2,12.38855920536048,100.35354635819381,43.208962220979316,67.69802334959387,5.908781909489798,0.797154064429978,5.99166666666667,2.3,3.33,3.33,3.54,-0.20999999999999996
Slovenia,SVN,2007,-3.941360097289193,79.7014333610824,985.15,17.05726752863879,100.35354635819381,45.34416448308721,76.75629551797662,7.139232376520998,0.730485427146717,4.85833333333333,2.24,3.23,3.23,3.33,-0.10000000000000009
Slovenia,SVN,2008,-5.397606301492375,-22.0808550687742,996.1,4.090181488203269,100.35354635819381,48.79662856953637,80.9747677481469,3.3722380802142276,0.683982339822684,4.39166666666667,1.72,2.99,2.99,3.23,-0.23999999999999977
Slovenia,SVN,2009,-1.1530802115659524,-42.1045154040548,980.525,-18.3853643713585,100.35354635819381,46.778381123396926,52.33989197086806,-7.590586534737884,0.719800423489554,5.85,1.85,3.23,3.23,2.99,0.23999999999999977
Slovenia,SVN,2010,-0.7409788692844623,-8.59159770781283,966.05,6.952387355575383,100.35354635819381,48.09433511068568,58.43906181389098,1.1121376278250268,0.755043518257105,7.25833333333333,2.13,3.08,3.08,3.23,-0.1499999999999999
Slovenia,SVN,2011,-0.797170384335175,-18.589016852251,936.1,5.026892686091015,100.35354635819381,48.9460091930429,47.41041183060069,0.6554389554158088,0.719158754470168,8.18333333333333,1.59,3.0,3.0,3.08,-0.08000000000000007
Slovenia,SVN,2012,1.3989267506545668,-21.812326143332,923.65,-3.1747019479594116,100.35354635819381,50.59120693019504,44.18766482649038,-2.915538584832263,0.778006210395884,8.85,1.46,2.84,2.84,3.0,-0.16000000000000014
Slovenia,SVN,2013,3.5793975617445812,10.333289247454,905.85,1.7710537600076044,100.35354635819381,51.04918376274296,44.54634406720525,-0.8237773685180294,0.753297658306669,10.1083333333333,1.49,2.95,2.95,2.84,0.11000000000000032
Slovenia,SVN,2014,5.243984646599497,23.1396350859808,916.65,3.966140760442426,100.35354635819381,50.364255246618946,53.23897586644014,2.7628331960154333,0.753695140645586,9.7,2.03,3.07,3.07,2.95,0.11999999999999966
Slovenia,SVN,2015,4.124365516797683,-3.14631801077507,917.45,5.27285065128784,100.35354635819381,49.73764052375607,50.68267341734997,2.3933066389971738,0.901451643908024,8.98333333333333,2.02,3.09,3.09,3.07,0.020000000000000018
Slovenia,SVN,2016,5.175182554908879,-5.01612593416509,915.0,6.626984333804664,100.35354635819381,49.94541689583146,50.748899114973604,3.034415893517961,0.904281526915114,8.00833333333333,2.09,3.29,3.29,3.09,0.20000000000000018
Slovenia,SVN,2017,6.7060685721253535,11.0477522970836,959.075,10.671717213492654,100.35354635819381,51.401637049929974,62.202437427313264,5.174402771197001,0.887107173889516,6.575,1.96,3.27,3.27,3.29,-0.020000000000000018
Slovenia,SVN,2018,6.407521191411119,7.04287983059821,980.6,7.086747754307833,100.35354635819381,52.4376376432744,66.9418690710519,4.379083190237602,0.847324485146496,5.125,1.83,3.11,3.11,3.27,-0.16000000000000014
Slovenia,SVN,2019,6.438151817716146,3.06017685110086,982.525,4.668943687545001,100.35354635819381,53.22442797043817,65.53551981874715,3.505252065880146,0.893348371188594,4.44166666666667,1.84,3.08,3.08,3.11,-0.029999999999999805
Slovenia,SVN,2020,7.456986773267121,-1.42040137855713,978.05,-9.117377125574295,100.35354635819381,52.35298825878622,59.753165582589425,-4.084999797076726,0.877541570440429,4.98333333333333,1.48,2.8,2.8,3.08,-0.28000000000000025
Slovenia,SVN,2021,3.6194993824296704,29.2302360199347,971.55,17.782056584016395,100.35354635819381,54.34311586377983,69.43429145296632,8.416862991682658,0.845553392731664,4.775,1.39,2.85,2.85,2.8,0.050000000000000266
Slovenia,SVN,2022,-0.9032883719486388,2.53653759228565,986.125,9.25494331241646,100.35354635819381,62.51726610041375,76.33023856136063,2.6685068603561044,0.950882523746784,4.025,1.33,2.68,2.68,2.85,-0.16999999999999993
Sweden,SWE,1988,-0.9032883719486388,9.15076714129069,4375.0,4.5091826106024655,10.987525437527513,31.10746815793596,34.6272304974225,2.601605926665066,6.12875986851993,1.8,0.99,4.4,4.4,,
Sweden,SWE,1989,-0.9032883719486388,38.9410541621573,4442.0,7.689031196756931,13.112999833446553,33.23333959797101,37.115524032871846,2.7461687998165365,6.44622656923115,1.55833333333333,4.31,4.31,4.31,4.4,-0.09000000000000075
Sweden,SWE,1990,-0.9032883719486388,-4.96422514600304,4485.0,0.66129808488544,15.04696324272628,38.306157430115505,34.00420306222665,1.0287217774428254,5.91836925388358,1.71666666666667,4.137272727272727,4.259090909090909,4.259090909090909,4.31,-0.05090909090909079
Sweden,SWE,1991,-1.1886900443257018,-8.39662239154816,4396.0,-4.906828330691187,16.76508233524843,40.9735270471658,32.91708378242537,-1.079469323821914,6.04546458315185,3.1,3.9645454545454544,4.208181818181818,4.208181818181818,4.259090909090909,-0.05090909090909079
Sweden,SWE,1992,-1.1886900443257018,-14.676593016174,4209.0,1.4863305222919097,12.453822909400824,38.29913394669019,34.15406654271028,-1.182429588963643,5.82302467608041,5.55833333333333,3.9645454545454544,4.208181818181818,4.208181818181818,4.208181818181818,0.0
Sweden,SWE,1993,-1.1886900443257018,30.826686133904,3964.0,-2.1597379753258914,16.12633073455405,41.230754076286374,34.56612357518669,-1.995281371638784,7.78543950420439,9.05,3.9645454545454544,4.208181818181818,4.208181818181818,4.208181818181818,0.0
Sweden,SWE,1994,1.009527717344348,27.4881589619426,3928.0,12.864068601494742,15.559757860385309,40.78453288139393,47.095260273280076,4.015785782867229,7.71570436735397,9.35833333333334,3.9645454545454544,4.208181818181818,4.208181818181818,4.208181818181818,0.0
Sweden,SWE,1995,3.141532913045394,11.3629728204957,3986.0,7.241767812767176,13.797564303558678,41.9078662987193,41.3087140460109,4.094384206753849,7.13361872263263,8.8,3.9645454545454544,4.208181818181818,4.208181818181818,4.208181818181818,0.0
Sweden,SWE,1996,3.192361025483401,21.7485662560414,3963.0,3.571854337061628,19.41238005853418,41.16373764476921,38.73235198116245,1.7047019165564372,6.70707939700602,9.55833333333333,3.9645454545454544,4.208181818181818,4.208181818181818,4.208181818181818,0.0
Sweden,SWE,1997,3.7829953096103286,45.6168814931566,3922.0,12.424245227076751,17.507354217898644,41.49564795620046,40.041013438134584,3.065009482219735,7.63461683850189,9.89166666666667,3.9645454545454544,4.208181818181818,4.208181818181818,4.208181818181818,0.0
Sweden,SWE,1998,3.524606394931193,15.561008798107,3979.0,10.97168567756374,17.615693185344607,40.922907476707714,43.165531058783166,4.24583705776395,7.94707818958216,8.2,2.7554545454545454,3.8518181818181816,3.8518181818181816,4.208181818181818,-0.35636363636363644
Sweden,SWE,1999,3.8061024589733687,15.9577949557072,4068.0,5.578451296050848,32.087997037124964,41.477314757416416,44.2826733623036,4.201114986353428,8.2623434051485,6.73333333333333,2.582727272727273,3.800909090909091,3.800909090909091,3.8518181818181816,-0.05090909090909079
Sweden,SWE,2000,3.8944634608870543,48.9818465681245,4159.0,12.556751818125766,26.661378190779587,42.06666161078107,47.85666555595429,4.631126829801592,9.16059325270484,5.6,2.41,3.75,3.75,3.800909090909091,-0.05090909090909079
Sweden,SWE,2001,4.651187304892315,-29.7414545363883,4318.1,-1.3684880363007506,23.016218042701006,43.82135875664798,45.679883794538334,1.3608101485830986,10.3383767896549,5.825,3.37,4.07,4.07,3.75,0.3200000000000003
Sweden,SWE,2002,4.354890435099403,-23.055003548616,4323.925,-0.9530020971668725,23.388848314381534,44.61753076383613,45.77021560698478,2.2777128052351223,9.72104173495791,5.95,2.45,3.91,3.91,4.07,-0.16000000000000014
Sweden,SWE,2003,5.794211004066009,-11.3881317708261,4314.4,3.2512318067255555,25.753485990781837,45.33951477471059,47.92817071962111,1.8810133315289916,8.07822306961618,6.56666666666667,2.52,4.01,4.01,3.91,0.09999999999999964
Sweden,SWE,2004,5.9436534617611025,28.3233925615963,4290.025,6.892433126341808,25.31322598405271,44.72933486762072,51.329772582427324,4.179604509598772,7.34599586064327,7.375,2.24,3.64,3.64,4.01,-0.36999999999999966
Sweden,SWE,2005,6.041656955473136,21.7758093430349,4336.425,6.838512407533364,30.49198307324298,44.970944029003405,50.61556425515218,2.79315622935198,7.47387105419306,7.78333333333333,2.46,3.54,3.54,3.64,-0.10000000000000009
Sweden,SWE,2006,8.210043229726987,26.5627081612533,4429.45,8.169063072799634,38.1394223295934,46.03308528284829,55.685459374959244,4.676077350124496,7.37330715677657,7.24166666666667,2.3,3.33,3.33,3.54,-0.20999999999999996
Sweden,SWE,2007,8.278602815449915,20.3148930795101,4540.675,8.864914241463511,43.21585683960182,47.46234680033328,58.2850322581803,3.2248568305183523,6.75773017086693,6.31666666666666,2.24,3.23,3.23,3.33,-0.10000000000000009
Sweden,SWE,2008,7.968362090078498,-29.8600828085801,4592.975,2.8310111206613677,43.50540599939272,49.668074437992374,52.583123752181194,-0.9231168426374682,6.59710500074157,6.35,1.72,2.99,2.99,3.23,-0.23999999999999977
Sweden,SWE,2009,5.889257853393445,-9.59588872361459,4499.325,-14.020388630312208,40.527190533583195,47.46522800740087,39.92007561942816,-4.255608459723032,7.65260470151829,8.48333333333334,1.85,3.23,3.23,2.99,0.23999999999999977
Sweden,SWE,2010,5.895301948354287,30.653278465163,4523.7,12.176403882633242,40.850730887269584,48.843956847507656,53.75717059376134,5.75075469070024,7.20219173724826,8.775,2.13,3.08,3.08,3.23,-0.1499999999999999
Sweden,SWE,2011,5.524478469349914,1.50829124568014,4625.875,6.709679014940982,42.84913728302197,51.17473650629934,54.178153678527046,3.1638816304823623,6.48918810308049,7.95,1.59,3.0,3.0,3.08,-0.08000000000000007
Sweden,SWE,2012,5.496455191694045,-0.881176427750297,4657.125,0.5510699341690162,47.430480437405805,50.579821640447875,49.23074028678346,-0.4144131826528049,6.76893428932179,8.15,1.46,2.84,2.84,3.0,-0.16000000000000014
Sweden,SWE,2013,4.7591020611906965,17.0824827209799,4704.475,0.8750645265849535,46.28484178697351,50.09127984100317,46.46650477852514,1.1376493440319917,6.51300535855449,8.20833333333333,1.49,2.95,2.95,2.84,0.11000000000000032
Sweden,SWE,2014,3.6693181457498154,15.5352208319606,4772.125,6.502743373869057,48.94761396070856,49.93358407461868,47.71419416584066,2.2957835049042945,6.85987996196436,8.1,2.03,3.07,3.07,2.95,0.11999999999999966
Sweden,SWE,2015,2.9737669511568345,16.6027502487794,4836.85,5.791844727195862,53.26890092894577,49.97660762750838,51.97343274762753,4.388245006654819,8.4293252232731,7.59166666666667,2.02,3.09,3.09,3.07,0.020000000000000018
Sweden,SWE,2016,2.2684402538376194,-4.58520695982578,4909.9,5.630234206859486,58.36779277692411,50.98426924457799,53.23128995066116,2.1311879885136165,8.55645321303093,7.15,2.09,3.29,3.29,3.09,0.20000000000000018
Sweden,SWE,2017,2.317891781703814,15.6467234480294,5021.65,4.3923887553632115,64.315127624669,52.29546502004996,58.57624878325697,1.882827070157844,8.54703068040655,6.85833333333333,1.96,3.27,3.27,3.29,-0.020000000000000018
Sweden,SWE,2018,2.41846424031648,0.523605201979239,5097.275,4.181943087994861,65.53961532042943,53.37906543130863,59.04994636743811,1.7702547371753856,8.69041202169208,6.475,1.83,3.11,3.11,3.27,-0.16000000000000014
Sweden,SWE,2019,5.519583885714657,6.20299088576232,5131.55,1.984218342352218,65.53961532042943,54.22930937396518,59.044201569564514,2.608228991210878,9.45588466034569,6.90833333333333,1.84,3.08,3.08,3.11,-0.029999999999999805
Sweden,SWE,2020,5.502384335239682,10.5995046023403,5064.325,-6.301921452085937,65.53961532042943,53.851199516506796,55.67994205433727,-1.9337845947792516,9.20972998227618,8.48333333333334,1.48,2.8,2.8,3.08,-0.28000000000000025
Sweden,SWE,2021,6.264010060377563,37.0849427011843,5105.15,13.384120327767764,65.53961532042943,55.84364274962674,62.568715138280076,5.22586462304481,8.57694616843905,8.89166666666667,1.39,2.85,2.85,2.8,0.050000000000000266
Sweden,SWE,2022,3.976809780550207,-11.3418683606321,5257.15,9.80125000721302,65.53961532042943,63.52988438109241,62.09669910801764,1.2554395220007166,10.1076997493569,7.48333333333333,1.33,2.68,2.68,2.85,-0.16999999999999993
Turkiye,TUR,1988,3.976809780550207,68.75,5257.15,9.80125000721302,28.150436098051664,34.41418907077486,16.092723463603058,1.2554395220007166,0.0014214173337039,7.48333333333333,1.33,2.68,2.68,,
Turkiye,TUR,1989,3.976809780550207,68.75,5257.15,9.80125000721302,34.92121900697429,31.651576165814628,15.912560105385815,1.2554395220007166,0.0021199612034982,7.48333333333333,1.33,2.68,2.68,2.68,0.0
Turkiye,TUR,1990,3.976809780550207,343.518518518518,5257.15,9.80125000721302,31.12376377092519,30.176468764680166,19.77689280366395,1.2554395220007166,0.0026064373712278,7.48333333333333,1.33,2.68,2.68,2.68,0.0
Turkiye,TUR,1991,3.976809780550207,-6.47181628392483,5257.15,9.80125000721302,28.69891398520015,33.0299830298,17.23662623053976,1.2554395220007166,0.0041688720992534,7.48333333333333,6.1,7.9,7.9,2.68,5.220000000000001
Turkiye,TUR,1992,3.976809780550207,6.25,5257.15,9.80125000721302,43.71153071931701,35.10728720632348,18.889712049783018,1.2554395220007166,0.0068605412074941,7.48333333333333,6.1,7.9,7.9,7.9,0.0
Turkiye,TUR,1993,-0.8213371918336732,161.134453781513,5257.15,9.80125000721302,32.19296789246559,33.16191791669997,21.009766066723216,1.2554395220007166,0.0109644455934343,7.48333333333333,6.1,7.9,7.9,7.9,0.0
Turkiye,TUR,1994,-0.8213371918336732,109.332260659694,5257.15,20.06311586489098,59.083328541442,52.84348842289576,12.554009961026384,7.157798475577446,0.0297781480708251,7.48333333333333,6.42,7.32,7.32,7.9,-0.5800000000000001
Turkiye,TUR,1995,-0.8213371918336732,93.3897002305918,5257.15,20.06311586489098,55.777230111210116,45.0029360806266,22.818778347418878,7.157798475577446,0.0457384395296129,7.48333333333333,6.74,6.74,6.74,7.32,-0.5800000000000001
Turkiye,TUR,1996,-0.8278885567176006,62.9968203497615,5257.15,20.06311586489098,54.51330228522527,41.01121773740692,20.167956732266564,7.157798475577446,0.0812810041977061,7.48333333333333,3.19,5.71,5.71,6.74,-1.0300000000000002
Turkiye,TUR,1997,-1.0109017048928874,196.671543525969,5257.15,20.97363469214318,57.52207737974273,44.32959456844142,22.78582509761658,7.357862369133981,0.151594914155448,7.48333333333333,5.65,5.65,5.65,5.71,-0.05999999999999961
Turkiye,TUR,1998,0.8607673619004254,60.0501376731188,21538.0,2.12471028922403,51.749933555802144,45.08089003828874,19.431522793753032,1.9085706458372464,0.260472600898739,7.48333333333333,3.2,5.73,5.73,5.65,0.08000000000000007
Turkiye,TUR,1999,-0.0226987504446843,77.1138785466684,21538.0,-3.232970629274911,43.92639951245479,36.98444834610366,16.29824513707134,-3.0527705542197867,0.418984027455455,7.48333333333333,5.34,5.34,5.34,5.73,-0.39000000000000057
Turkiye,TUR,2000,-3.537604801518525,151.607057424939,21538.0,21.668578019462817,40.300355013443955,34.5074390585296,22.562593282883203,6.985286976953334,0.624325301685332,7.48333333333333,2.38,4.98,4.98,5.34,-0.35999999999999943
Turkiye,TUR,2001,1.979864366218822,-29.8719108504129,21530.5,-24.150108660068422,39.6254657941511,38.0849156790449,10.818533702169779,-5.459408393435844,1.22826860623445,7.48333333333333,1.95,3.93,3.93,4.98,-1.0500000000000003
Turkiye,TUR,2002,-0.3620828230052092,8.65267689880699,21463.25,21.360607618403993,26.184125937571416,38.261150993604545,25.451981582319565,6.435508848156491,1.51234220640204,7.48333333333333,1.84,3.95,3.95,3.93,0.020000000000000018
Turkiye,TUR,2003,-2.776721908405713,11.3922519075311,21290.5,23.34249487257157,16.142804184707153,29.988975554161897,26.399523652714933,5.799093201793313,1.5025415854053,9.50833333333334,1.92,4.33,4.33,3.95,0.3799999999999999
Turkiye,TUR,2004,-3.714711206920565,62.0560202031173,21708.5,21.131778280994205,19.683504069013413,25.13670143494413,30.83081964682793,9.925405521542716,1.42599539916714,9.50833333333334,2.18,4.15,4.15,4.33,-0.17999999999999972
Turkiye,TUR,2005,-4.326244505081128,47.5730473577278,20095.75,12.192792699466228,20.268942188276725,26.631489094090497,34.65114822590429,9.111577463345688,1.34129764241797,9.50833333333334,1.5,3.85,3.85,4.15,-0.30000000000000027
Turkiye,TUR,2006,-5.76759197032035,35.7091964039866,20432.1,7.1823784818718845,25.570990424395653,29.50393154874321,37.39109879080979,7.067626077954384,1.42995441629023,9.06666666666667,1.47,3.72,3.72,3.85,-0.1299999999999999
Turkiye,TUR,2007,-5.445198093737422,21.1427077341421,20749.125,9.699593944180307,23.707927682799554,31.24664262274188,37.216560303275074,5.108185138795708,1.29988548348391,9.15833333333333,2.06,4.06,4.06,3.72,0.3399999999999994
Turkiye,TUR,2008,-5.037866886063493,-22.0307932446176,21192.1,-2.9344979227723256,26.924121601523048,34.89680243744,31.36647725195544,0.9201182160487026,1.298778228951,10.025,1.97,3.93,3.93,4.06,-0.12999999999999945
Turkiye,TUR,2009,-1.7384892855657077,-0.339931925033409,21270.35,-14.375455275739244,29.855373364956613,34.655187517888656,22.292934304889688,-4.882694013456528,1.54686925646214,13.0416666666667,2.21,4.42,4.42,3.93,0.48999999999999977
Turkiye,TUR,2010,-5.6163078787206375,58.616168843578,22592.3,19.3374590242569,31.1648067687812,38.51389539554842,39.90783520384584,8.542198478021414,1.49896398189974,11.15,2.35,4.7,4.7,4.42,0.28000000000000025
Turkiye,TUR,2011,-8.736490240140336,2.12786524220592,24098.625,14.516665250760646,38.80861552050338,39.6819811144928,47.9112785571049,10.979962531413731,1.67165758187465,9.14166666666666,2.65,5.11,5.11,4.7,0.41000000000000014
Turkiye,TUR,2012,-4.876695199444766,4.95347755770553,24819.075,0.3402192112023551,36.400368589368384,44.132451521310166,43.56886443024243,4.807626970527663,1.79160369267206,8.43333333333333,2.715,5.16,5.16,5.11,0.04999999999999982
Turkiye,TUR,2013,-5.0954487956114045,22.2353793029535,25518.775,10.476244618145374,44.70586360163171,46.406969454469845,49.34205421345371,8.488256886725464,1.90452909090909,9.05,2.78,5.21,5.21,5.16,0.04999999999999982
Turkiye,TUR,2014,-3.4263697283572476,-3.4859501304478,25929.35,-0.0056439017691323,50.996408655536904,50.86510894829844,50.006175044185035,4.600794475930624,2.18900970324362,9.883333333333336,2.985,5.505,5.505,5.21,0.29499999999999993
Turkiye,TUR,2015,-2.452068330244636,7.25540028228369,26616.775,2.1336611529964298,58.65139718704592,53.8354268242294,53.03499085259683,5.80557386479459,2.72296580698287,10.3333333333333,3.19,5.8,5.8,5.505,0.29499999999999993
Turkiye,TUR,2016,-2.482439913420041,-4.33558372446616,27214.725,2.9238180278776893,62.39041504224427,57.77513415328316,53.85089166139668,3.323665083596894,3.02245681661334,10.9083333333333,2.74,5.37,5.37,5.8,-0.4299999999999997
Turkiye,TUR,2017,-4.117223770064554,28.3084670583942,28196.075,10.686541157215828,76.1734047453635,65.4651207293412,61.156890664561864,7.825857301125095,3.64857035612335,10.925,3.45,5.58,5.58,5.37,0.20999999999999996
Turkiye,TUR,2018,-1.5678371914623694,2.86527188484044,28733.075,-5.9111301203221185,89.79267230657187,77.8411940539419,56.983782148593114,3.468153056335104,4.83966475429763,10.891666666666667,2.5,4.56,4.56,5.58,-1.0200000000000005
Turkiye,TUR,2019,1.8355085196876808,-2.53971136705924,28078.9,-5.355355172521512,89.79267230657187,87.83781756945615,53.27391321317964,1.3016236542392876,5.67649483319217,13.741666666666664,3.13,5.09,5.09,4.56,0.5300000000000002
Turkiye,TUR,2020,-3.992447091464353,14.1850591519787,26804.45,6.842696363532406,89.79267230657187,96.2426760163982,54.76105946461743,1.8030624719625843,7.01660732746722,13.1416666666667,2.85,4.81,4.81,5.09,-0.28000000000000025
Turkiye,TUR,2021,-0.912250930012286,33.1892261436563,28826.5,2.136275976487875,89.79267230657187,117.5585101111682,66.9376553910173,11.811094450407785,8.8614759757513,12.0333333333333,3.22,5.09,5.09,4.81,0.28000000000000025
Turkiye,TUR,2022,-5.024106134263645,97.3316782692254,30724.75,8.254101136195777,89.79267230657187,221.8348741477028,63.256320853452905,5.441225114783877,16.5631910490777,10.4833333333333,4.31,7.64,7.64,5.09,2.55
United States,USA,1988,-2.313767488510319,-7.29015502874949,114968.416666667,3.928079269774677,14.829021944345207,26.986096561420496,29.250557039011557,4.176982509825512,16.5631910490777,5.49166666666667,3.91,4.56,4.56,,
United States,USA,1989,-1.7634245870327625,20.0750904903019,117325.833333333,4.403692610026709,14.760727729267304,28.564930878058078,27.531289151484287,3.6722431841812537,16.5631910490777,5.26666666666667,3.91,4.56,4.56,4.56,0.0
United States,USA,1990,-1.3242174493675274,1.89689046037699,118793.25,3.577103883630584,16.12461572407047,30.262050348392457,26.227164540635297,1.8859579360255885,16.5631910490777,5.61666666666667,3.92,4.66,4.66,4.56,0.10000000000000053
United States,USA,1991,0.0470110301760879,12.4905664454629,117718.333333333,-0.14958784224283,15.722374657332889,30.847840282869374,23.09884849503639,-0.1083128872992451,16.5631910490777,6.81666666666667,3.95,4.73,4.73,4.66,0.07000000000000028
United States,USA,1992,-0.7915860358082487,10.9910390092852,118492.0,7.009747989125058,15.055695524100782,31.114958885486445,32.03916886809001,3.522504819305597,16.5631910490777,7.50833333333333,3.95,4.8,4.8,4.73,0.0699999999999994
United States,USA,1993,-1.23664469727859,8.98002075727288,120259.25,8.64669522800915,14.78207555554804,31.95008419762113,32.466135351135506,2.7517909915047785,16.5631910490777,6.9,3.75,4.71,4.71,4.8,-0.08999999999999986
United States,USA,1994,-1.6688356416043313,1.82111818324518,123065.166666667,11.928320124070655,15.081364370084783,32.572574928903194,34.56348992598799,4.0290181404911305,16.5631910490777,6.08333333333333,3.3449999999999998,4.49,4.49,4.71,-0.21999999999999975
United States,USA,1995,-1.4865802041866754,14.5712154439718,124899.666666667,8.000860589855876,15.781942412649286,33.54878656731628,34.625269397894336,2.684439911886547,16.5631910490777,5.60833333333333,2.94,4.27,4.27,4.49,-0.22000000000000064
United States,USA,1996,-1.545535963210266,23.0187707170014,126707.5,8.696463826772828,17.904214176030404,34.553945974035294,37.533796249360876,3.772770418256575,16.5631910490777,5.41666666666667,2.86,4.11,4.11,4.27,-0.15999999999999925
United States,USA,1997,-1.640561220697862,27.4648453960281,129557.916666667,13.467416963281249,18.917169855679074,35.03069172788754,40.35874157527414,4.447132159742986,16.5631910490777,4.95,2.6,3.67,3.67,4.11,-0.4400000000000004
United States,USA,1998,-2.3730591264575662,20.527069997781,131463.5,11.688722245981602,21.01598511532827,35.16361667829788,43.04008850450142,4.483127106178817,16.5631910490777,4.50833333333333,3.09,3.6,3.6,3.67,-0.06999999999999984
United States,USA,1999,-2.975847668794817,12.5216589137558,133487.916666667,11.594223989050736,22.449819256165085,36.233898079346794,44.605874295486636,4.788427076368587,16.5631910490777,4.21666666666667,2.31,3.89,3.89,3.6,0.29000000000000004
United States,USA,2000,-3.9207773092684466,3.93222834497376,136890.75,12.999569337480658,22.906012155729158,38.014936860898054,46.40664276390337,4.077585760069555,16.5631910490777,3.99166666666667,2.1,3.4,3.4,3.89,-0.4900000000000002
United States,USA,2001,-3.7241319611953543,-5.87305294528939,136933.333333333,-2.461317242679592,25.94398748678193,38.766243068522726,42.98226457430437,0.955538341886668,16.5631910490777,4.73333333333333,2.11,3.46,3.46,3.4,0.06000000000000005
United States,USA,2002,-4.173313957248068,-12.8502726350453,136485.166666667,3.6694574759609537,26.96743850824798,38.73860621394155,43.83720964211108,1.7004438143212075,16.5631910490777,5.775,2.16,3.33,3.33,3.46,-0.1299999999999999
United States,USA,2003,-4.558942977926975,-2.38813903091025,137735.666666667,5.124475138996408,28.321437502489463,39.942038827667375,45.92596813332662,2.7956129713495694,16.5631910490777,5.99166666666667,1.96,3.2,3.2,3.33,-0.1299999999999999
United States,USA,2004,-5.204885089935635,21.3906162745398,139251.916666667,10.98144043825124,28.405385392900214,41.184564699198454,49.899207485582956,3.847769884513763,16.5631910490777,5.53333333333333,1.79,2.99,2.99,3.2,-0.20999999999999996
United States,USA,2005,-5.74599800892647,11.1182231244959,141729.75,6.491220862254937,29.261520845247862,42.89419186333778,53.13399781102149,3.4835514972249744,16.5631910490777,5.06666666666667,1.75,2.96,2.96,2.99,-0.03000000000000025
United States,USA,2006,-5.911057101245746,13.7200486682564,144427.0,6.4202556459129445,31.178677820000345,44.13980908454509,53.53111433032098,2.784533296388862,16.5631910490777,4.61666666666667,1.7,2.91,2.91,2.96,-0.04999999999999982
United States,USA,2007,-5.088693164754153,15.435285375805,146046.666666667,2.5632438184192,33.3829446970845,45.16632465227109,53.122046825868495,2.0038644453230825,16.5631910490777,4.61666666666667,1.55,2.42,2.42,2.91,-0.4900000000000002
United States,USA,2008,-4.715839672636069,-16.6746466885961,145362.5,-2.147026669460778,35.755859681440334,47.3387605847077,47.096728684003004,0.1135827704853552,16.5631910490777,5.775,1.58,2.76,2.76,2.42,0.33999999999999986
United States,USA,2009,-2.6227879277187363,-24.220945112141,139877.5,-12.627561195293632,39.026893540816076,45.07995099634294,36.22058608890883,-2.576495801421844,16.5631910490777,9.26666666666667,1.71,2.82,2.82,2.76,0.06000000000000005
United States,USA,2010,-2.87069461426964,18.6455494033837,139063.916666667,12.969101815210358,37.11288675838388,46.819992187448385,43.21581741503295,2.695192499922246,16.5631910490777,9.61666666666666,1.66,2.81,2.81,2.82,-0.009999999999999787
United States,USA,2011,-2.918652798607463,8.92209810722062,139869.25,4.816103862607464,42.112476156938314,49.030537439797094,44.46279124412691,1.5644068087849337,16.5631910490777,8.95,1.67,2.81,2.81,2.81,0.0
United States,USA,2012,-2.5727991376875927,1.73271922572477,142469.083333333,2.4483694180981694,46.00744425206591,49.46872962122324,48.141108184103956,2.28911185313065,16.5631910490777,8.06666666666667,1.67,2.79,2.79,2.81,-0.020000000000000018
United States,USA,2013,-2.0112752248935184,17.676341268302,143929.333333333,1.2130036080335296,47.90700910615679,49.875955258213764,48.20439119141296,2.1178286342512203,16.5631910490777,7.375,1.67,2.81,2.81,2.79,0.020000000000000018
United States,USA,2014,-2.101619119216082,13.0768638332944,146305.333333333,5.1609668503664015,50.34645504493235,50.75186819954481,50.31575007654291,2.523821217261199,16.5631910490777,6.16666666666667,1.69,2.78,2.78,2.81,-0.03000000000000025
United States,USA,2015,-2.232596752154234,0.191834206200362,148833.416666667,5.19080367057249,52.88091141127492,50.05931356777622,51.72577047720608,2.945549046689315,16.5631910490777,5.29166666666667,1.69,2.79,2.79,2.78,0.010000000000000231
United States,USA,2016,-2.1069812699082777,-2.76086351481483,151435.833333333,1.456609908085582,56.748679049090555,51.26158320570517,51.672842886470555,1.8194528060191617,16.5631910490777,4.86666666666667,1.65,2.79,2.79,2.79,0.0
United States,USA,2017,-1.8744293224043675,14.0666629317249,153337.416666667,4.710087921307845,59.2147543707793,52.77433816154681,52.98642228178209,2.457623575704078,16.5631910490777,4.35,1.66,3.07,3.07,2.79,0.2799999999999998
United States,USA,2018,-2.125208387639242,6.75313577650508,155761.0,4.037870250388965,60.44788436968943,54.193617121601605,55.50771196348873,2.9664986199210013,16.5631910490777,3.9,1.59,3.19,3.19,3.07,0.1200000000000001
United States,USA,2019,-2.0518262747811553,1.74984931968431,157538.083333333,1.1769488969126891,64.08265173508862,54.83840033009155,54.47227912927175,2.5838316161415475,16.5631910490777,3.66666666666667,13.78,17.94,17.94,3.19,14.750000000000002
United States,USA,2020,-2.7765622642209413,-1.74883629333151,147794.75,-8.822875575326032,82.74753278491927,55.2143878699122,52.53383845456924,-2.0813783419958187,16.5631910490777,8.09166666666667,1.52,2.56,2.56,17.94,-15.38
United States,USA,2021,-3.619007963344981,28.5347843891979,152580.666666667,14.570038891490318,93.34203277667113,59.51144309117668,60.54216297605959,6.152022480218891,16.5631910490777,5.36666666666667,1.47,2.57,2.57,2.56,0.009999999999999787
United States,USA,2022,-3.811739411954641,-4.79956155814088,158291.083333333,8.465670386102746,92.08791317253495,65.7385151101546,65.52358535971702,2.524215012283573,16.5631910490777,3.65,1.49,2.53,2.53,2.57,-0.040000000000000036
South Africa,ZAF,1988,2.4481295760011617,-24.869628814457,158291.083333333,21.908934060447944,13.751150555987618,13.842439502534354,75.27235406492372,4.20010620889319,2.273226902583333,3.65,13.39,13.39,13.39,,
South Africa,ZAF,1989,1.343438770685891,33.6680468816054,158291.083333333,0.3181209291013914,14.997400669014837,15.915944967723245,75.27235406492372,2.3947783539038787,2.6227479676666667,3.65,11.945,11.945,11.945,13.39,-1.4450000000000003
South Africa,ZAF,1990,1.1826031127423111,9.39231855782236,158291.083333333,-5.83666183764718,11.21117336508652,16.935516592031007,75.27235406492372,-0.3177613224382395,2.587868434666667,3.65,10.5,10.5,10.5,11.945,-1.4450000000000003
South Africa,ZAF,1991,1.0192814346533106,7.05989632576901,158291.083333333,2.142651000649879,10.21389305535532,18.941386946956523,34.57610367180658,-1.0182505097839532,2.7612398495833332,3.65,11.32,11.32,11.32,10.5,0.8200000000000003
South Africa,ZAF,1992,1.3594123261023767,5.30760242283756,158291.083333333,5.347380095162806,7.9114853683365896,19.775585335395682,33.741930261195435,-2.1370389777927867,2.8518268456666664,3.65,12.385,12.385,12.385,11.32,1.0649999999999995
South Africa,ZAF,1993,1.8703615246963,14.4675815226808,158291.083333333,7.01735564677958,5.82649770405047,18.94450613022928,44.32328007047403,1.270130846398076,3.266857151,3.65,13.45,13.45,13.45,12.385,1.0649999999999995
South Africa,ZAF,1994,0.0239949847627688,40.4213985809479,158291.083333333,16.092832725079493,10.772661583662853,19.814120985337567,30.74813859378569,3.2000000000010367,3.549837649166666,3.65,11.723333333333333,11.816666666666666,11.816666666666666,13.45,-1.6333333333333329
South Africa,ZAF,1995,-1.4384179287227097,2.64814039880675,158291.083333333,16.79080833937586,11.770905366555311,21.017057872235835,37.08008264796274,3.1000000000167485,3.627051547418011,3.65,9.996666666666666,10.183333333333334,10.183333333333334,11.816666666666666,-1.6333333333333329
South Africa,ZAF,1996,-1.0146842230322255,20.6604486499043,158291.083333333,8.710615131366492,14.628417288599131,21.58034438860237,39.9996104509827,4.299999999958458,4.297231195767748,3.65,8.27,8.55,8.55,10.183333333333334,-1.6333333333333329
South Africa,ZAF,1997,-1.2869083753786692,3.4582631189678,158291.083333333,5.385159252669394,14.640163512069186,23.7414495005403,38.34335606676376,2.600000000025304,4.607529805848338,3.65,5.99,5.99,5.99,8.55,-2.5600000000000005
South Africa,ZAF,1998,-1.5047966972775295,-5.39217014119939,158291.083333333,2.0136269194591985,14.895101795725271,24.220596743499126,35.07041803723724,0.5000000000007674,5.533908622511483,3.65,5.73,5.73,5.73,5.99,-0.2599999999999998
South Africa,ZAF,1999,-0.3971541427830631,5.61930951524367,158291.083333333,-8.361797655567624,12.225506749084419,24.447796064960166,28.933735868583895,2.3999999999836934,6.113748891452116,3.65,5.47,5.47,5.47,5.73,-0.2600000000000007
South Africa,ZAF,2000,-0.068903551307559,6.154747819709,158291.083333333,5.33755159020442,12.862942174047504,25.693465074709813,36.25783184804799,4.2000000000431905,6.936363395438981,3.65,5.27,5.36,5.36,5.47,-0.10999999999999943
South Africa,ZAF,2001,0.2885347550001915,11.7198694834467,158291.083333333,0.249889199767839,16.792117053374803,27.187743691710082,38.95477567401494,2.6999999999593554,8.608837648496515,3.65,5.1,5.27,5.27,5.36,-0.09000000000000075
South Africa,ZAF,2002,0.8330196544651499,16.7974941120094,158291.083333333,5.341588908187197,21.56001048564845,31.394856214259725,37.96606021399669,3.700374403416243,10.523263335983232,3.65,4.95,5.12,5.12,5.27,-0.14999999999999947
South Africa,ZAF,2003,-0.7653156092408985,-13.7699647573139,158291.083333333,8.084819505231986,20.431838998655135,31.000634227566234,39.91128388549182,2.949075466902138,7.569261367821728,3.65,5.15,5.34,5.34,5.12,0.21999999999999975
South Africa,ZAF,2004,-2.461697266856329,23.9469141448473,158291.083333333,15.507868974212789,21.75445642399075,27.620026823784947,50.78064875599186,4.554559906803278,6.454161721380472,3.65,5.29,5.54,5.54,5.34,0.20000000000000018
South Africa,ZAF,2005,-2.829999714721823,33.8647542695146,158291.083333333,10.879259601242794,25.583992871970608,29.574364972229485,55.92869695307059,5.277051974333541,6.364473923160172,3.65,5.64,6.16,6.16,5.54,0.6200000000000001
South Africa,ZAF,2006,-4.056757853299249,43.8700315088009,158291.083333333,18.261114963397517,33.07656471007841,31.090799284808618,60.84519749909721,5.603806116104656,6.76981640083386,3.65,5.29,5.93,5.93,6.16,-0.23000000000000043
South Africa,ZAF,2007,-4.956581899786432,33.0523587421419,158291.083333333,9.366345355428184,38.17338475322678,34.37827683383925,66.36324686658514,5.360473788526578,7.055916497943642,3.65,4.81,5.64,5.64,5.93,-0.29000000000000004
South Africa,ZAF,2008,-5.06317712615643,-4.84347569688315,158291.083333333,2.8090973357468427,41.36194193543016,39.345143208519644,61.10401464419816,3.191044626654716,8.262805737074075,3.65,3.9,4.76,4.76,5.64,-0.8799999999999999
South Africa,ZAF,2009,-2.4316972783622517,-13.3448755882023,158291.083333333,-17.65993545707629,37.52051738977576,40.49838732820524,51.11760523878435,-1.5380889571255296,8.41739905742205,3.65,4.32,5.36,5.36,4.76,0.6000000000000005
South Africa,ZAF,2010,-1.4159200038165332,22.6668038243211,158291.083333333,10.793741503547912,36.66683215711727,40.413152993952835,44.11408309539607,3.039732306834797,7.3051546270155,3.65,4.59,5.71,5.71,5.36,0.34999999999999964
South Africa,ZAF,2011,-1.9426792811307068,10.6951301458424,158291.083333333,11.838457818944256,40.77816840194447,42.799129694106085,46.64216139539373,3.1685562788814057,7.249075301932365,3.65,4.39,5.58,5.58,5.71,-0.1299999999999999
South Africa,ZAF,2012,-4.681444719909908,11.0117444459691,158291.083333333,3.868340438808484,43.30392974190972,45.48001674509953,48.62129888239002,2.3962323844244815,8.20239227523684,3.65,4.22,5.51,5.51,5.58,-0.07000000000000028
South Africa,ZAF,2013,-5.372589945006488,19.0062105221177,158291.083333333,4.038730712010872,46.74855163795625,47.96410524993976,52.852109671578376,2.48546800897221,9.647726751717483,3.65,4.15,5.77,5.77,5.51,0.2599999999999998
South Africa,ZAF,2014,-4.88451249985126,17.6491617422205,158291.083333333,-0.6870395233424268,49.54350453271209,50.904748316979216,47.82659997399714,1.4138264512240026,10.84617888026226,3.65,3.87,5.44,5.44,5.77,-0.3299999999999992
South Africa,ZAF,2015,-4.361800133957677,5.44772202307074,158291.083333333,5.044861331699255,54.34069926978164,52.25934547446255,50.907877239127835,1.3218622370799542,12.764715893641382,3.65,4.38,6.06,6.06,5.44,0.6199999999999992
South Africa,ZAF,2016,-2.6888757177500966,-0.760401804070676,158291.083333333,-4.133248422876923,56.65294288798613,56.602908423948655,51.349687080764475,0.6645523078786297,14.703304354492134,3.65,4.51,6.49,6.49,6.06,0.4300000000000006
South Africa,ZAF,2017,-2.446675303289497,6.45837786607452,158291.083333333,1.5324305981381323,59.889327900909834,58.65886034168469,57.00822626728111,1.157946951139297,13.30580655777495,3.65,4.61,6.65,6.65,6.49,0.16000000000000014
South Africa,ZAF,2018,-2.9717031671717486,2.94243681845339,158291.083333333,3.4791947540260897,63.34515771214802,60.849198082492336,51.986013651852396,1.5567838465111157,13.247603507395375,3.65,4.32,6.29,6.29,6.65,-0.3600000000000003
South Africa,ZAF,2019,-2.536208001745504,-0.339412478945755,158291.083333333,0.5531564771315952,68.1516359083279,63.04972224616466,61.476554565072334,0.2599355770758612,14.447194659012483,3.65,5.37,9.39,9.39,6.29,3.1000000000000005
South Africa,ZAF,2020,1.792550801560008,-3.6866816934608,158291.083333333,-17.571793823956916,75.38484821377939,64.58619284797473,24.319110431654625,-6.1689177132214885,16.461386925975603,3.65,4.4,6.48,6.48,9.39,-2.91
South Africa,ZAF,2021,3.7139400806628102,23.9631013607699,158291.083333333,9.703425232743434,75.59218042143205,68.18779536297885,45.523443788865066,4.858648648915654,14.783072210811524,3.65,4.46,6.62,6.62,6.48,0.13999999999999968
South Africa,ZAF,2022,-0.4627923722138325,5.54250423366231,158291.083333333,14.974434977191398,83.30918194716656,74.03611610857286,44.06203666610987,2.0581366170510353,16.36616774844719,3.65,4.66,6.42,6.42,6.62,-0.20000000000000018
