Country Code,year,tariff_cereales,tariff_metaux,Country Name,Balance des transactions courantes en pourcentage du PIB,Cours des actions,Emploi,"Importations de biens et services, volume",M3,Prix à la consommation,Production volume,"Produit intérieur brut, volume",Taux de change nominal,Taux de chômage,tariff_AR,tariff_FN,lag_AR,delta_AR,lag_FN,delta_FN
AUT,1988,2.7142857142857144,5.414757281553398,Austria,,-4.92630795173336,3308.0,,,28.98612043944843,25.4148039687107,,0.897125547165881,,,,,,,
AUT,1989,2.7142857142857144,5.408262548262548,Austria,,73.0348854618956,3342.0,10.158363736027098,,30.03229659490436,26.881667850118088,3.887072211910592,0.961500960492625,,,,,,,
AUT,1990,4.78125,5.686654205607477,Austria,,64.6998267228431,3412.0,7.980328202703295,,31.31678581070696,29.873425028698374,4.345637522365497,0.826234408649036,,17.52,17.69,,,,
AUT,1991,4.9375,5.646119402985075,Austria,,-16.6838645364658,3471.0,5.114365602754559,,32.345306428908,27.386782379275292,3.4416356717773624,0.848091666666667,,,,17.52,,17.69,
AUT,1992,4.9375,5.688236397748593,Austria,,-20.5809642532042,3543.0,2.1161081899817806,,33.92047563556286,25.49222239269411,2.0935288991653263,0.798741666666667,,,,,,,
AUT,1993,5.020625,5.644272388059702,Austria,,-2.37439891856238,3566.0,-5.489471870605738,,34.88484965024166,24.423411716538624,0.5268068556770392,0.845391666666667,3.95833333333333,,,,,,
AUT,1994,5.020625,5.630410447761194,Austria,,14.7263494843964,3698.0,10.331528695390505,,35.522320869950036,30.393184074883447,2.402121981585074,0.829891666666667,4.24166666666667,,,,,,
AUT,1995,4.863333333333333,4.126849056603773,Austria,-2.918847988620918,-13.3737342157546,3729.0,5.904879829421741,,35.931066530379,31.948500515291745,2.6679841987654993,0.732766666666667,4.24166666666667,,,,,,
AUT,1996,3.1805882352941177,4.38942748091603,Austria,-3.1125201245260508,4.81789931112917,3679.0,4.4459288358108315,,36.38766534348929,43.06936130959417,2.466644434589467,0.768791666666667,4.73333333333333,,,,,,
AUT,1997,4.259375,4.3808206106870236,Austria,-2.704089765852918,13.1449459300394,3684.0,7.270198436318185,,36.57323476942875,34.411141005924414,2.1458357405641877,0.8864,4.73333333333333,,,,,,
AUT,1998,3.639375,3.909942748091603,Austria,-1.9787172567700444,12.6561830991398,3689.0,5.757656743690524,,36.71282889133613,39.50857475673104,3.492879494954914,0.899383333333333,4.725,,,,,,
AUT,1999,3.639375,3.5024045801526715,Austria,-2.3755679233673956,-9.51918773115975,3731.0,4.063814054988095,,36.74235540926048,38.07664629793732,3.761924390139469,0.938562898111359,4.15,,,,,,
AUT,2000,2.2105882352941175,3.253950381679389,Austria,-0.5906388535431923,-0.836106178715296,3741.0,10.186258341324884,,38.485185235774125,40.94451962657638,3.189521999443228,1.0850960701302,3.93333333333333,2.41,3.75,,,,
AUT,2001,3.0343750000000003,3.048435114503817,Austria,-0.7854432312074093,0.104497414695415,3708.0,5.192331092794854,,39.626538939828535,39.08126263992085,1.31699354858216,1.11663108833636,3.98333333333333,3.37,4.07,2.41,0.96,3.75,0.3200000000000003
AUT,2002,2.1754545454545453,5.0311731843575425,Austria,1.9566576058074976,1.33641544108008,3757.0,0.2908212612415717,,39.90011364218135,38.7992252149761,1.4843682216082053,1.06106513282085,4.38333333333333,2.45,3.91,3.37,-0.92,4.07,-0.1600000000000001
AUT,2003,2.1754545454545453,3.7698324022346372,Austria,1.5523660752414248,11.2757227208884,3790.0,3.507409833892476,,40.20130842809631,43.36197392283285,1.1415649965557837,0.885163216727309,4.75833333333333,2.52,4.01,2.45,0.0699999999999998,3.91,0.0999999999999996
AUT,2004,2.1754545454545453,2.4107532956685502,Austria,1.976295002848199,43.3140950295708,3732.0,7.975142009032813,,41.36879668164882,46.709943593901166,2.5652547769596263,0.804862094234843,5.89166666666667,2.24,3.64,2.52,-0.2799999999999998,4.01,-0.3699999999999996
AUT,2005,2.1754545454545453,2.3746182495344508,Austria,2.423963525982904,45.6500804999654,3747.425,5.4550417977862775,,42.41519274900129,47.37211458719073,2.320365716342833,0.804619415077062,6.03333333333333,2.46,3.54,2.24,0.2199999999999997,3.64,-0.1
AUT,2006,2.1754545454545453,2.404245810055866,Austria,3.3887184168277544,30.4473629277345,3825.975,5.854555681976981,,42.581260327701045,51.5980443778868,3.26933696191514,0.796697220760242,5.64166666666667,2.3,3.33,2.46,-0.1600000000000001,3.54,-0.2099999999999999
AUT,2007,1.2424,2.3681573896353165,Austria,3.678115260085996,19.1911138699142,3923.575,5.634986366194813,,43.852533106410334,53.45254986984082,3.77522395368466,0.730485427146717,5.21666666666667,2.24,3.23,2.3,-0.0599999999999996,3.33,-0.1
AUT,2008,1.3596000000000001,2.3385604606525914,Austria,4.53017507978519,-28.0600002866712,3994.0,0.9542556734902048,,45.75163687476971,52.02832527184242,1.453305946762612,0.683982339822683,4.44166666666667,1.72,2.99,2.24,-0.5200000000000002,3.23,-0.2399999999999997
AUT,2009,1.5495833333333333,2.342096153846154,Austria,2.750876623564269,-36.805877942242,3982.1,-11.899216305993988,,44.62031951708405,42.2694720870184,-3.5862653040477945,0.719800423489554,5.66666666666667,1.85,3.23,1.72,0.1300000000000001,2.99,0.2399999999999997
AUT,2010,1.5495833333333333,2.338771593090211,Austria,2.840061780704405,20.5454056280951,4016.625,11.977703674968136,,46.078543303226546,49.918298239604106,1.8089821540488031,0.755043518257105,5.19166666666667,2.13,3.08,1.85,0.2799999999999998,3.23,-0.1499999999999999
AUT,2011,1.3084,2.3352015355086375,Austria,1.6644272264923956,0.865559318014589,4052.425,5.953553476382349,,48.29967694445976,52.83998156222291,2.9274678173119093,0.719158754470168,4.9,1.59,3.0,2.13,-0.5399999999999998,3.08,-0.08
AUT,2012,1.3144736842105265,2.4169187145557656,Austria,1.6565145057186172,-13.3895509848461,4084.4,0.9234040633441428,,49.05894910939426,51.94517022410705,0.6282457752589711,0.778006210395884,5.19166666666667,1.46,2.84,1.59,-0.1300000000000001,3.0,-0.1600000000000001
AUT,2013,1.2807692307692309,2.391058601134216,Austria,1.8139147933978677,12.7105737986316,4104.55,0.7687648093535053,,49.77258785058709,51.82507917381412,-0.2507262838976485,0.753297658306669,5.725,1.49,2.95,1.46,0.03,2.84,0.1100000000000003
AUT,2014,1.2807692307692309,2.3343238095238097,Austria,2.281758834547591,-1.15779622042756,4112.675,2.9976571165469856,,50.358603591504576,51.346247187064726,0.7557990205557682,0.753695140645586,6.03333333333333,2.03,3.07,1.49,0.5399999999999998,2.95,0.1199999999999996
AUT,2015,1.2807692307692309,2.388544423440454,Austria,1.77411812507351,0.868395993589598,4148.275,3.6386876967930424,,50.44828264343003,52.35920170233694,1.303523534416734,0.901451643908024,6.15,2.02,3.09,2.03,-0.0099999999999997,3.07,0.02
AUT,2016,1.2807692307692309,2.4278260869565216,Austria,2.7109570501518676,-3.04261526369776,4220.175,3.727751571895333,,50.891592367302856,54.35428115689155,2.117219476803678,0.904281526915114,6.45,2.09,3.29,2.02,0.0699999999999998,3.09,0.2000000000000001
AUT,2017,1.2807692307692309,2.386508538899431,Austria,1.4453865673417416,33.8481971522654,4260.1,5.258407756144437,,52.53634298232011,58.38200446895704,2.2722499544708974,0.887107173889516,5.925,1.96,3.27,2.09,-0.1299999999999999,3.29,-0.02
AUT,2018,1.2807692307692309,2.4436723163841805,Austria,0.8839478006394085,7.44271635640236,4319.0,5.104513975901588,,53.52398053937781,60.22213208379744,2.4842209902449777,0.847324485146496,5.20833333333333,1.83,3.11,1.96,-0.1299999999999999,3.27,-0.1600000000000001
AUT,2019,1.2807692307692309,2.475517890772128,Austria,2.246226433777274,-6.72970115411071,4354.65,2.3519156549583533,,54.094337026342,60.58181609669702,1.7549763194130668,0.893348371188594,4.84166666666667,1.84,3.08,1.83,0.01,3.11,-0.0299999999999998
AUT,2020,1.2807692307692309,2.495442561205273,Austria,3.1597189861918293,-18.3444745595579,4296.8,-9.573869182976797,,54.756801045473864,53.970799751276914,-6.318255157552785,0.877541570440429,6.025,1.48,2.8,1.84,-0.3600000000000001,3.08,-0.2800000000000002
AUT,2021,1.2807692307692309,2.4749717514124296,Austria,1.910981157718878,37.4044531121942,4305.9,14.140034555833973,,56.945001351785834,66.2907248978449,4.92309174750533,0.845553392731664,6.2,1.39,2.85,1.48,-0.09,2.8,0.0500000000000002
BEL,1988,2.7142857142857144,5.414757281553398,Belgium,,4.91544855259389,3610.0,,,29.252289165893156,35.67934196528972,,0.911552416672657,8.8,,,,,,
BEL,1989,2.7142857142857144,5.408262548262548,Belgium,,22.6653917952921,3670.0,,,31.11619588453365,34.624352619138016,,0.976692844222883,7.38333333333333,,,,,,
BEL,1990,4.78125,5.686654205607477,Belgium,,-8.3812776066219,3726.0,,,32.306237181982226,38.74394093613615,,0.828512424010306,6.55,,,,,,
BEL,1991,4.9375,5.646119402985075,Belgium,,-6.14593039743951,3735.0,,,33.17304639077167,31.091787779678935,,0.846844150167287,6.44166666666667,,,,,,
BEL,1992,4.9375,5.688236397748593,Belgium,,-2.89648622981954,3723.7,,,33.545763179764826,38.11804999001085,,0.7968843089183,7.09166666666667,,,,,,
BEL,1993,5.020625,5.644272388059702,Belgium,,10.3534118693043,3698.0,,,34.599552908634635,27.80415339819793,,0.856441347978883,8.625,,,,,,
BEL,1994,5.020625,5.630410447761194,Belgium,,11.5734772800516,3687.0,,,35.20098820932405,34.91179063818259,,0.829467640392432,9.75,,,,,,
BEL,1995,4.863333333333333,4.126849056603773,Belgium,,-2.19518359389101,3715.0,,,35.24548264865783,36.99729029694853,,0.731216901049994,9.675,,,,,,
BEL,1996,3.1805882352941177,4.38942748091603,Belgium,,20.5840008859684,3738.1,5.5541409771024215,,36.26682677372156,35.03196069965121,1.3214643230992842,0.767861554771661,9.54166666666667,,,,,,
BEL,1997,4.259375,4.3808206106870236,Belgium,,33.6813102709322,3762.2,8.202355265868215,,36.61596820871539,38.03076252644373,3.7937030003012255,0.886427168469266,9.21666666666667,,,,,,
BEL,1998,3.639375,3.909942748091603,Belgium,,38.6997045824078,3810.4,5.0581496560438115,,36.616362630032114,38.37349532050539,1.9618016128798512,0.899794413636788,9.34166666666667,,,,,,
BEL,1999,3.639375,3.5024045801526715,Belgium,,3.34180893570652,4007.0,3.373274756617803,,37.10725562935768,38.65417532184674,3.5426883700707346,0.938562898111359,8.4,,,,,,
BEL,2000,2.2105882352941175,3.253950381679389,Belgium,,-9.757989803483,4092.65,13.015510894649289,,38.74903101246764,42.5557964568249,3.7167061698815456,1.0850960701302,6.875,2.41,3.75,,,,
BEL,2001,3.0343750000000003,3.048435114503817,Belgium,,-6.0208994298691,4055.55,-0.755475965414272,,39.63679952746178,41.75274893488972,1.0996315071965144,1.11663108833636,6.59166666666667,3.37,4.07,2.41,0.96,3.75,0.3200000000000003
BEL,2002,2.1754545454545453,5.0311731843575425,Belgium,,-10.92709819148,4069.825,1.0559994099016623,,39.85657561575205,39.95905631016418,1.7068670237404575,1.06106513282085,7.525,2.45,3.91,3.37,-0.92,4.07,-0.1600000000000001
BEL,2003,2.1754545454545453,3.7698324022346372,Belgium,3.604251500437644,-15.1117985202685,4070.375,1.45946508177785,,40.44868614081305,41.11039208678597,1.0380091039031183,0.885163216727309,8.175,2.52,4.01,2.45,0.0699999999999998,3.91,0.0999999999999996
BEL,2004,2.1754545454545453,2.4107532956685502,Belgium,3.2162481189387764,31.0440683527713,4138.95,6.306620240392659,,41.53450662396,46.091159358550925,3.571179225010097,0.804862094234843,8.39166666666667,2.24,3.64,2.52,-0.2799999999999998,4.01,-0.3699999999999996
BEL,2005,2.1754545454545453,2.3746182495344508,Belgium,2.0858180773008557,29.3250605968854,4235.425,6.426625509825577,,43.002668450358705,44.990613482418574,2.321737929118337,0.804619415077062,8.43333333333333,2.46,3.54,2.24,0.2199999999999997,3.64,-0.1
BEL,2006,2.1754545454545453,2.404245810055866,Belgium,1.9837033261970207,24.0911087843106,4263.975,5.141852920615864,,43.25291247336295,48.930149441835994,2.552365922697341,0.796697220760242,8.25,2.3,3.33,2.46,-0.1600000000000001,3.54,-0.2099999999999999
BEL,2007,1.2424,2.3681573896353165,Belgium,1.9844299915692467,13.6080806900943,4379.675,5.579309755693756,,44.0410343566205,52.1450049050506,3.676899301000279,0.730485427146717,7.48333333333333,2.24,3.23,2.3,-0.0599999999999996,3.33,-0.1
BEL,2008,1.3596000000000001,2.3385604606525914,Belgium,-1.1636857833860388,-26.9993203252651,4445.875,3.8050336869155754,,47.31050342609691,52.3744888957386,0.4469051307272162,0.683982339822683,6.975,1.72,2.99,2.24,-0.5200000000000002,3.23,-0.2399999999999997
BEL,2009,1.5495833333333333,2.342096153846154,Belgium,1.8816996371215329,-30.4888390202778,4420.7,-10.608745495781353,,45.015257973207966,41.30538011287185,-1.9064176002124276,0.719800423489554,7.99166666666667,1.85,3.23,1.72,0.1300000000000001,2.99,0.2399999999999997
BEL,2010,1.5495833333333333,2.338771593090211,Belgium,1.459687912768167,19.6366348116168,4488.725,9.627520782992262,,47.12258085588033,51.70210035908338,2.7102869437097428,0.755043518257105,8.375,2.13,3.08,1.85,0.2799999999999998,3.23,-0.1499999999999999
BEL,2011,1.3084,2.3352015355086375,Belgium,-1.8520607354779464,-3.59164010848989,4509.275,5.715308334966913,,49.41971663152307,53.666450670780726,1.931155024113247,0.719158754470168,7.21666666666667,1.59,3.0,2.13,-0.5399999999999998,3.08,-0.08
BEL,2012,1.3144736842105265,2.4169187145557656,Belgium,-0.1849747461646348,3.02155996537112,4523.9,-0.6253670306900873,,50.42671129570043,50.15542454444361,0.2157807733118673,0.778006210395884,7.63333333333333,1.46,2.84,1.59,-0.1300000000000001,3.0,-0.1600000000000001
BEL,2013,1.2807692307692309,2.391058601134216,Belgium,1.2435273981256336,15.9315318716866,4530.3,-0.0369172922003957,,50.10892113565225,49.033906773622654,0.3055174082935107,0.753297658306669,8.55,1.49,2.95,1.46,0.03,2.84,0.1100000000000003
BEL,2014,1.2807692307692309,2.3343238095238097,Belgium,0.8605227013675271,18.0723951230998,4543.55,5.421138229909445,,49.89085405495136,51.24368702640155,1.7655403814992257,0.753695140645586,8.65,2.03,3.07,1.49,0.5399999999999998,2.95,0.1199999999999996
BEL,2015,1.2807692307692309,2.388544423440454,Belgium,1.3619160080402066,13.8456305636297,4551.625,4.200764659713073,,50.28071457639506,49.48925161590432,1.4741420113058918,0.901451643908024,8.65,2.02,3.09,2.03,-0.0099999999999997,3.07,0.02
BEL,2016,1.2807692307692309,2.4278260869565216,Belgium,0.6131782814444251,-4.7676307789138,4586.425,7.773310428124236,,51.97385264653185,52.663501104688486,1.1935469960229872,0.904281526915114,7.85,2.09,3.29,2.02,0.0699999999999998,3.09,0.2000000000000001
BEL,2017,1.2807692307692309,2.386508538899431,Belgium,0.6962316122665948,6.59573500228138,4637.775,5.36361461846683,,53.133878949334544,53.3236098147799,1.4744455528121554,0.887107173889516,7.1,1.96,3.27,2.09,-0.1299999999999999,3.29,-0.02
BEL,2018,1.2807692307692309,2.4436723163841805,Belgium,-0.8170574393217176,-4.88811033019095,4755.15,2.3381485830839477,,54.16657737887141,54.22632342108978,1.8779684738356617,0.847324485146496,5.95833333333333,1.83,3.11,1.96,-0.1299999999999999,3.27,-0.1600000000000001
BEL,2019,1.2807692307692309,2.475517890772128,Belgium,0.1599004882009877,-4.00492871916277,4832.025,1.4858123650293744,,54.62193051043518,55.92324710224841,2.4428900448155786,0.893348371188594,5.36666666666667,1.84,3.08,1.83,0.01,3.11,-0.0299999999999998
BEL,2020,1.2807692307692309,2.495442561205273,Belgium,0.8040573053069353,-15.9777528534542,4802.175,-6.724293987286833,,54.67322949959568,49.566194069705695,-4.792963378576851,0.877541570440429,5.54166666666667,1.48,2.8,1.84,-0.3600000000000001,3.08,-0.2800000000000002
BEL,2021,1.2807692307692309,2.4749717514124296,Belgium,1.8661222649334004,17.7245493460836,4853.7,12.83144388479273,,56.84808193764092,71.88570744583498,6.254433952703068,0.845553392731664,6.275,1.39,2.85,1.48,-0.09,2.8,0.0500000000000002
DEU,1988,2.7142857142857144,5.414757281553398,Germany,,-16.6556687929223,,5.469961807066139,,30.45348760144837,39.793443336555185,3.704255962562335,0.897905237162739,,,,,,,
DEU,1989,2.7142857142857144,5.408262548262548,Germany,,28.5027271127793,,8.601538421328813,,32.03577368131087,42.56371023926149,3.905284181117144,0.961220215117538,,,,,,,
DEU,1990,4.78125,5.686654205607477,Germany,,17.7798822509242,,10.770221471150782,,32.82007327701806,44.428477148656185,5.2436528159337685,0.82618376852794,,,,,,,
DEU,1991,4.9375,5.646119402985075,Germany,-1.2215640702955488,-9.84577678320593,36870.75,10.893013031652709,,34.76903140887194,44.574346772262146,5.116413850863776,0.848135233293964,5.525,,,,,,
DEU,1992,4.9375,5.688236397748593,Germany,-1.0113399153775335,-4.1530782745115,36389.75,2.823801443676729,,36.92993856536738,45.65946065531514,2.0171585850452773,0.798612353834434,6.56666666666666,,,,,,
DEU,1993,5.020625,5.644272388059702,Germany,-0.8261030857295105,5.76859476336487,35988.5,-8.175704974306441,,38.178055725646125,40.702892250534255,-0.9799498273989736,0.845323127947385,7.79166666666667,,,,,,
DEU,1994,5.020625,5.630410447761194,Germany,-1.3671239800300383,14.8854193165437,35756.0,8.010987486528903,,38.2552009807,48.53782650234203,2.5969472501427027,0.829788376290373,8.45,,,,,,
DEU,1995,4.863333333333333,4.126849056603773,Germany,-1.1624841832967987,-2.42371122131243,35780.0,6.4844221569873115,,38.39147475184183,45.90276244590739,1.5118865960907673,0.732689787285534,8.25,,,,,,
DEU,1996,3.1805882352941177,4.38942748091603,Germany,-0.5984148943821118,12.9485961204798,35636.75,3.960198219805782,,38.80746068261785,42.90138032692937,1.031101212345042,0.769336632870274,8.94166666666667,,,,,,
DEU,1997,4.259375,4.3808206106870236,Germany,-0.4254509101381866,37.0068226528819,35508.0,9.226647654166792,,39.79084465809343,44.37628272999101,1.8543842312089929,0.886656815776422,9.675,,,,,,
DEU,1998,3.639375,3.909942748091603,Germany,-0.5154046575876163,27.8263366766161,36061.25,9.335204979747948,,39.63048473940294,45.55971557511993,2.102230088917474,0.899554153479597,9.45,,,,,,
DEU,1999,3.639375,3.5024045801526715,Germany,-1.2203609883331048,3.5883892400903,36042.37867,8.757211783974034,,39.69695226858845,45.6021739016492,2.1262947087646773,0.938562898111359,8.625,,,,,,
DEU,2000,2.2105882352941175,3.253950381679389,Germany,-1.6298640884865518,26.9974320461263,36235.4953075,10.587078367836396,,40.69189634330402,47.7708895310377,2.879663142560311,1.0850960701302,8.00833333333333,2.41,3.75,,,,
DEU,2001,3.0343750000000003,3.048435114503817,Germany,-0.2586860858007539,-24.5316851703483,36346.1742625,0.7285651353633018,,41.75667314942484,43.44426006382839,1.6391442504416276,1.11663108833636,7.85833333333333,3.37,4.07,2.41,0.96,3.75,0.3200000000000003
DEU,2002,2.1754545454545453,5.0311731843575425,Germany,1.8478708687947825,-23.3550232185286,36061.3751625,-3.113697020189641,,42.05433631000869,42.557896603367965,-0.2342485124010919,1.06106513282085,8.68333333333333,2.45,3.91,3.37,-0.92,4.07,-0.1600000000000001
DEU,2003,2.1754545454545453,3.7698324022346372,Germany,1.4323825409821982,-22.4439670335193,35753.57936,4.925345953494612,,42.288633275480464,42.48474577512547,-0.5298010472000739,0.885163216727309,9.80833333333333,2.52,4.01,2.45,0.0699999999999998,3.91,0.0999999999999996
DEU,2004,2.1754545454545453,2.4107532956685502,Germany,4.464403262230365,23.0109425495897,35875.6821375,6.876355170891144,,43.30019293266743,43.824574876008235,1.1651135340393173,0.804862094234843,10.5,2.24,3.64,2.52,-0.2799999999999998,4.01,-0.3699999999999996
DEU,2005,2.1754545454545453,2.3746182495344508,Germany,4.645160461157667,15.6851448249524,36361.15,5.987416711477496,,43.89771188244637,44.455941360531675,0.8884495907971071,0.804619415077062,11.2833333333333,2.46,3.54,2.24,0.2199999999999997,3.64,-0.1
DEU,2006,2.1754545454545453,2.404245810055866,Germany,5.704422832301607,24.7386799245281,37172.1,10.63960155443558,,44.59322575747275,48.763525304719224,3.8575580464948263,0.796697220760242,10.275,2.3,3.33,2.46,-0.1600000000000001,3.54,-0.2099999999999999
DEU,2007,1.2424,2.3681573896353165,Germany,6.630653960952153,24.229897015409,37988.35,5.957491998934241,,45.96045828261978,50.26059011759128,2.892054574026636,0.730485427146717,8.54166666666667,2.24,3.23,2.3,-0.0599999999999996,3.33,-0.1
DEU,2008,1.3596000000000001,2.3385604606525914,Germany,5.6384139494262655,-20.4733693037196,38540.85,1.672709768545546,,47.30329183193924,50.053016195485014,0.8879026552360568,0.683982339822683,7.425,1.72,2.99,2.24,-0.5200000000000002,3.23,-0.2399999999999997
DEU,2009,1.5495833333333333,2.342096153846154,Germany,5.84762606004022,-24.7245058193238,38470.7,-10.07358345244748,,46.28929442481708,36.99680121788851,-5.550055196784124,0.719800423489554,7.341666666666666,1.85,3.23,1.72,0.1300000000000001,2.99,0.2399999999999997
DEU,2010,1.5495833333333333,2.338771593090211,Germany,5.747183351830033,21.0443809763385,37992.225,12.481239975054256,,47.19404902550167,49.62725424576892,4.143614781755462,0.755043518257105,6.575,2.13,3.08,1.85,0.2799999999999998,3.23,-0.1499999999999999
DEU,2011,1.3084,2.3352015355086375,Germany,6.280904871771371,4.84955850896669,38785.875,6.677467142843339,,48.64763637284654,53.11250330439565,3.757863432245364,0.719158754470168,5.525,1.59,3.0,2.13,-0.5399999999999998,3.08,-0.08
DEU,2012,1.3144736842105265,2.4169187145557656,Germany,7.2010874500828725,0.358224540556461,39125.95,-0.4169014460641204,,49.570539152670136,48.82688678891723,0.4661940600419008,0.778006210395884,5.08333333333333,1.46,2.84,1.59,-0.1300000000000001,3.0,-0.1600000000000001
DEU,2013,1.2807692307692309,2.391058601134216,Germany,6.765741985105592,18.462676034288,39529.725,1.785232274313837,,50.04944252822295,49.03325949498164,0.3942922768128519,0.753297658306669,4.941666666666666,1.49,2.95,1.46,0.03,2.84,0.1100000000000003
DEU,2014,1.2807692307692309,2.3343238095238097,Germany,7.322500111370488,11.9064174819658,39869.525,3.463775693196669,,50.19750438497597,51.09549029733291,2.1774556749765615,0.753695140645586,4.70833333333333,2.03,3.07,1.49,0.5399999999999998,2.95,0.1199999999999996
DEU,2015,1.2807692307692309,2.388544423440454,Germany,8.29584040078626,13.0896339967842,40208.725,5.3269730691242225,,50.25721050579353,50.01559269544265,1.6630066345897576,0.901451643908024,4.3583333333333325,2.02,3.09,2.03,-0.0099999999999997,3.07,0.02
DEU,2016,1.2807692307692309,2.4278260869565216,Germany,8.991881551756816,-8.106662211162,41265.125,3.7419459446061065,,50.49174862477089,52.75821149611343,2.217077705662218,0.904281526915114,3.9,2.09,3.29,2.02,0.0699999999999998,3.09,0.2000000000000001
DEU,2017,1.2807692307692309,2.386508538899431,Germany,8.100339235098222,19.1952320928127,41661.425,4.137106943250379,,51.75908233468405,54.431187147908275,2.8055960997214755,0.887107173889516,3.5250000000000004,1.96,3.27,2.09,-0.1299999999999999,3.29,-0.02
DEU,2018,1.2807692307692309,2.4436723163841805,Germany,8.463261284705705,-1.51029795273002,41912.8,5.020835685166235,,52.7538984661508,53.534392540624744,1.1332209176857613,0.847324485146496,3.191666666666667,1.83,3.11,1.96,-0.1299999999999999,3.27,-0.1600000000000001
DEU,2019,1.2807692307692309,2.475517890772128,Germany,7.959966198681753,-4.96165983359372,42398.525,3.471546466182675,,53.36077316395831,52.266202058925025,0.9728948748426128,0.893348371188594,2.95,1.84,3.08,1.83,0.01,3.11,-0.0299999999999998
DEU,2020,1.2807692307692309,2.495442561205273,Germany,6.315148088170925,-0.564738033006797,41859.225,-8.143111732844375,,52.786631788241024,47.752275119380045,-4.127319015553214,0.877541570440429,3.625,1.48,2.8,1.84,-0.3600000000000001,3.08,-0.2800000000000002
DEU,2021,1.2807692307692309,2.4749717514124296,Germany,7.005162586221722,20.7799636918344,40857.525,9.32749943369439,,55.86409854770933,52.407505593268745,3.9124996988672,0.845553392731664,3.6,1.39,2.85,1.48,-0.09,2.8,0.0500000000000002
DNK,1988,2.7142857142857144,5.414757281553398,Denmark,,10.2117061021171,2682.8,,13.97080672526742,30.95935319226177,40.31904468834855,,6.73019840279136,5.65833333333333,,,,,,
DNK,1989,2.7142857142857144,5.408262548262548,Denmark,,46.2900188323917,2630.3,,2.6341095164356165,32.44752978909918,38.0297732940208,,7.31007452320431,6.81666666666667,,,,,,
DNK,1990,4.78125,5.686654205607477,Denmark,,10.6076210092688,2655.9,,13.459394661185382,32.17606222657015,38.46874240769793,,6.18636201353552,7.175,,,,,,
DNK,1991,4.9375,5.646119402985075,Denmark,,-0.69832402234636,2635.1,,16.088390101378465,32.791869540314124,38.20737976496523,,6.39279859452178,7.85,,,,,,
DNK,1992,4.9375,5.688236397748593,Denmark,,-14.1350210970464,2636.6,,18.419209475091407,33.30454338068435,40.881087360615275,,6.03836917847103,8.6,,,,,,
DNK,1993,5.020625,5.644272388059702,Denmark,,3.38520338520339,2566.9,,16.484977355467837,33.29119570469896,35.98668506103324,,6.48217711828717,9.55,,,,,,
DNK,1994,5.020625,5.630410447761194,Denmark,,17.1639820438342,2537.0,,18.18727466219955,34.30890893918752,46.864458885579324,,6.3602189511333,7.7,,,,,,
DNK,1995,4.863333333333333,4.126849056603773,Denmark,,-3.67365336939375,2602.0,,13.324050375599809,35.048813797792576,54.259207837041075,,5.60374252634364,6.71666666666667,,,,,,
DNK,1996,3.1805882352941177,4.38942748091603,Denmark,,17.1502105755732,2627.0,3.131460072823717,19.03856950646033,35.79325197493084,46.14298066937064,2.895749846897022,5.79824931932465,6.33333333333333,,,,,,
DNK,1997,4.259375,4.3808206106870236,Denmark,,42.349328301989,2681.0,9.241918618538415,20.86908334315651,36.57905460629035,47.55683743836865,3.1684808644739477,6.60407451385793,5.24166666666667,,,,,,
DNK,1998,3.639375,3.909942748091603,Denmark,,16.3657852980455,2693.0,7.581066580791105,20.531430412375475,37.065780869995045,50.756073101292834,2.3263024764377263,6.69932324149884,4.86666666666667,,,,,,
DNK,1999,3.639375,3.5024045801526715,Denmark,,-3.2587073297522,2707.0,2.547458425789121,20.214892123191035,38.29462955557168,50.59537426554061,2.96730475940353,6.97991388645774,5.16666666666667,,,,,,
DNK,2000,2.2105882352941175,3.253950381679389,Denmark,,35.1461453128317,2722.0,13.709929266776191,18.17761527493319,39.57291090948899,48.02265488654141,3.724008397158066,8.08802806002572,4.325,2.41,3.75,,,,
DNK,2001,3.0343750000000003,3.048435114503817,Denmark,,-5.07068578807856,2725.0,2.400201393918195,20.739508045246502,40.181437418513696,51.86951289140523,0.950032070480706,8.32081343742811,4.525,3.37,4.07,2.41,0.96,3.75,0.3200000000000003
DNK,2002,2.1754545454545453,5.0311731843575425,Denmark,,-17.5424842216805,2715.0,6.371918961126727,21.263032289653395,41.17055163943182,49.7535661984166,0.4565299210773372,7.88427545976591,4.58333333333333,2.45,3.91,3.37,-0.92,4.07,-0.1600000000000001
DNK,2003,2.1754545454545453,3.7698324022346372,Denmark,,-1.3141671297583,2692.0,-1.0323119435610897,46.74537077505177,41.82503910323253,48.88813495732193,0.441090951298323,6.57700178387965,5.40833333333333,2.52,4.01,2.45,0.0699999999999998,3.91,0.0999999999999996
DNK,2004,2.1754545454545453,2.4107532956685502,Denmark,,27.9439001535355,2720.0,7.153289024068269,37.216281028146,41.83551179895803,50.172327452405995,2.776351438563154,5.98756135327053,5.5,2.24,3.64,2.52,-0.2799999999999998,4.01,-0.3699999999999996
DNK,2005,2.1754545454545453,2.3746182495344508,Denmark,3.9003495827539902,29.9362509799607,2732.0,11.910369505969456,32.174137244110455,42.91724062478963,53.601940415349155,2.3596092145795207,5.99609258501585,4.84166666666667,2.46,3.54,2.24,0.2199999999999997,3.64,-0.1
DNK,2006,2.1754545454545453,2.404245810055866,Denmark,3.055202570696171,19.1825155931208,2787.0,13.94167989688635,43.43555246788533,43.77877735898958,56.69885077390443,3.81648867110016,5.94301094206472,3.90833333333333,2.3,3.33,2.46,-0.1600000000000001,3.54,-0.2099999999999999
DNK,2007,1.2424,2.3681573896353165,Denmark,1.1207957937098332,23.9368977308051,2803.7,5.806833136554601,44.89284102762245,44.38829959776832,54.13047653188085,0.987174384618844,5.44275538148512,3.75,2.24,3.23,2.3,-0.0599999999999996,3.33,-0.1
DNK,2008,1.3596000000000001,2.3385604606525914,Denmark,2.7065282632617427,-22.6793171464043,2806.225,4.540213712015645,54.5733652675663,46.7373006379585,53.118702669437546,-0.4171778778837158,5.09894698160609,3.68333333333333,1.72,2.99,2.24,-0.5200000000000002,3.23,-0.2399999999999997
DNK,2009,1.5495833333333333,2.342096153846154,Denmark,3.545298132973916,-26.6838741965829,2718.925,-12.1795792312635,62.32517679410191,46.26902162178834,38.74588514690124,-4.974478071461513,5.35941711211494,6.40833333333333,1.85,3.23,1.72,0.1300000000000001,2.99,0.2399999999999997
DNK,2010,1.5495833333333333,2.338771593090211,Denmark,6.3059548693727105,33.202181854956,2661.4,1.3152349377415071,50.99846778488897,47.8262955182073,45.28010766834726,1.582896638477958,5.62175651232825,7.75,2.13,3.08,1.85,0.2799999999999998,3.23,-0.1499999999999999
DNK,2011,1.3084,2.3352015355086375,Denmark,6.264202391957522,0.980571260459952,2659.525,8.060251013754863,37.29112380947911,49.33767446358952,48.35405061193591,1.3108035277578531,5.35692618890771,7.75833333333333,1.59,3.0,2.13,-0.5399999999999998,3.08,-0.08
DNK,2012,1.3144736842105265,2.4169187145557656,Denmark,5.998607507124162,7.33514714934848,2644.825,2.8504309930898972,54.068320853219305,50.30729076165656,47.67902259635485,-0.0054325008190678,5.78994374098124,7.78333333333333,1.46,2.84,1.59,-0.1300000000000001,3.0,-0.1600000000000001
DNK,2013,1.2807692307692309,2.391058601134216,Denmark,7.326239484384577,20.0688640711668,2636.3,1.4583177358909525,34.1984544623829,49.89036922337233,47.84835065355595,1.3926739197613496,5.61775368012422,7.375,1.49,2.95,1.46,0.03,2.84,0.1100000000000003
DNK,2014,1.2807692307692309,2.3343238095238097,Denmark,8.39224291573659,29.3990246570348,2663.9,4.067597574298447,43.61758281327594,50.057010270224765,50.1768188169225,1.2779995096286827,5.61872773966372,6.925,2.03,3.07,1.49,0.5399999999999998,2.95,0.1199999999999996
DNK,2015,1.2807692307692309,2.388544423440454,Denmark,8.052273419433751,24.7745095000465,2709.025,4.062984446137283,58.84855907305673,50.22601707684581,51.219023770095326,2.104413741362242,6.72540849888638,6.26666666666667,2.02,3.09,2.03,-0.0099999999999997,3.07,0.02
DNK,2016,1.2807692307692309,2.4278260869565216,Denmark,7.225881937058083,-0.770636110709644,2760.225,4.286012239473869,50.47148188467167,50.250000000000014,54.50324887370911,3.0730524928717307,6.73078313884183,5.98333333333333,2.09,3.29,2.02,0.0699999999999998,3.09,0.2000000000000001
DNK,2017,1.2807692307692309,2.386508538899431,Denmark,7.412809809339008,9.63101113213708,2788.525,4.322357036603647,51.07616322914862,51.27356608478802,54.89309117748499,3.05647964762675,6.60179308817994,5.81666666666667,1.96,3.27,2.09,-0.1299999999999999,3.29,-0.02
DNK,2018,1.2807692307692309,2.4436723163841805,Denmark,6.363706751912547,2.27911297479358,2832.275,5.705229230581652,50.43819159707173,51.51930473372782,56.70256086377109,1.860019195718042,6.31353824691009,5.15,1.83,3.11,1.96,-0.1299999999999999,3.27,-0.1600000000000001
DNK,2019,1.2807692307692309,2.475517890772128,Denmark,7.510259036593327,3.84492436089599,2877.65,3.0533383515440526,,51.879065786255794,58.159235952732935,1.711397509844248,6.66923030052074,5.025,1.84,3.08,1.83,0.01,3.11,-0.0299999999999998
DNK,2020,1.2807692307692309,2.495442561205273,Denmark,7.364805068826238,19.4018123876786,2852.375,-3.953742982486816,,51.92702265372151,54.49662002208268,-1.7801054674250845,6.54200684759081,5.625,1.48,2.8,1.84,-0.3600000000000001,3.08,-0.2800000000000002
DNK,2021,1.2807692307692309,2.4749717514124296,Denmark,8.6253925671567,31.7000428865602,2907.525,9.551720451137973,,53.601522719948434,65.14174613223982,6.500321887286754,6.28813722975093,5.1083333333333325,1.39,2.85,1.48,-0.09,2.8,0.0500000000000002
ESP,1988,2.7142857142857144,5.414757281553398,Spain,,11.0163899282166,12123.1,,,23.785208199032155,60.52417931547122,,0.700033256003109,18.6916666666667,,,,,,
ESP,1989,2.7142857142857144,5.408262548262548,Spain,,8.78841366825074,12557.5,,,26.21339015332606,57.72585815165704,,0.711585259577128,16.5416666666667,,,,,,
ESP,1990,4.78125,5.686654205607477,Spain,,-12.486409727307,12869.6,,,27.7123460342842,55.024816950540306,,0.612687165186174,15.4583333333333,,,,,,
ESP,1991,4.9375,5.646119402985075,Spain,,0.365097676305424,12970.4,,,28.76360879123049,54.18077697402754,,0.624646855304332,15.5,,,,,,
ESP,1992,4.9375,5.688236397748593,Spain,,-12.0463932500537,12730.6,,,30.28708857392666,49.129201858712854,,0.615431436539132,17.0166666666667,,,,,,
ESP,1993,5.020625,5.644272388059702,Spain,,14.7116161344176,12197.3,,,30.857850339022068,45.25689990623937,,0.764744730125532,20.8416666666667,,,,,,
ESP,1994,5.020625,5.630410447761194,Spain,,18.458148676732,12169.5,,,32.280727851247164,54.0594307943466,,0.805118870177379,22.05,,,,,,
ESP,1995,4.863333333333333,4.126849056603773,Spain,-1.4523123438687142,-6.17641774640146,12461.1,,,33.65689619612626,56.426543826763115,,0.749375899013939,20.75,,,,,,
ESP,1996,3.1805882352941177,4.38942748091603,Spain,-0.9516199440430873,22.0674662288693,12811.5492,7.306880686338935,,34.214045285248545,52.60833908306216,2.6075421244030035,0.761427543984069,19.8916666666667,,,,,,
ESP,1997,4.259375,4.3808206106870236,Spain,-0.8144144276115283,52.7312993828941,13286.4517,12.890725744055288,,34.0594744383321,58.83241447039611,3.587167519842564,0.879955344800644,18.3916666666667,,,,,,
ESP,1998,3.639375,3.909942748091603,Spain,-1.6571392503056446,46.6921027351326,13837.8697,14.04257263448875,,34.59778601691106,63.41839436369428,4.301977453335806,0.897785721154424,16.4083333333333,,,,,,
ESP,1999,3.639375,3.5024045801526715,Spain,-3.2197405209147827,10.5004437909425,14689.825,13.686672409303084,,35.61393224586375,65.06761581384761,4.4088654530592395,0.938562898111359,13.6,,,,,,
ESP,2000,2.2105882352941175,3.253950381679389,Spain,-4.272954494487209,12.5685361680874,15505.9,9.572916896103598,,37.3586651479385,69.99570878869955,5.200754391661405,1.0850960701302,11.9166666666667,2.41,3.75,,,,
ESP,2001,3.0343750000000003,3.048435114503817,Spain,-4.336223035857589,-15.2175100742031,16146.275,3.6536729705390423,,38.71630868364724,66.87922349959102,3.918977050308647,1.11663108833636,10.5583333333333,3.37,4.07,2.41,0.96,3.75,0.3200000000000003
ESP,2002,2.1754545454545453,5.0311731843575425,Spain,-3.671640011790983,-14.8064397389971,16790.1,3.6773147573538663,,39.5861032615783,66.95238416569008,2.755456115640989,1.06106513282085,11.4416666666667,2.45,3.91,3.37,-0.92,4.07,-0.1600000000000001
ESP,2003,2.1754545454545453,3.7698324022346372,Spain,-3.8971817807897065,-3.01505349232998,17475.6,6.031686650081362,,40.72911573129513,71.00515487779907,2.9392895953076184,0.885163216727309,11.4916666666667,2.52,4.01,2.45,0.0699999999999998,3.91,0.0999999999999996
ESP,2004,2.1754545454545453,2.4107532956685502,Spain,-5.475850266242618,21.9375666915215,18142.25,9.668769493486886,,41.92097541563448,71.677499504457,3.114531479916085,0.804862094234843,10.9583333333333,2.24,3.64,2.52,-0.2799999999999998,4.01,-0.3699999999999996
ESP,2005,2.1754545454545453,2.3746182495344508,Spain,-7.148440654833249,23.2777041805691,19206.925,6.960351572553663,,43.446804467344705,75.0550541041805,3.551130703091055,0.804619415077062,9.16666666666667,2.46,3.54,2.24,0.2199999999999997,3.64,-0.1
ESP,2006,2.1754545454545453,2.404245810055866,Spain,-8.708482724437465,24.947684683679,19938.85,8.212845184634864,,44.98837402667152,78.63101129340276,4.043438860957714,0.796697220760242,8.45833333333334,2.3,3.33,2.46,-0.1600000000000001,3.54,-0.2099999999999999
ESP,2007,1.2424,2.3681573896353165,Spain,-9.342311430895558,23.1579814929925,20579.825,8.238829036167344,,45.82873374725498,75.85337430550254,3.533591310275099,0.730485427146717,8.225,2.24,3.23,2.3,-0.0599999999999996,3.33,-0.1
ESP,2008,1.3596000000000001,2.3385604606525914,Spain,-8.737075816653695,-21.6876105023813,20469.65,-5.5077770901330965,,48.28389917298662,61.87352956737882,0.7672508093560475,0.683982339822683,11.2666666666667,1.72,2.99,2.24,-0.5200000000000002,3.23,-0.2399999999999997
ESP,2009,1.5495833333333333,2.342096153846154,Spain,-3.974956396097961,-18.3545402004183,19106.85,-18.302284184637127,,45.96921825806537,48.43857230719521,-3.768214301994026,0.719800423489554,17.8666666666667,1.85,3.23,1.72,0.1300000000000001,2.99,0.2399999999999997
ESP,2010,1.5495833333333333,2.338771593090211,Spain,-3.5674949918074597,3.30475703488284,18724.425,6.198543671557685,,47.843030887229496,49.54154196867,0.0942100304735243,0.755043518257105,19.875,2.13,3.08,1.85,0.2799999999999998,3.23,-0.1499999999999999
ESP,2011,1.3084,2.3352015355086375,Spain,-2.665564174054275,-9.70701084236995,18421.125,-0.5920069662618743,,50.04149880350829,46.07243563323883,-0.639920075717733,0.719158754470168,21.4083333333333,1.59,3.0,2.13,-0.5399999999999998,3.08,-0.08
ESP,2012,1.3144736842105265,2.4169187145557656,Spain,0.1461623214374939,-20.92082643453,17632.125,-5.864577786320397,,50.85150042800486,42.30762226547449,-2.86528756070412,0.778006210395884,24.7916666666667,1.46,2.84,1.59,-0.1300000000000001,3.0,-0.1600000000000001
ESP,2013,1.2807692307692309,2.391058601134216,Spain,2.0184563160639675,14.3145571841408,17138.825,-0.2788275185689796,,51.03178383502356,45.10394252340632,-1.4271419387410496,0.753297658306669,26.1166666666667,1.49,2.95,1.46,0.03,2.84,0.1100000000000003
ESP,2014,1.2807692307692309,2.3343238095238097,Spain,1.7727453705631409,21.2245969239632,17343.825,6.802878644459248,,50.17588356062941,52.032777653305914,1.5203924187642532,0.753695140645586,24.45,2.03,3.07,1.49,0.5399999999999998,2.95,0.1199999999999996
ESP,2015,1.2807692307692309,2.388544423440454,Spain,2.113126153959599,1.34846039307946,17865.55,5.091691940223439,,49.749817145048354,51.58274990609592,4.06095746225319,0.901451643908024,22.075,2.02,3.09,2.03,-0.0099999999999997,3.07,0.02
ESP,2016,1.2807692307692309,2.4278260869565216,Spain,3.214365471263842,-18.5917107100908,18341.2,2.6457447381170285,,49.797401999573594,53.030480675790905,2.915066247542142,0.904281526915114,19.65,2.09,3.29,2.02,0.0699999999999998,3.09,0.2000000000000001
ESP,2017,1.2807692307692309,2.386508538899431,Spain,2.804582243200665,17.4985079151548,18824.8,6.695743124932615,,51.85279584765683,53.29293849473262,2.8960420786500767,0.887107173889516,17.2333333333333,1.96,3.27,2.09,-0.1299999999999999,3.29,-0.02
ESP,2018,1.2807692307692309,2.4436723163841805,Spain,1.9105443292486983,-6.12394469308922,19327.5,3.888426197725382,,52.56439107764996,53.85788676800837,2.3954112447887796,0.847324485146496,15.2666666666667,1.83,3.11,1.96,-0.1299999999999999,3.27,-0.1600000000000001
ESP,2019,1.2807692307692309,2.475517890772128,Spain,2.1751665709780346,-4.88248556030318,19779.125,1.3184213638932338,,52.43849938405634,52.74312799224125,1.9612589241342016,0.893348371188594,14.1083333333333,1.84,3.08,1.83,0.01,3.11,-0.0299999999999998
ESP,2020,1.2807692307692309,2.495442561205273,Spain,1.0632442370372075,-18.3293197059623,19202.275,-15.148480689857328,,51.759245398519155,41.84292979408336,-10.940140875618232,0.877541570440429,15.5333333333333,1.48,2.8,1.84,-0.3600000000000001,3.08,-0.2800000000000002
ESP,2021,1.2807692307692309,2.4749717514124296,Spain,0.8346649293200573,14.3851079731649,19833.45,14.98113599814109,,55.073164457661534,50.40302645583466,6.683144204730007,0.845553392731664,14.933333333333335,1.39,2.85,1.48,-0.09,2.8,0.0500000000000002
FIN,1988,2.7142857142857144,5.414757281553398,Finland,,31.8669877009175,2420.0,,,31.605835438695976,42.64858780447543,,0.70406549462107,4.20833333333333,6.26,6.26,,,,
FIN,1989,2.7142857142857144,5.408262548262548,Finland,,8.14251875246744,2494.0,,,34.27541366663833,43.94568337406309,,0.721209450591713,3.10833333333333,,,6.26,,6.26,
FIN,1990,4.78125,5.686654205607477,Finland,,-27.1972255179337,2493.0,,,35.95880905640297,39.88401091375907,,0.642903955163341,3.16666666666667,6.37,6.37,,,,
FIN,1991,4.9375,5.646119402985075,Finland,,-27.6670427479002,2365.0,-13.320818993986167,,36.45650867529422,34.58580263736508,-5.880219850541465,0.68001321957102,6.60833333333333,,,6.37,,6.37,
FIN,1992,4.9375,5.688236397748593,Finland,,-19.4280762564991,2196.0,0.6978143172247795,,36.76243122335421,38.65255501277618,-3.3119036646999613,0.754461605219208,11.7083333333333,,,,,,
FIN,1993,5.020625,5.644272388059702,Finland,,59.4644009464401,2061.0,1.3620614122426318,,37.17145786974948,42.152629087393386,-0.7805480244087357,0.962163883436797,16.3416666666667,,,,,,
FIN,1994,5.020625,5.630410447761194,Finland,,49.4233492952047,2045.0,12.80892695768339,,37.01311998016797,48.83364203751005,3.963366617318171,0.878431524247934,16.5833333333333,,,,,,
FIN,1995,4.863333333333333,4.126849056603773,Finland,4.163325363350455,3.52064996614759,2090.0,8.19198216711365,,37.153013582458826,51.08435554312787,4.232659955613111,0.734496296782172,15.4,,,,,,
FIN,1996,3.1805882352941177,4.38942748091603,Finland,3.8670389833340657,6.59254414650096,2119.0,7.23368637929368,,37.303271381591934,41.59403665173786,3.661824444622092,0.77235960372682,14.5666666666667,,,,,,
FIN,1997,4.259375,4.3808206106870236,Finland,5.124037414801673,56.9231398535608,2162.0,11.87931552086462,,38.02606134958816,46.910623516586966,6.397566036677686,0.872421609009042,12.6416666666667,,,,,,
FIN,1998,3.639375,3.909942748091603,Finland,5.114736759282501,41.5739123634752,2203.45,8.471301687820327,,38.65333785142674,50.65012747863985,5.45416210945221,0.899007915484446,11.3583333333333,,,,,,
FIN,1999,3.639375,3.5024045801526715,Finland,4.911548750932628,72.1498011489174,2295.925,4.287057193746279,,38.975831488917606,49.95731151460858,4.389198510484109,0.938562898111359,10.2166666666667,,,,,,
FIN,2000,2.2105882352941175,3.253950381679389,Finland,7.2352381086599955,91.0018503069584,2335.425,14.861114405674035,,41.08376542998934,55.75903567279412,5.753634551733639,1.0850960701302,9.78333333333333,2.41,3.75,,,,
FIN,2001,3.0343750000000003,3.048435114503817,Finland,8.146263742175547,-42.4571309763067,2367.025,1.3836685803973323,,41.87203881478868,52.517967287864415,2.6402173297866214,1.11663108833636,9.125,3.37,4.07,2.41,0.96,3.75,0.3200000000000003
FIN,2002,2.1754545454545453,5.0311731843575425,Finland,8.102501298095076,-22.5557705188498,2372.35,4.291941660555693,,42.00607453671451,54.07875717386263,1.687298392655295,1.06106513282085,9.075,2.45,3.91,3.37,-0.92,4.07,-0.1600000000000001
FIN,2003,2.1754545454545453,3.7698324022346372,Finland,4.68093800615724,-14.4810897499128,2364.925,4.107502099650381,,42.02086764364739,54.958677793340655,2.01176693869804,0.885163216727309,9.00833333333333,2.52,4.01,2.45,0.0699999999999998,3.91,0.0999999999999996
FIN,2004,2.1754545454545453,2.4107532956685502,Finland,5.713384158745048,7.48859731636914,2364.65,8.123522569509595,,41.7535199745184,59.36483109097924,4.005315614617942,0.804862094234843,8.825,2.24,3.64,2.52,-0.2799999999999998,4.01,-0.3699999999999996
FIN,2005,2.1754545454545453,2.3746182495344508,Finland,3.425677028516712,17.2732699548097,2400.825,11.183023320377568,,42.23179836509366,58.853912811098816,2.77777777777777,0.804619415077062,8.4,2.46,3.54,2.24,0.2199999999999997,3.64,-0.1
FIN,2006,2.1754545454545453,2.404245810055866,Finland,3.882403360480167,24.8976063584884,2443.475,6.588947672331722,,43.35994061720149,66.0154424134689,4.019493274323085,0.796697220760242,7.71666666666667,2.3,3.33,2.46,-0.1600000000000001,3.54,-0.2099999999999999
FIN,2007,1.2424,2.3681573896353165,Finland,4.145938634781865,24.3963219173454,2491.625,7.382245713700054,,44.90089689897019,70.38646670456558,5.313178250102773,0.730485427146717,6.86666666666667,2.24,3.23,2.3,-0.0599999999999996,3.33,-0.1
FIN,2008,1.3596000000000001,2.3385604606525914,Finland,1.85524296986928,-23.9905471050509,2530.875,7.965530876317474,,47.45314713663962,69.68856092602087,0.7839594719735729,0.683982339822683,6.36666666666667,1.72,2.99,2.24,-0.5200000000000002,3.23,-0.2399999999999997
FIN,2009,1.5495833333333333,2.342096153846154,Finland,1.962536854040457,-32.8148574395276,2457.275,-16.997335286614554,,45.42017130824199,49.950227097709565,-8.075885397195735,0.719800423489554,8.36666666666667,1.85,3.23,1.72,0.1300000000000001,2.99,0.2399999999999997
FIN,2010,1.5495833333333333,2.338771593090211,Finland,1.530337423232189,21.5465407230592,2447.475,6.297547319091966,,46.55007491170388,63.874301601756976,3.1677356447432317,0.755043518257105,8.54166666666666,2.13,3.08,1.85,0.2799999999999998,3.23,-0.1499999999999999
FIN,2011,1.3084,2.3352015355086375,Finland,-1.1684731493427152,-5.85428315810311,2473.675,6.210726707985624,,49.23670930030667,65.2809195969254,2.389410792480808,0.719158754470168,7.96666666666667,1.59,3.0,2.13,-0.5399999999999998,3.08,-0.08
FIN,2012,1.3144736842105265,2.4169187145557656,Finland,-2.281911821805351,-14.3606409125316,2483.225,1.1253065955095527,,50.26722369372487,61.126191807317014,-1.5232970753995223,0.778006210395884,7.80833333333334,1.46,2.84,1.59,-0.1300000000000001,3.0,-0.1600000000000001
FIN,2013,1.2807692307692309,2.391058601134216,Finland,-2.244703008925949,16.3613230827397,2456.725,0.1279368844703259,,50.3245383780389,58.435502109661755,-0.9797410280686232,0.753297658306669,8.3,1.49,2.95,1.46,0.03,2.84,0.1100000000000003
FIN,2014,1.2807692307692309,2.3343238095238097,Finland,-1.5596764445014175,16.2726793350191,2447.25,-0.8984068252299192,,50.62227744329661,59.07202512740694,-0.4780683185790416,0.753695140645586,8.75,2.03,3.07,1.49,0.5399999999999998,2.95,0.1199999999999996
FIN,2015,1.2807692307692309,2.388544423440454,Finland,-0.9223526612048932,12.8679219066671,2436.8,2.1354320556555364,,49.89353397976927,61.03148330208006,0.4665035178953964,0.901451643908024,9.45833333333334,2.02,3.09,2.03,-0.0099999999999997,3.07,0.02
FIN,2016,1.2807692307692309,2.4278260869565216,Finland,-1.7399874769696797,-3.50215577010999,2448.1,5.658268462023974,,50.35417558377935,64.97255758825932,2.5719342315597027,0.904281526915114,8.91666666666667,2.09,3.29,2.02,0.0699999999999998,3.09,0.2000000000000001
FIN,2017,1.2807692307692309,2.386508538899431,Finland,-0.7295652290789348,15.2513723798634,2473.2,4.335975905713696,,50.93117419020871,67.04096796401149,3.3033701611332207,0.887107173889516,8.76666666666667,1.96,3.27,2.09,-0.1299999999999999,3.29,-0.02
FIN,2018,1.2807692307692309,2.4436723163841805,Finland,-1.7494330119151758,3.44898111405491,2539.925,5.834078845350975,,51.64399382537998,68.28304882834382,1.1929777298850617,0.847324485146496,7.43333333333334,1.83,3.11,1.96,-0.1299999999999999,3.27,-0.1600000000000001
FIN,2019,1.2807692307692309,2.475517890772128,Finland,0.1242007974443312,-3.31779714925257,2565.6,2.374726686653303,,52.13746363148367,68.74869394060555,1.3497384382612192,0.893348371188594,6.74166666666667,1.84,3.08,1.83,0.01,3.11,-0.0299999999999998
FIN,2020,1.2807692307692309,2.495442561205273,Finland,0.2124221013597199,1.63218613371661,2528.2,-6.120022458798016,,51.92069394449315,66.33949078148265,-2.491036209772386,0.877541570440429,7.725,1.48,2.8,1.84,-0.3600000000000001,3.08,-0.2800000000000002
FIN,2021,1.2807692307692309,2.4749717514124296,Finland,-0.1351259877477466,27.6640159796715,2573.35,6.9950981541853325,,54.00895382836647,70.97088388862353,2.6763465915978526,0.845553392731664,7.675,1.39,2.85,1.48,-0.09,2.8,0.0500000000000002
FRA,1988,2.7142857142857144,5.414757281553398,France,,-7.51983758083892,21521.37771,8.785634044570452,,32.915530359478396,47.19690083400002,4.814209286633106,0.908142606908685,10.0666666666667,,,,,,
FRA,1989,2.7142857142857144,5.408262548262548,France,,44.1088070794415,21842.0,8.109242203992201,,34.41851586718531,48.74732947076743,4.405176428460676,0.972648867735741,9.675,,,,,,
FRA,1990,4.78125,5.686654205607477,France,,-4.33008011644234,23064.45688,4.944368699926605,,35.31005774681336,48.4638610064659,2.8296205878827023,0.830229725424075,9.36666666666667,,,,,,
FRA,1991,4.9375,5.646119402985075,France,,-5.6366931692944,23089.35029,3.1351274814046035,,36.40295366204842,47.11152167041525,1.2366689466497292,0.859942038883646,9.625,,,,,,
FRA,1992,4.9375,5.688236397748593,France,,3.31648830975986,22984.28713,1.75016885067918,,36.80063023134676,47.4799189688572,1.516067423688135,0.807019362549679,10.6416666666667,,,,,,
FRA,1993,5.020625,5.644272388059702,France,,11.2374866150804,22683.1975,-3.379062922741503,,37.42056471895657,42.340481368486486,-0.3590040007509514,0.863214611120343,11.825,,,,,,
FRA,1994,5.020625,5.630410447761194,France,,6.02912468291881,22713.89388,8.767309417832136,,37.79817433130163,46.589165390443014,2.3836608611014416,0.846405836561441,12.275,,,,,,
FRA,1995,4.863333333333333,4.126849056603773,France,,-10.214579303675,22914.759,7.03913001290917,,38.53282404381134,47.92305904173744,2.3047988736860714,0.760845096045422,11.95,,,,,,
FRA,1996,3.1805882352941177,4.38942748091603,France,,13.8609542146613,22973.49288,2.297131153897713,,39.37227515878201,45.8065551586152,1.3970738362579207,0.779898682383144,12.4,,,,,,
FRA,1997,4.259375,4.3808206106870236,France,,29.1176856646536,23104.053,7.774779416001197,,39.44488813680154,48.422098068383114,2.527061633935696,0.88989318913689,12.3333333333333,,,,,,
FRA,1998,3.639375,3.909942748091603,France,,30.7597411815347,23520.51013,12.160037965826996,,39.42139676724982,50.23108341896339,3.4525943427961616,0.899356461881902,12.05,,,,,,
FRA,1999,3.639375,3.5024045801526715,France,3.3294817179479277,22.0511911782628,24005.29525,6.705940559562384,,39.57440415290065,51.85556434457575,3.399308088094408,0.938562898111359,11.3166666666667,,,,,,
FRA,2000,2.2105882352941175,3.253950381679389,France,1.0983382236200665,37.0903562015195,24628.80888,14.746791515301284,,40.802563276938,55.2007377929984,4.1410534920846915,1.0850960701302,9.55833333333334,2.41,3.75,,,,
FRA,2001,3.0343750000000003,3.048435114503817,France,1.5255712071545584,-19.1110550185953,25098.79763,2.296421806218288,,41.43530706441465,54.761565342260376,1.8994711755056417,1.11663108833636,8.74166666666667,3.37,4.07,2.41,0.96,3.75,0.3200000000000003
FRA,2002,2.1754545454545453,5.0311731843575425,France,1.0969324122132331,-21.7433615655845,25290.03313,2.3385806953542807,,42.36087281030195,52.69992808270738,1.0677446341014951,1.06106513282085,8.63333333333333,2.45,3.91,3.37,-0.92,4.07,-0.1600000000000001
FRA,2003,2.1754545454545453,3.7698324022346372,France,0.7700690525707865,-16.3764003984913,24704.825,0.6769724553189921,,43.317152762401264,52.29930609417848,0.967831690385298,0.885163216727309,8.508333333333333,2.52,4.01,2.45,0.0699999999999998,3.91,0.0999999999999996
FRA,2004,2.1754545454545453,2.4107532956685502,France,0.4621526400591319,19.4827208536731,24808.025,6.0045893574769975,,44.2443781565345,54.91088427364188,2.868248965451573,0.804862094234843,8.875,2.24,3.64,2.52,-0.2799999999999998,4.01,-0.3699999999999996
FRA,2005,2.1754545454545453,2.3746182495344508,France,0.0267113442048469,17.7325613140785,24984.175,6.250503021183435,,44.80001801523576,54.71236715703375,1.8885696480423797,0.804619415077062,8.891666666666666,2.46,3.54,2.24,0.2199999999999997,3.64,-0.1
FRA,2006,2.1754545454545453,2.404245810055866,France,0.186371485882642,21.5077836542137,25150.15,5.769597342850176,,45.50047891471028,55.635968055604685,2.714062951568819,0.796697220760242,8.85,2.3,3.33,2.46,-0.1600000000000001,3.54,-0.2099999999999999
FRA,2007,1.2424,2.3681573896353165,France,-0.2046601166167179,13.1366766314349,25586.675,5.473330297026264,,46.071499029769285,57.362289830664366,2.5304253911803123,0.730485427146717,8.025,2.24,3.23,2.3,-0.0599999999999996,3.33,-0.1
FRA,2008,1.3596000000000001,2.3385604606525914,France,-0.7831697233913606,-24.8723619249437,25926.425,1.2644584683890423,,48.00893097457394,53.57296106075771,0.3801714358491284,0.683982339822683,7.441666666666667,1.72,2.99,2.24,-0.5200000000000002,3.23,-0.2399999999999997
FRA,2009,1.5495833333333333,2.342096153846154,France,-0.530387202644733,-22.639371705691,25674.375,-8.92941837508974,,46.68714357241204,43.70225093892508,-2.8245515371478027,0.719800423489554,9.125,1.85,3.23,1.72,0.1300000000000001,2.99,0.2399999999999997
FRA,2010,1.5495833333333333,2.338771593090211,France,-0.6773660849365849,14.4719899918522,25730.675,8.602158554720445,,48.12306135210463,51.31174941723595,2.0003247603904972,0.755043518257105,9.283333333333331,2.13,3.08,1.85,0.2799999999999998,3.23,-0.1499999999999999
FRA,2011,1.3084,2.3352015355086375,France,-0.8238053598290177,-1.94631095244769,25758.825,5.86988632053306,,49.413298975874994,51.44881266859024,2.437576537290068,0.719158754470168,9.2,1.59,3.0,2.13,-0.5399999999999998,3.08,-0.08
FRA,2012,1.3144736842105265,2.4169187145557656,France,-1.0209032069273254,-5.49108326610287,25804.225,0.3309618856413643,,50.27959765806752,50.452441858653565,0.1838352649730013,0.778006210395884,9.758333333333333,1.46,2.84,1.59,-0.1300000000000001,3.0,-0.1600000000000001
FRA,2013,1.2807692307692309,2.391058601134216,France,-0.692039731904263,18.675472353883,25785.3,2.74596088837268,,50.16019108226422,50.445250065720295,0.7817520605252055,0.753297658306669,10.3,1.49,2.95,1.46,0.03,2.84,0.1100000000000003
FRA,2014,1.2807692307692309,2.3343238095238097,France,-0.9369315045462324,11.2383573893725,26376.0,4.26436616934075,,50.23471274480228,49.11206493989723,0.9978373424042204,0.753695140645586,10.266666666666666,2.03,3.07,1.49,0.5399999999999998,2.95,0.1199999999999996
FRA,2015,1.2807692307692309,2.388544423440454,France,-0.3691194228455108,12.1580893777811,26441.8,5.819408163108324,,50.01834052358963,50.205410777650734,1.0667590565272818,0.901451643908024,10.358333333333334,2.02,3.09,2.03,-0.0099999999999997,3.07,0.02
FRA,2016,1.2807692307692309,2.4278260869565216,France,-0.5428674677040514,-7.63671794067744,26579.675,3.800563933405576,,50.18291743056194,50.08765360932918,0.86002677554462,0.904281526915114,10.058333333333334,2.09,3.29,2.02,0.0699999999999998,3.09,0.2000000000000001
FRA,2017,1.2807692307692309,2.386508538899431,France,-0.4063294920441573,17.950406777721,26802.975,4.453762853492927,,51.12447470865686,53.77550397648297,2.0836148599739865,0.887107173889516,9.416666666666666,1.96,3.27,2.09,-0.1299999999999999,3.29,-0.02
FRA,2018,1.2807692307692309,2.4436723163841805,France,-0.5437011027236626,2.60543324240375,27021.375,3.1605960957040815,,52.47040754157746,51.37653266554022,1.6459087239588726,0.847324485146496,9.016666666666667,1.83,3.11,1.96,-0.1299999999999999,3.27,-0.1600000000000001
FRA,2019,1.2807692307692309,2.475517890772128,France,0.8799299949578283,1.70533968131832,27132.175,1.936112826178795,,52.67037746144146,51.83366251899909,2.027450537733948,0.893348371188594,8.441666666666666,1.84,3.08,1.83,0.01,3.11,-0.0299999999999998
FRA,2020,1.2807692307692309,2.495442561205273,France,-2.114178827630801,-7.08488304786012,26995.325,-12.237924932029376,,52.60283275969604,39.02266028395175,-7.440649595001268,0.877541570440429,8.03333333333333,1.48,2.8,1.84,-0.3600000000000001,3.08,-0.2800000000000002
FRA,2021,1.2807692307692309,2.4749717514124296,France,0.2294756729931177,25.6036976620956,27727.6,8.263639674894764,,54.04574903852546,50.78981157034849,6.882342147152275,0.845553392731664,7.875,1.39,2.85,1.48,-0.09,2.8,0.0500000000000002
GBR,1988,2.7142857142857144,5.414757281553398,United Kingdom,-3.532354645894232,-11.3820917421174,25708.0,12.358823106251348,15.70466965262512,26.204699988227127,36.26404150618254,5.421495492538435,0.562152195832681,8.45,,,,,,
GBR,1989,2.7142857142857144,5.408262548262548,United Kingdom,-4.0636073922104465,20.6877347700478,26549.0,7.118333440040977,17.486848890175196,28.35,35.685884533543266,2.4229742719588376,0.611413518523902,7.075,,,,,,
GBR,1990,4.78125,5.686654205607477,United Kingdom,-3.0718731843733145,2.27213006161992,26818.0,0.4090506662482751,17.39742004358196,31.55,34.4726251425294,0.5680173949519611,0.563030125664294,6.825,,,,,,
GBR,1991,4.9375,5.646119402985075,United Kingdom,-1.3138494390400977,10.8284859876728,26058.0,-4.5061535485214925,12.950111789556152,33.35,31.221313121086062,-1.4056871625037433,0.566894323112241,8.6,,,,,,
GBR,1992,4.9375,5.688236397748593,United Kingdom,-1.5157776441209403,3.87368251360809,25435.0,6.550670884695095,11.955685592021045,33.25,33.24233912779284,0.2757876515409671,0.569730331767967,9.85,,,,,,
GBR,1993,5.020625,5.644272388059702,United Kingdom,-1.3163039397195715,15.5708878958851,25088.0,3.114921934988492,12.407833531001948,33.05,34.74517560281232,2.2735966003192156,0.66603865776232,10.4,,,,,,
GBR,1994,5.020625,5.630410447761194,United Kingdom,-0.4814837122799857,6.16550091371936,25253.0,5.743433720200404,14.039783151492216,33.550000000000004,37.94929042177324,3.418681245520797,0.653265505541989,9.525,,,,,,
GBR,1995,4.863333333333333,4.126849056603773,United Kingdom,-0.6667282707992902,6.62334142796561,25489.0,5.333226024962618,15.844559965075684,34.65,37.05938445192185,2.405679162414435,0.633697695774595,8.65,,,,,,
GBR,1996,3.1805882352941177,4.38942748091603,United Kingdom,-0.5684050835751399,14.2691768127203,25727.0,9.20219031549457,21.82248967137096,35.7,37.33645997642322,2.614916034749688,0.640818980481159,8.125,,,,,,
GBR,1997,4.259375,4.3808206106870236,United Kingdom,-0.2027043239763849,22.5285079303604,26155.0,9.8637085841727,21.48603867502965,36.1,40.21779833871309,4.879985345389338,0.610501264771778,7.0,,,,,,
GBR,1998,3.639375,3.909942748091603,United Kingdom,-0.4175292479886399,20.048962611245,26395.0,7.015011317530356,21.495076435170347,36.55,42.16850734579119,3.2463148322383195,0.603551144127612,6.275,,,,,,
GBR,1999,3.639375,3.5024045801526715,United Kingdom,-2.1376156342580255,11.5618834793157,26691.0,7.440643713502865,19.52875126222414,37.15,43.705626728271795,2.9444586804041872,0.618086952118502,5.975,,,,,,
GBR,2000,2.2105882352941175,3.253950381679389,United Kingdom,-1.8521686630296743,1.4071566753581,27483.5,9.11717733076078,22.85053990454545,37.3,45.46588696656488,4.52438076262652,0.660570959419346,5.45,2.41,3.75,,,,
GBR,2001,3.0343750000000003,3.048435114503817,United Kingdom,-1.7814212779715997,-12.7524002334507,27711.5,5.939348048629869,26.169650104532614,38.099999999999994,46.62948076907254,2.3910223004350057,0.69428920040175,5.075,3.37,4.07,2.41,0.96,3.75,0.3200000000000003
GBR,2002,2.1754545454545453,5.0311731843575425,United Kingdom,-1.988789984648172,-17.2539806447618,27944.0,4.333399217772017,24.78213411367341,38.6,47.429448306131974,1.7090273676961143,0.66654228320575,5.175,2.45,3.91,3.37,-0.92,4.07,-0.1600000000000001
GBR,2003,2.1754545454545453,3.7698324022346372,United Kingdom,-1.828353539241918,-11.9849115127622,28223.0,1.928118457964503,26.31011701147269,39.05,49.6113698097744,3.218516082186132,0.612278850640196,5.025,2.52,4.01,2.45,0.0699999999999998,3.91,0.0999999999999996
GBR,2004,2.1754545454545453,2.4107532956685502,United Kingdom,-2.314219341849371,11.6877935915223,28533.25,7.134221207604112,30.954971322509813,39.6,48.50483555417655,2.326018550220913,0.545747185898468,4.75,2.24,3.64,2.52,-0.2799999999999998,4.01,-0.3699999999999996
GBR,2005,2.1754545454545453,2.3746182495344508,United Kingdom,-1.9909510001432391,14.0454383431821,28853.25,7.212713722205392,33.452399807645065,40.75,48.81648231651103,2.790654734679503,0.550103007736171,4.8,2.46,3.54,2.24,0.2199999999999997,3.64,-0.1
GBR,2006,2.1754545454545453,2.404245810055866,United Kingdom,-3.1040945009742367,14.8611629380621,29140.75,9.9740282665298,38.36416293386043,41.95,54.47393460510872,2.1898212882980395,0.543382086230194,5.425,2.3,3.33,2.46,-0.1600000000000001,3.54,-0.2099999999999999
GBR,2007,1.2424,2.3681573896353165,United Kingdom,-3.712826144255859,8.12956014256186,29378.75,-0.8846058955891665,43.08494924711778,42.85,51.4002946597508,2.9309113329612617,0.499748115459572,5.325,2.24,3.23,2.3,-0.0599999999999996,3.33,-0.1
GBR,2008,1.3596000000000001,2.3385604606525914,United Kingdom,-3.841239981850149,-16.1747386427026,29627.75,-1.33575252290482,48.75837177770115,44.85,51.89883504414588,-0.0494116545622491,0.545696415775903,5.7,1.72,2.99,2.24,-0.5200000000000002,3.23,-0.2399999999999997
GBR,2009,1.5495833333333333,2.342096153846154,United Kingdom,-3.053408190944623,-14.9504052474708,29154.25,-7.24746269654794,51.25551255668139,44.95,44.548668322101896,-4.587408196328893,0.641314034757513,7.625,1.85,3.23,1.72,0.1300000000000001,2.99,0.2399999999999997
GBR,2010,1.5495833333333333,2.338771593090211,United Kingdom,-2.754296684261241,19.7576159552005,29227.0,8.650079060126675,54.34815423516963,46.3,55.50006103380375,2.2605446177703876,0.647462325898739,7.875,2.13,3.08,1.85,0.2799999999999998,3.23,-0.1499999999999999
GBR,2011,1.3084,2.3352015355086375,United Kingdom,-1.6305926243079865,4.07922933581282,29374.5,2.741122569319814,48.369800615493205,48.7,44.737898654046205,0.8514377373098765,0.623809400683857,8.125,1.59,3.0,2.13,-0.5399999999999998,3.08,-0.08
GBR,2012,1.3144736842105265,2.4169187145557656,United Kingdom,-3.116498267998987,0.883987624846855,29694.25,2.2586024172785306,47.49215836109311,49.3,44.32935650406261,1.5282603445570897,0.631076817868122,7.975,1.46,2.84,1.59,-0.1300000000000001,3.0,-0.1600000000000001
GBR,2013,1.2807692307692309,2.391058601134216,United Kingdom,-4.514463364246939,12.7023630180083,30041.75,3.1790758330235014,52.45474002953803,50.25,47.52204831005944,1.718469620113609,0.639745653718866,7.6,1.49,2.95,1.46,0.03,2.84,0.1100000000000003
GBR,2014,1.2807692307692309,2.3343238095238097,United Kingdom,-4.815723819854875,3.28122080124195,30752.5,5.065275822347383,49.8654968401554,50.55,50.853645741120545,3.160173492692604,0.607363961321287,6.175,2.03,3.07,1.49,0.5399999999999998,2.95,0.1199999999999996
GBR,2015,1.2807692307692309,2.388544423440454,United Kingdom,-4.782429191458992,-1.31802105556657,31285.0,4.931773491965747,49.8950709250397,50.2,51.62022872851596,2.1404056110619716,0.654496101088525,5.35,2.02,3.09,2.03,-0.0099999999999997,3.07,0.02
GBR,2016,1.2807692307692309,2.4278260869565216,United Kingdom,-5.24507982272148,-1.85382427468954,31745.5,4.480661240456829,56.48611074182453,51.0,50.949133530566975,2.206520216006735,0.740952732762407,4.9,2.09,3.29,2.02,0.0699999999999998,3.09,0.2000000000000001
GBR,2017,1.2807692307692309,2.386508538899431,United Kingdom,-3.379470556765092,13.9967828164184,32060.5,3.0615116485517766,62.05255075860604,53.099999999999994,53.364963794750885,3.023222178854964,0.77656438104649,4.425,1.96,3.27,2.09,-0.1299999999999999,3.29,-0.02
GBR,2018,1.2807692307692309,2.4436723163841805,United Kingdom,-3.722763231392746,-0.31755629941027,32443.0,3.412496118035167,61.61255750265728,54.15,54.41977726040389,1.5513309622721243,0.749743805822197,4.1,1.83,3.11,1.96,-0.1299999999999999,3.27,-0.1600000000000001
GBR,2019,1.2807692307692309,2.475517890772128,United Kingdom,-2.4794925433684827,-1.03713309935201,32918.75,3.0825317534428085,61.354292213766264,54.75,54.81505157201264,1.2562990120422075,0.783608901224983,3.825,1.84,3.08,1.83,0.01,3.11,-0.0299999999999998
GBR,2020,1.2807692307692309,2.495442561205273,United Kingdom,-2.720358447230694,-13.7739175911495,32555.0,-15.18350968805827,70.09173451801459,54.95,48.908049533046864,-10.047896643494472,0.779717869643641,4.6,1.28,2.14,1.84,-0.56,3.08,-0.94
GBR,2021,1.2807692307692309,2.4749717514124296,United Kingdom,-0.7560323285623503,11.502067932056,32551.5,5.2779477182467645,75.17208625918317,57.05,57.74782987534574,8.543111843708393,0.726969660494698,4.55,0.72,3.45,1.28,-0.56,2.14,1.31
GRC,1988,2.7142857142857144,5.414757281553398,Greece,,33.5299440512447,3651.16248,7.336515943073297,,17.56798638901885,64.30872425613194,4.287889039242209,0.415718537539741,,,,,,,
GRC,1989,2.7142857142857144,5.408262548262548,Greece,,22.8180486886227,3663.06687,10.472873746485954,,19.106627796419502,64.06138639076605,3.7989619657772993,0.475666495475666,,,,,,,
GRC,1990,4.78125,5.686654205607477,Greece,,188.033898537822,3713.21046,8.361502525732062,,25.0045887042745,60.048747141084675,0.0003906417853828,0.46434739545121,,,,,,,
GRC,1991,4.9375,5.646119402985075,Greece,,-1.63733833796694,3628.27206,5.8393648902052435,,27.3928661214795,60.35639175858584,3.1016836595179704,0.534304377598435,,,,,,,
GRC,1992,4.9375,5.688236397748593,Greece,,-21.3597369866555,3680.0391,1.0762836752603782,,28.4081513679478,59.507194865821994,0.6971545485545237,0.558967571533382,,,,,,,
GRC,1993,5.020625,5.644272388059702,Greece,,2.75131351209767,3715.36318,0.6290647576298873,,30.6251828115333,56.760448852140016,-1.5991270647552336,0.672252090975789,,,,,,,
GRC,1994,5.020625,5.630410447761194,Greece,,14.7546785028791,3786.157,1.49771273218615,,31.4032490170499,59.52536925182628,1.9998470480269328,0.710909904622157,,,,,,,
GRC,1995,4.863333333333333,4.126849056603773,Greece,,-3.75428821322852,3820.51027,8.946869937607262,,32.75342088894608,61.116311496832544,2.0998134957825663,0.679613206162876,,,,,,,
GRC,1996,3.1805882352941177,4.38942748091603,Greece,,5.36939115763864,3868.2831,6.998093709240512,,34.701361642515195,60.38526572609294,2.3584020418631946,0.706262631450232,,,,,,,
GRC,1997,4.259375,4.3808206106870236,Greece,,57.9423437043654,3853.33532,14.168502977167217,,35.06633214009189,62.599167067303355,3.637608174839867,0.801017534849596,,,,,,,
GRC,1998,3.639375,3.909942748091603,Greece,,47.8839596012335,4017.9,9.243973553447509,,36.220854667566144,71.04336657162503,3.363683540123597,0.866532183908046,,,,,,,
GRC,1999,3.639375,3.5024045801526715,Greece,,103.013168337441,4031.3,15.036463423802726,,36.04823999671843,67.35961708330034,3.4196713829301757,0.897116923453167,11.9833333333333,,,,,,
GRC,2000,2.2105882352941175,3.253950381679389,Greece,,-5.71771265407481,4088.475,15.074178158290296,,37.399910998391775,146.3642712418985,4.477200260379316,1.06859672291514,11.2333333333333,2.41,3.75,,,,
GRC,2001,3.0343750000000003,3.048435114503817,Greece,,-34.868638728547,4202.175,1.4195578954235308,,38.720006041245206,122.94052688538368,4.650414147230562,1.11663108339447,10.675,3.37,4.07,2.41,0.96,3.75,0.3200000000000003
GRC,2002,2.1754545454545453,5.0311731843575425,Greece,-6.893150180606017,-23.7040760666749,4264.775,-5.940950877361506,,40.19176710984087,159.69290244648582,4.683137135241194,1.06106513282085,10.3333333333333,2.45,3.91,3.37,-0.92,4.07,-0.1600000000000001
GRC,2003,2.1754545454545453,3.7698324022346372,Greece,-8.421732499173075,-11.4151719999335,4353.175,6.371754428635119,,41.49737191501239,146.15261919260638,5.79682308542361,0.885163216727309,9.74166666666667,2.52,4.01,2.45,0.0699999999999998,3.91,0.0999999999999996
GRC,2004,2.1754545454545453,2.4107532956685502,Greece,-7.50489799273424,27.6391450817232,4389.3,6.994154474015523,,42.33324212868719,128.66663139035398,5.3778662069547725,0.804862094234843,10.6083333333333,2.24,3.64,2.52,-0.2799999999999998,4.01,-0.3699999999999996
GRC,2005,2.1754545454545453,2.3746182495344508,Greece,-8.899891209764457,29.3492749925964,4443.5,0.1421025837440638,,44.105715884068914,90.29751496220166,1.1835062537048646,0.804619415077062,10.0083333333333,2.46,3.54,2.24,0.2199999999999997,3.64,-0.1
GRC,2006,2.1754545454545453,2.404245810055866,Greece,-11.55036532234962,26.6549741955764,4527.525,9.784435105759316,,45.284097885756694,100.6436596278276,6.4433977312990445,0.796697220760242,9.03333333333333,2.3,3.33,2.46,-0.1600000000000001,3.54,-0.2099999999999999
GRC,2007,1.2424,2.3681573896353165,Greece,-14.815602372141324,21.9518472511294,4563.975,12.9202100327832,,46.39833917204248,111.60570594947752,3.506870050430035,0.730485427146717,8.41666666666666,2.24,3.23,2.3,-0.0599999999999996,3.33,-0.1
GRC,2008,1.3596000000000001,2.3385604606525914,Greece,-14.758124760273311,-30.1151605951222,4610.375,3.2281930326221135,,48.89395363432942,110.94101180126,0.0574738546767061,0.683982339822683,7.76666666666667,1.72,2.99,2.24,-0.5200000000000002,3.23,-0.2399999999999997
GRC,2009,1.5495833333333333,2.342096153846154,Greece,-12.261315587308726,-36.0931106760201,4555.95,-19.63381692407125,,47.989119472294334,88.81959746959963,-4.119276164047598,0.719800423489554,9.75,1.85,3.23,1.72,0.1300000000000001,2.99,0.2399999999999997
GRC,2010,1.5495833333333333,2.338771593090211,Greece,-9.495420759584691,-21.3679606296165,4389.675,-4.265604873596813,,51.97377637280541,69.69219368162702,-5.693741532327962,0.755043518257105,12.9583333333333,2.13,3.08,1.85,0.2799999999999998,3.23,-0.1499999999999999
GRC,2011,1.3084,2.3352015355086375,Greece,-8.845733678102397,-31.7879655294599,4054.325,-9.782213544157388,,52.9344118569485,48.31344768265338,-9.87677877198603,0.719158754470168,18.0916666666667,1.59,3.0,2.13,-0.5399999999999998,3.08,-0.08
GRC,2012,1.3144736842105265,2.4169187145557656,Greece,-3.619979623240472,-38.9877400998341,3694.975,-5.4923614309177795,,52.79005799357107,42.42340547506788,-8.331134344575613,0.778006210395884,24.8083333333333,1.46,2.84,1.59,-0.1300000000000001,3.0,-0.1600000000000001
GRC,2013,1.2807692307692309,2.391058601134216,Greece,-1.4746847851867757,40.3807326556425,3513.15,-3.609661347397078,,51.09923873213909,44.903531033731674,-2.2721166578956864,0.753297658306669,27.825,1.49,2.95,1.46,0.03,2.84,0.1100000000000003
GRC,2014,1.2807692307692309,2.3343238095238097,Greece,-1.020093011410216,14.9831106305837,3536.25,6.837216748698827,,50.22716293115897,51.71993325776219,0.7922248264452695,0.753695140645586,26.65,2.03,3.07,1.49,0.5399999999999998,2.95,0.1199999999999996
GRC,2015,1.2807692307692309,2.388544423440454,Greece,-1.1294923116992892,-35.5620725206652,3610.675,8.177098382535435,,49.132048814001266,50.882109517812175,-0.2283016053434998,0.901451643908024,24.9833333333333,2.02,3.09,2.03,-0.0099999999999997,3.07,0.02
GRC,2016,1.2807692307692309,2.4278260869565216,Greece,-2.0542503995055816,-22.1224878594181,3673.55,2.1298424567926855,,49.1743424101528,54.13286402777732,-0.0317952842078028,0.904281526915114,23.875,2.09,3.29,2.02,0.0699999999999998,3.09,0.2000000000000001
GRC,2017,1.2807692307692309,2.386508538899431,Greece,-2.327222751182195,28.5295210501128,3752.675,7.14852256840235,,50.70380135236322,48.0071324510569,1.4731246696129734,0.887107173889516,21.8416666666667,1.96,3.27,2.09,-0.1299999999999999,3.29,-0.02
GRC,2018,1.2807692307692309,2.4436723163841805,Greece,-3.199327950125734,0.800575037177181,3827.95,8.25082788251001,,50.76968805905762,47.243157692449635,2.0646724761320097,0.847324485146496,19.7416666666667,1.83,3.11,1.96,-0.1299999999999999,3.27,-0.1600000000000001
GRC,2019,1.2807692307692309,2.475517890772128,Greece,-1.5817341462866987,6.80156187402564,3911.025,2.819819127681429,,50.71102642213232,47.0486132078537,2.2771807012068876,0.893348371188594,17.8833333333333,1.84,3.08,1.83,0.01,3.11,-0.0299999999999998
GRC,2020,1.2807692307692309,2.495442561205273,Greece,-4.939945100630492,-13.6535945800228,3875.375,-7.2954894731895,,49.32926357029954,44.10523773323168,-9.196231624975551,0.877541570440429,17.6166666666667,1.48,2.8,1.84,-0.3600000000000001,3.08,-0.2800000000000002
GRC,2021,1.2807692307692309,2.4749717514124296,Greece,-6.624929014128787,26.486362206249,3928.0,17.373217733605344,,51.17650292537031,54.93702240451992,8.654498078108375,0.845553392731664,14.7916666666667,1.39,2.85,1.48,-0.09,2.8,0.0500000000000002
IRL,1988,2.7142857142857144,5.414757281553398,Ireland,,-0.908121804465972,1099.3,,,28.1405808410709,11.28903032021208,,0.834101524870783,16.225,,,,,,
IRL,1989,2.7142857142857144,5.408262548262548,Ireland,,25.6987689299745,1098.5,,,30.22486137884075,12.307167514214992,,0.896001256194206,14.7333333333333,,,,,,
IRL,1990,4.78125,5.686654205607477,Ireland,,-6.52744343772807,1150.6,,,30.773834874679807,8.63435585222023,,0.767778872574165,13.45,,,,,,
IRL,1991,4.9375,5.646119402985075,Ireland,,-10.2863139072841,1146.8,,,31.655412597954307,8.70302904614587,,0.789290351852886,14.7583333333333,,,,,,
IRL,1992,4.9375,5.688236397748593,Ireland,,-5.90650118437763,1155.0,,,32.50753678289036,12.32293711668704,,0.746277974446098,15.3916666666667,,,,,,
IRL,1993,5.020625,5.644272388059702,Ireland,,21.9169401727528,1173.7,,,32.16236565111648,10.870192222103196,,0.867601447840006,15.6416666666667,,,,,,
IRL,1994,5.020625,5.630410447761194,Ireland,,16.7968508491662,1213.0,,,33.30798107382812,15.248262232799227,,0.850375334575984,14.3416666666667,,,,,,
IRL,1995,4.863333333333333,4.126849056603773,Ireland,,8.32973332095196,1272.2,,,34.22764515096803,20.5720418253357,,0.792898524225756,12.2916666666667,,,,,,
IRL,1996,3.1805882352941177,4.38942748091603,Ireland,,24.6708066200605,1319.2,,,34.42187199233934,15.679832953988498,,0.794083613098956,11.6666666666667,,,,,,
IRL,1997,4.259375,4.3808206106870236,Ireland,,35.2055385582224,1371.6,,,34.832079105573825,22.68053054710871,,0.838566770446592,9.875,,,,,,
IRL,1998,3.639375,3.909942748091603,Ireland,,41.0242029115819,1520.75,27.775774987252277,,36.08510430845543,26.432742349930617,8.766126097231291,0.892572963382447,7.55,,,,,,
IRL,1999,3.639375,3.5024045801526715,Ireland,,4.77423758268813,1614.425,12.616007062338069,,36.26473171598427,26.41058343033453,10.52988505221042,0.938562898111359,5.93333333333333,,,,,,
IRL,2000,2.2105882352941175,3.253950381679389,Ireland,,6.65240878929475,1692.05,21.686535221847866,,40.21586404541537,71.17342868853022,9.40352454490585,1.0850960701302,4.4,2.41,3.75,,,,
IRL,2001,3.0343750000000003,3.048435114503817,Ireland,,7.09949039364981,1745.2,13.10129667269956,,41.669709910816586,62.32490279092815,5.30582136034704,1.11663108833636,4.175,3.37,4.07,2.41,0.96,3.75,0.3200000000000003
IRL,2002,2.1754545454545453,5.0311731843575425,Ireland,0.1712469886054662,-18.3284909955808,1776.975,5.33844462808765,,43.37367189394763,63.96890799305389,5.899366511506656,1.06106513282085,4.725,2.45,3.91,3.37,-0.92,4.07,-0.1600000000000001
IRL,2003,2.1754545454545453,3.7698324022346372,Ireland,0.4676935964789064,-7.08396307121978,1810.475,-2.4174581096960583,,44.239568993980015,70.9741342688347,3.013838371432116,0.885163216727309,4.85,2.52,4.01,2.45,0.0699999999999998,3.91,0.0999999999999996
IRL,2004,2.1754545454545453,2.4107532956685502,Ireland,-0.1117186736072027,25.5117407616202,1864.85,1.9039572856049387,,44.5084720626635,82.47744448336537,6.788138906190183,0.804862094234843,4.74166666666667,2.24,3.64,2.52,-0.2799999999999998,4.01,-0.3699999999999996
IRL,2005,2.1754545454545453,2.3746182495344508,Ireland,-3.938065068470632,19.8651301436803,1951.95,12.723173441599569,,45.71408549927276,92.01563293424704,5.739782452789608,0.804619415077062,4.63333333333333,2.46,3.54,2.24,0.2199999999999997,3.64,-0.1
IRL,2006,2.1754545454545453,2.404245810055866,Ireland,-5.67805561478065,22.0241664455619,2043.65,9.30176093270962,,48.20454790749923,98.22608346456612,4.98785466913223,0.796697220760242,4.79166666666667,2.3,3.33,2.46,-0.1600000000000001,3.54,-0.2099999999999999
IRL,2007,1.2424,2.3681573896353165,Ireland,-6.507545338759997,9.37904951692612,2221.275,9.351270715674168,,50.93854586138084,87.32828873631803,5.310116999961107,0.730485427146717,5.0,2.24,3.23,2.3,-0.0599999999999996,3.33,-0.1
IRL,2008,1.3596000000000001,2.3385604606525914,Ireland,-6.172903439210266,-43.7409201338604,2198.875,-2.785985380652625,,52.4706515806236,61.245367850659925,-4.484069822218163,0.683982339822683,6.79166666666667,1.72,2.99,2.24,-0.5200000000000002,3.23,-0.2399999999999997
IRL,2009,1.5495833333333333,2.342096153846154,Ireland,-4.631918688973937,-44.6830382173024,2015.15,-1.7026364134523964,,45.985121715545816,37.11941466028743,-5.095781699423932,0.719800423489554,12.6583333333333,1.85,3.23,1.72,0.1300000000000001,2.99,0.2399999999999997
IRL,2010,1.5495833333333333,2.338771593090211,Ireland,-1.2352149896124696,7.89746067430903,1925.425,0.568424642268315,,47.30695580812268,34.22409402991908,1.6829722019479518,0.755043518257105,14.575,2.13,3.08,1.85,0.2799999999999998,3.23,-0.1499999999999999
IRL,2011,1.3084,2.3352015355086375,Ireland,-2.047060983807111,-4.87278088076022,1888.3,2.642303059168978,,50.258188084429754,30.07862460041232,1.6088668242037445,0.719158754470168,15.4083333333333,1.59,3.0,2.13,-0.5399999999999998,3.08,-0.08
IRL,2012,1.3144736842105265,2.4169187145557656,Ireland,-3.650563351793489,14.3337734520208,1880.425,-1.0149269456795025,,50.661216427636035,33.80618014358328,-0.4050295980524742,0.778006210395884,15.4833333333333,1.46,2.84,1.59,-0.1300000000000001,3.0,-0.1600000000000001
IRL,2013,1.2807692307692309,2.391058601134216,Ireland,2.40221544934821,26.9472287708859,1937.775,8.551577790462733,,50.32798645003729,38.64558548218782,2.19293758384941,0.753297658306669,13.775,1.49,2.95,1.46,0.03,2.84,0.1100000000000003
IRL,2014,1.2807692307692309,2.3343238095238097,Ireland,2.1102311911254454,19.9894587253258,1988.725,14.385426252215538,,50.26148758152637,49.02810039522806,9.385793373763772,0.753695140645586,11.8833333333333,2.03,3.07,1.49,0.5399999999999998,2.95,0.1199999999999996
IRL,2015,1.2807692307692309,2.388544423440454,Ireland,6.4776347880579355,27.9164488691587,2056.925,32.697698104463626,,49.83452010831411,68.82751265659478,24.62398553419168,0.901451643908024,9.925,2.02,3.09,2.03,-0.0099999999999997,3.07,0.02
IRL,2016,1.2807692307692309,2.4278260869565216,Ireland,-1.3371388696700004,-1.00740312354975,2132.125,17.49017083199831,,50.0201247735963,49.80187121972643,1.2227165737003889,0.904281526915114,8.40833333333333,2.09,3.29,2.02,0.0699999999999998,3.09,0.2000000000000001
IRL,2017,1.2807692307692309,2.386508538899431,Ireland,1.074204554667355,10.3564769172144,2193.95,4.2107753911480765,,50.37227186827948,58.185188263352565,10.108857591551187,0.887107173889516,6.749999999999999,1.96,3.27,2.09,-0.1299999999999999,3.29,-0.02
IRL,2018,1.2807692307692309,2.4436723163841805,Ireland,5.032090232532922,-2.486050297574,2257.275,-2.037901946403177,,50.66321679577776,57.71736348947752,7.688659517046031,0.847324485146496,5.8,1.83,3.11,1.96,-0.1299999999999999,3.27,-0.1600000000000001
IRL,2019,1.2807692307692309,2.475517890772128,Ireland,-17.69250242483274,-5.21603055031958,2322.325,40.366781759164965,,51.36950509902893,63.424164911707095,4.972880076660023,0.893348371188594,5.008333333333333,1.84,3.08,1.83,0.01,3.11,-0.0299999999999998
IRL,2020,1.2807692307692309,2.495442561205273,Ireland,-7.883118593442881,1.4403888544694,2294.075,0.1894993771623876,,50.57146241062482,66.27417715597166,7.153695085212541,0.877541570440429,5.858333333333333,1.48,2.8,1.84,-0.3600000000000001,3.08,-0.2800000000000002
IRL,2021,1.2807692307692309,2.4749717514124296,Ireland,12.825894356503264,28.1391941199908,2427.125,-9.215023801478443,,53.09208644568159,87.2417811302475,16.258188066310733,0.845553392731664,6.258333333333333,1.39,2.85,1.48,-0.09,2.8,0.0500000000000002
ITA,1988,2.7142857142857144,5.414757281553398,Italy,,-19.3798371848975,20818.0,5.9618478748619905,,25.481512528270624,106.8040729261022,4.194377269767207,0.672275078716639,9.7,,,,,,
ITA,1989,2.7142857142857144,5.408262548262548,Italy,,23.6277620527692,20833.0,8.549332670223956,,27.519088641273747,110.9658778693698,3.388383510715871,0.70841748998504,9.7,,,,,,
ITA,1990,4.78125,5.686654205607477,Italy,,0.685330145201908,21215.0,9.63011945148332,,29.192187381058854,112.4062423397888,2.052581478418878,0.618909204294856,8.86666666666667,,,,,,
ITA,1991,4.9375,5.646119402985075,Italy,,-15.293081569799,21410.0,2.2179661252178566,,30.71162604315941,73.72923821277685,1.5337343135494617,0.640740082736395,8.51666666666667,,,,,,
ITA,1992,4.9375,5.688236397748593,Italy,,-16.8128760484884,21270.0,6.934820490874009,,31.67589762755175,73.24231019372094,0.8342754667871962,0.636288805280255,8.79166666666666,,,,,,
ITA,1993,5.020625,5.644272388059702,Italy,,18.4747038848451,20305.197,-11.645218498574296,,32.69760058781044,70.79071490285375,-0.8528057545914571,0.811693703185334,9.725,,,,,,
ITA,1994,5.020625,5.630410447761194,Italy,,24.6898664386398,19972.181,7.767265827744854,,33.641275661314566,77.8872836090701,2.1510236485412997,0.832871306687601,10.65,,,,,,
ITA,1995,4.863333333333333,4.126849056603773,Italy,2.395717668270541,-8.36587378595314,19851.253,9.308224375161426,,35.88826430654713,90.25373671078566,2.8868367361740974,0.841326282835899,11.1833333333333,,,,,,
ITA,1996,3.1805882352941177,4.38942748091603,Italy,3.3086339495680868,0.615801219736931,19950.717,-2.7146427997172142,,36.60718769703516,69.49509154609721,1.1346847056291065,0.79691583560144,11.1666666666667,,,,,,
ITA,1997,4.259375,4.3808206106870236,Italy,2.9414555927808244,36.894591698841,20027.453,10.504035994834789,,36.33224023177728,73.23744850619464,1.9256602690964029,0.879402881140888,11.2166666666667,,,,,,
ITA,1998,3.639375,3.909942748091603,Italy,2.0128563482647825,60.105684825045,20424.05,9.178847495812027,,36.97858643361256,73.14268200042652,1.8043752546570764,0.896773315016328,11.3,,,,,,
ITA,1999,3.639375,3.5024045801526715,Italy,0.7574168733749673,11.3357805038787,20682.3,4.495043702472316,,37.43163354363797,76.58342967851277,1.6779635492664495,0.938562898111359,10.8666666666667,,,,,,
ITA,2000,2.2105882352941175,3.253950381679389,Italy,-0.2981728828666364,29.8688668765794,21072.925,10.897453349523293,,38.79753874803998,79.80534590367179,3.88209235407289,1.0850960701302,10.05,2.41,3.75,,,,
ITA,2001,3.0343750000000003,3.048435114503817,Italy,0.118368967432025,-18.8446905006566,21506.75,2.3750428601005327,,39.96651449421044,79.79912191704486,2.006436131813601,1.11663108833636,9.00833333333333,3.37,4.07,2.41,0.96,3.75,0.3200000000000003
ITA,2002,2.1754545454545453,5.0311731843575425,Italy,-0.4883529203572446,-20.6878250847932,21820.725,0.6284728272830803,,40.757562786961515,80.08304107802516,0.2699411126677309,1.06106513282085,8.475,2.45,3.91,3.37,-0.92,4.07,-0.1600000000000001
ITA,2003,2.1754545454545453,3.7698324022346372,Italy,-0.7711775797582654,-9.7945462926308,22047.15,0.7444951919067174,,41.91750845951617,79.81764881011921,0.0666256883338118,0.885163216727309,8.43333333333333,2.52,4.01,2.45,0.0699999999999998,3.91,0.0999999999999996
ITA,2004,2.1754545454545453,2.4107532956685502,Italy,-0.4739959909953207,15.1362494251696,22362.4,4.500193178562675,,42.58011790760545,81.22632617353402,1.474017000976973,0.804862094234843,8.05,2.24,3.64,2.52,-0.2799999999999998,4.01,-0.3699999999999996
ITA,2005,2.1754545454545453,2.3746182495344508,Italy,-0.8841315142739417,18.9860420232515,22406.9,3.506470837969487,,43.29283226249211,79.66621256745024,0.7623839392364339,0.804619415077062,7.78333333333333,2.46,3.54,2.24,0.2199999999999997,3.64,-0.1
ITA,2006,2.1754545454545453,2.404245810055866,Italy,-1.4868036961177704,15.7236276435462,22757.425,8.090228699018763,,44.23003767007552,84.06131292249714,1.7995138625601537,0.796697220760242,6.86666666666667,2.3,3.33,2.46,-0.1600000000000001,3.54,-0.2099999999999999
ITA,2007,1.2424,2.3681573896353165,Italy,-1.3917897004661288,9.72130352651671,22893.95,5.351686185117855,,44.88965027823611,88.29599699375578,1.4623405487026118,0.730485427146717,6.15,2.24,3.23,2.3,-0.0599999999999996,3.33,-0.1
ITA,2008,1.3596000000000001,2.3385604606525914,Italy,-2.76372753564476,-30.6156059321669,23090.175,-4.115340141519639,,47.12090121889904,83.18324061869012,-1.023096758408102,0.683982339822683,6.775,1.72,2.99,2.24,-0.5200000000000002,3.23,-0.2399999999999997
ITA,2009,1.5495833333333333,2.342096153846154,Italy,-1.871471291237601,-28.4468406747225,22698.325,-13.384658694508015,,46.18647692452505,64.67706882975737,-5.305231249682874,0.719800423489554,7.875,1.85,3.23,1.72,0.1300000000000001,2.99,0.2399999999999997
ITA,2010,1.5495833333333333,2.338771593090211,Italy,-3.230420679181215,6.14201543843442,22526.125,11.982786705815966,,47.260523393133695,73.40456742803877,1.5291565956046975,0.755043518257105,8.54166666666667,2.13,3.08,1.85,0.2799999999999998,3.23,-0.1499999999999999
ITA,2011,1.3084,2.3352015355086375,Italy,-2.738081663894487,-8.66313687647458,22597.65,0.1527134047081827,,49.18101429239009,70.64033765986946,0.6954850830385807,0.719158754470168,8.50833333333333,1.59,3.0,2.13,-0.5399999999999998,3.08,-0.08
ITA,2012,1.3144736842105265,2.4169187145557656,Italy,-0.1961708138652585,-15.5906221841615,22565.325,-8.160595737096589,,50.76486731171846,61.249904195312546,-3.1252106517754052,0.778006210395884,10.8833333333333,1.46,2.84,1.59,-0.1300000000000001,3.0,-0.1600000000000001
ITA,2013,1.2807692307692309,2.391058601134216,Italy,1.0271078631129686,14.6917459164366,22190.4,-2.6953609758226884,,50.45495730485162,58.80403840874,-1.8180747513738047,0.753297658306669,12.3666666666667,1.49,2.95,1.46,0.03,2.84,0.1100000000000003
ITA,2014,1.2807692307692309,2.3343238095238097,Italy,1.7472974926545417,18.5040408086466,22278.45,3.613347791646475,,50.08564505045388,58.16173844305323,-0.0014277549133217,0.753695140645586,12.825,2.03,3.07,1.49,0.5399999999999998,2.95,0.1199999999999996
ITA,2015,1.2807692307692309,2.388544423440454,Italy,1.2748000943899265,10.3434873543362,22464.2,6.323534287259571,,50.00388949925403,60.01885317414726,0.8856564718732163,0.901451643908024,12.0,2.02,3.09,2.03,-0.0099999999999997,3.07,0.02
ITA,2016,1.2807692307692309,2.4278260869565216,Italy,2.459719262379,-16.7259446711944,22757.425,3.9260409995979018,,49.890489299007434,60.948924100148744,1.2362330146198808,0.904281526915114,11.75,2.09,3.29,2.02,0.0699999999999998,3.09,0.2000000000000001
ITA,2017,1.2807692307692309,2.386508538899431,Italy,2.439166719593202,21.626595516702,23021.925,5.81633836573351,,51.163266583229046,63.04529990127564,1.603767864682065,0.887107173889516,11.2583333333333,1.96,3.27,2.09,-0.1299999999999999,3.29,-0.02
ITA,2018,1.2807692307692309,2.4436723163841805,Italy,2.5026188820749513,2.58074609885623,23213.975,2.9630391390745277,,51.69374381800197,63.73088141442141,0.8265967072063293,0.847324485146496,10.6,1.83,3.11,1.96,-0.1299999999999999,3.27,-0.1600000000000001
ITA,2019,1.2807692307692309,2.475517890772128,Italy,3.172490122673689,0.0901210650522889,23359.55,-1.125234051272113,,51.74312347188264,63.53274403429173,0.4291406828436245,0.893348371188594,9.93333333333333,1.84,3.08,1.83,0.01,3.11,-0.0299999999999998
ITA,2020,1.2807692307692309,2.495442561205273,Italy,3.8038440648077394,-6.29467031416135,22903.125,-12.4805660496578,,51.29781287970821,53.11657182609247,-8.868164582882558,0.877541570440429,9.3,1.48,2.8,1.84,-0.3600000000000001,3.08,-0.2800000000000002
ITA,2021,1.2807692307692309,2.4749717514124296,Italy,2.1080798691655223,24.9524722019569,22553.95,15.95128799035412,,53.26605829547897,74.07829590863479,8.93103002894051,0.845553392731664,9.55833333333333,1.39,2.85,1.48,-0.09,2.8,0.0500000000000002
NLD,1988,2.7142857142857144,5.414757281553398,Netherlands,,-9.41252678260004,5910.0,,,28.905506585074697,23.19494413865953,,0.897040294170588,7.375,,,,,,
NLD,1989,2.7142857142857144,5.408262548262548,Netherlands,,26.4961496149615,6030.3,7.802209199813302,,29.38642557076279,25.357949668317055,4.420857473928161,0.962456493821782,6.675,,,,,,
NLD,1990,4.78125,5.686654205607477,Netherlands,,-2.5264164891073,6274.5,3.989577069553028,,30.780279840705145,25.32939915285244,4.1824982540866245,0.826250580460526,6.08333333333333,,,,,,
NLD,1991,4.9375,5.646119402985075,Netherlands,,2.83279800142757,6420.3,6.325317460929368,,32.06568789429456,24.02365642666059,2.4398834309476025,0.848429088521932,5.675,,,,,,
NLD,1992,4.9375,5.688236397748593,Netherlands,,4.79371827686433,6613.8,2.8439868025089545,,33.04894231352345,22.89292806057213,1.7066123951909942,0.79797629149631,5.75833333333333,,,,,,
NLD,1993,5.020625,5.644272388059702,Netherlands,,15.9794667991389,6639.9,0.3877963998392515,,33.56215254032848,21.76994371658522,1.2559601538666985,0.842741709813602,6.46666666666667,,,,,,
NLD,1994,5.020625,5.630410447761194,Netherlands,,18.4323243860651,6706.5,9.031655393778491,,34.57487946157149,27.802631265153497,2.9600073232853643,0.825755203724628,7.19166666666667,,,,,,
NLD,1995,4.863333333333333,4.126849056603773,Netherlands,,4.64737793851719,6781.6,10.171609678167426,,34.77373710751727,26.9497364584052,3.1167954980492154,0.7284533808895,8.35833333333334,,,,,,
NLD,1996,3.1805882352941177,4.38942748091603,Netherlands,,29.200506883244,6931.8,5.2567094321918635,,35.44593394819117,26.539741424292647,3.415931456265153,0.765118822349583,7.675,,,,,,
NLD,1997,4.259375,4.3808206106870236,Netherlands,,49.7871202157776,7186.0,10.84583100879167,,36.25295614703074,25.92075589074453,4.245484163121371,0.885264697563049,6.5,,,,,,
NLD,1998,3.639375,3.909942748091603,Netherlands,,25.3437704625275,7402.0,8.346943167967742,,36.86748482803794,28.2404574776657,4.653712012118476,0.900526838830881,5.13333333333333,,,,,,
NLD,1999,3.639375,3.5024045801526715,Netherlands,,10.5596846579441,7604.6,9.843250461700526,,37.74067292360862,29.673609919246317,5.0384146343984275,0.938562898111359,4.23333333333333,,,,,,
NLD,2000,2.2105882352941175,3.253950381679389,Netherlands,,21.0036512027491,7869.8,11.365461220815108,,38.707761169009785,52.5846302373644,4.227832183827141,1.0850960701302,3.66666666666667,2.41,3.75,,,,
NLD,2001,3.0343750000000003,3.048435114503817,Netherlands,,-18.2862584377158,8067.9,2.545555545412941,,41.165003969311385,41.0248458840729,2.3279071917996905,1.11663108833636,3.075,3.37,4.07,2.41,0.96,3.75,0.3200000000000003
NLD,2002,2.1754545454545453,5.0311731843575425,Netherlands,,-23.0146653937761,8167.425,0.2896912486994906,,42.015848856897165,39.91921476598671,0.2462086917255736,1.06106513282085,3.66666666666667,2.45,3.91,3.37,-0.92,4.07,-0.1600000000000001
NLD,2003,2.1754545454545453,3.7698324022346372,Netherlands,,-25.6749817305603,8121.125,2.155674220493352,,42.26266586165493,37.61204382346051,0.0981712771585482,0.885163216727309,5.90833333333333,2.52,4.01,2.45,0.0699999999999998,3.91,0.0999999999999996
NLD,2004,2.1754545454545453,2.4107532956685502,Netherlands,7.472363139242866,12.5563500183167,8105.475,6.402154129270113,,42.3693236959159,40.67519458364167,2.0133911687161676,0.804862094234843,6.775,2.24,3.64,2.52,-0.2799999999999998,4.01,-0.3699999999999996
NLD,2005,2.1754545454545453,2.3746182495344508,Netherlands,7.5127619145782845,15.8138460319093,7831.4,5.475554252037296,,43.286148422681435,41.87357566261088,2.028841787324233,0.804619415077062,6.95833333333333,2.46,3.54,2.24,0.2199999999999997,3.64,-0.1
NLD,2006,2.1754545454545453,2.404245810055866,Netherlands,9.25364884096474,20.9590429373529,7956.45,7.604533843954385,,43.46033386592189,43.47722860177771,3.539020706808091,0.796697220760242,6.08333333333333,2.3,3.33,2.46,-0.1600000000000001,3.54,-0.2099999999999999
NLD,2007,1.2424,2.3681573896353165,Netherlands,6.865019553760902,15.6760257515276,8186.55,7.721614808589713,,44.409012632343824,47.88455220078786,3.882140661221994,0.730485427146717,5.30833333333333,2.24,3.23,2.3,-0.0599999999999996,3.33,-0.1
NLD,2008,1.3596000000000001,2.3385604606525914,Netherlands,4.376321893153033,-24.2517144849261,8377.875,-0.5968340406761785,,45.92950099144728,45.84103130168752,2.1267006559586417,0.683982339822683,4.75833333333333,1.72,2.99,2.24,-0.5200000000000002,3.23,-0.2399999999999997
NLD,2009,1.5495833333333333,2.342096153846154,Netherlands,2.996951991752443,-29.7673543182467,8383.4,-7.8923483703332495,,45.81280510177443,38.14563994403726,-3.670183101356949,0.719800423489554,5.425,1.85,3.23,1.72,0.1300000000000001,2.99,0.2399999999999997
NLD,2010,1.5495833333333333,2.338771593090211,Netherlands,6.3374011169838695,22.4909284743209,8289.675,8.435826750501622,,46.43223618111677,40.854067318623535,1.3168086443635474,0.755043518257105,6.06666666666667,2.13,3.08,1.85,0.2799999999999998,3.23,-0.1499999999999999
NLD,2011,1.3084,2.3352015355086375,Netherlands,7.45777543276143,-1.26478779671409,8291.375,4.674302926236187,,48.03720175542353,41.99579735106539,1.7768664173799495,0.719158754470168,6.05,1.59,3.0,2.13,-0.5399999999999998,3.08,-0.08
NLD,2012,1.3144736842105265,2.4169187145557656,Netherlands,7.499079219160267,-2.12980694581026,8345.05,2.8853496103212906,,49.245273826458025,37.371348039100994,-0.9773727291050052,0.778006210395884,6.81666666666667,1.46,2.84,1.59,-0.1300000000000001,3.0,-0.1600000000000001
NLD,2013,1.2807692307692309,2.391058601134216,Netherlands,7.836312887036328,10.5638039080886,8285.1,2.8667050208092197,,50.47469926328945,36.51650709910946,-0.0321067225217534,0.753297658306669,8.19166666666667,1.49,2.95,1.46,0.03,2.84,0.1100000000000003
NLD,2014,1.2807692307692309,2.3343238095238097,Netherlands,8.252210122192642,11.677124655843,8235.75,3.9590276977123393,,50.18968420651648,38.73319761417315,1.6124474952440275,0.753695140645586,8.35,2.03,3.07,1.49,0.5399999999999998,2.95,0.1199999999999996
NLD,2015,1.2807692307692309,2.388544423440454,Netherlands,4.603875160534837,14.5633601865224,8318.1,15.407783846894796,,50.30012407363938,40.80543863222387,2.121038660846161,0.901451643908024,7.89166666666667,2.02,3.09,2.03,-0.0099999999999997,3.07,0.02
NLD,2016,1.2807692307692309,2.4278260869565216,Netherlands,7.377906508066792,-5.19277208370962,8426.9,-2.23770833258109,,50.31666666666668,45.34528621598996,2.4248087288891496,0.904281526915114,7.0,2.09,3.29,2.02,0.0699999999999998,3.09,0.2000000000000001
NLD,2017,1.2807692307692309,2.386508538899431,Netherlands,8.470584237721473,16.5666269465232,8604.525,7.610804567338609,,51.54197935703608,47.307611287240825,2.782872366850703,0.887107173889516,5.875,1.96,3.27,2.09,-0.1299999999999999,3.29,-0.02
NLD,2018,1.2807692307692309,2.4436723163841805,Netherlands,8.863241610526423,1.93635822574321,8796.925,5.533232609002641,,52.56924897372236,48.15344377721534,2.2602011284860843,0.847324485146496,4.86666666666667,1.83,3.11,1.96,-0.1299999999999999,3.27,-0.1600000000000001
NLD,2019,1.2807692307692309,2.475517890772128,Netherlands,6.735605494026457,2.19648479468362,8981.925,4.000644919207085,,54.39643288458131,48.41392333169428,2.300029209244827,0.893348371188594,4.43333333333333,1.84,3.08,1.83,0.01,3.11,-0.0299999999999998
NLD,2020,1.2807692307692309,2.495442561205273,Netherlands,5.495266978903386,-2.12969126732206,8980.975,-4.11460678755486,,54.39123018894584,54.42180936827427,-3.8766150781168474,0.877541570440429,4.85,1.48,2.8,1.84,-0.3600000000000001,3.08,-0.2800000000000002
NLD,2021,1.2807692307692309,2.4749717514124296,Netherlands,10.572881069441738,29.5245738293202,9282.175,6.5326618162825625,,56.53119337736028,52.2191928547053,6.277841581453701,0.845553392731664,4.225,1.39,2.85,1.48,-0.09,2.8,0.0500000000000002
PRT,1988,2.7142857142857144,5.414757281553398,Portugal,,,4280.0,,,22.54785744338095,57.398891326083515,,0.718000119711495,5.84166666666667,,,,,,
PRT,1989,2.7142857142857144,5.408262548262548,Portugal,,1.03932915659613,4377.0,,,26.0599210077724,60.49513603340935,,0.783609293269886,5.18333333333333,,,,,,
PRT,1990,4.78125,5.686654205607477,Portugal,,-0.481265815485752,4658.0,,,29.2195626073629,65.64428955745994,,0.709849055443049,4.8,,,,,,
PRT,1991,4.9375,5.646119402985075,Portugal,,-16.1854533363919,4568.0,,,30.98381070780085,61.133147451306264,,0.720033635604859,4.18333333333333,,,,,,
PRT,1992,4.9375,5.688236397748593,Portugal,,-11.5497853453768,4498.1,,,32.23416039102421,57.941121708594,,0.672350344004283,4.125,,,,,,
PRT,1993,5.020625,5.644272388059702,Portugal,,14.499174828106,4418.2,,,32.70887511432459,53.83464987752145,,0.801343221170313,5.5,,,,,,
PRT,1994,5.020625,5.630410447761194,Portugal,,34.1096370258772,4408.9,,,33.616314882993024,56.504277153902734,,0.828182247450311,6.825,,,,,,
PRT,1995,4.863333333333333,4.126849056603773,Portugal,,-3.27998319072014,4381.6,,,34.32261041648982,60.88467284551832,,0.74787133840777,7.18333333333333,,,,,,
PRT,1996,3.1805882352941177,4.38942748091603,Portugal,-4.553607438289423,15.5760270278369,4409.1,5.920804164226402,,34.73424550468126,64.73769919880412,3.504246560818756,0.769213279330148,7.24166666666667,,,,,,
PRT,1997,4.259375,4.3808206106870236,Portugal,-6.137059645488029,56.9205640868588,4491.0,10.306298693312856,,35.1440211618395,65.24313722821178,4.400867681174734,0.873696183863556,6.74166666666667,,,,,,
PRT,1998,3.639375,3.909942748091603,Portugal,-7.568716078835665,58.3972003824795,4847.875,14.654402537640395,,36.13607355059605,69.11246429765927,4.807962854204165,0.898580130219504,6.1,,,,,,
PRT,1999,3.639375,3.5024045801526715,Portugal,-8.927346062016825,-8.45915665273962,4924.8,9.022048148904943,,36.8352608657146,69.0270389436742,3.9065777620682502,0.938562898111359,5.725,,,,,,
PRT,2000,2.2105882352941175,3.253950381679389,Portugal,-10.797195338633822,21.1004491860498,5039.975,5.543871319279563,,38.10926798897782,109.39351591676817,3.8161773607625777,1.0850960701302,5.26666666666667,2.41,3.75,,,,
PRT,2001,3.0343750000000003,3.048435114503817,Portugal,-10.42595082530713,-23.0189687840713,5127.775,1.0200477400417347,,40.47070527213728,98.24593796833132,1.9436723318518792,1.11663108833636,5.375,3.37,4.07,2.41,0.96,3.75,0.3200000000000003
PRT,2002,2.1754545454545453,5.0311731843575425,Portugal,-8.436276018275324,-18.3034508731744,5143.0,-0.2603148970250536,,41.46434673300915,98.8054231818087,0.7709245036052244,1.06106513282085,6.46666666666667,2.45,3.91,3.37,-0.92,4.07,-0.1600000000000001
PRT,2003,2.1754545454545453,3.7698324022346372,Portugal,-6.715545729059405,-6.97777819336197,5092.5,-0.2365490325071147,,42.55045503132165,90.8132006971474,-0.930520921213716,0.885163216727309,7.80833333333333,2.52,4.01,2.45,0.0699999999999998,3.91,0.0999999999999996
PRT,2004,2.1754545454545453,2.4107532956685502,Portugal,-7.983559391056099,27.5202636854953,5061.05,7.418124565781918,,43.09204251545955,87.13366732537934,1.788735503581621,0.804862094234843,8.16666666666666,2.24,3.64,2.52,-0.2799999999999998,4.01,-0.3699999999999996
PRT,2005,2.1754545454545453,2.3746182495344508,Portugal,-9.684026463663034,11.3291118785369,5047.05,2.1983464466141633,,44.00228834058086,91.33829383354563,0.7818476787839617,0.804619415077062,9.23333333333334,2.46,3.54,2.24,0.2199999999999997,3.64,-0.1
PRT,2006,2.1754545454545453,2.404245810055866,Portugal,-10.145014775602544,29.5625283221933,5078.1,7.584467096591746,,45.74959969256067,84.75285417448725,1.6250351021744986,0.796697220760242,9.3,2.3,3.33,2.46,-0.1600000000000001,3.54,-0.2099999999999999
PRT,2007,1.2424,2.3681573896353165,Portugal,-9.609230213871854,30.3921249837758,5091.25,5.613993524545493,,46.507298381019,82.11865154352178,2.506579377325938,0.730485427146717,9.58333333333333,2.24,3.23,2.3,-0.0599999999999996,3.33,-0.1
PRT,2008,1.3596000000000001,2.3385604606525914,Portugal,-11.804844026495788,-25.1309743147843,5115.95,2.2489058544336595,,47.746652979449465,75.75242431294646,0.3192473069317215,0.683982339822683,9.24166666666667,1.72,2.99,2.24,-0.5200000000000002,3.23,-0.2399999999999997
PRT,2009,1.5495833333333333,2.342096153846154,Portugal,-10.406374542262814,-16.2682187345355,4968.425,-9.50382867046893,,45.6465109352788,61.739845509138654,-3.122078245337053,0.719800423489554,11.225,1.85,3.23,1.72,0.1300000000000001,2.99,0.2399999999999997
PRT,2010,1.5495833333333333,2.338771593090211,Portugal,-10.135622766888687,7.62745689260374,4897.875,7.789012585093976,,47.41164744602606,63.42899086025604,1.737624769277743,0.755043518257105,12.5833333333333,2.13,3.08,1.85,0.2799999999999998,3.23,-0.1499999999999999
PRT,2011,1.3084,2.3352015355086375,Portugal,-6.106560285991673,-4.50554344936231,4738.175,-6.195777889096543,,50.24320112605844,57.61511072123782,-1.7135278132150018,0.719158754470168,13.533333333333331,1.59,3.0,2.13,-0.5399999999999998,3.08,-0.08
PRT,2012,1.3144736842105265,2.4169187145557656,Portugal,-0.9788693314570848,-17.1607429015808,4545.5,-6.297527113310442,,51.14612377394466,50.251369836490106,-4.050902319037878,0.778006210395884,16.566666666666666,1.46,2.84,1.59,-0.1300000000000001,3.0,-0.1600000000000001
PRT,2013,1.2807692307692309,2.391058601134216,Portugal,1.6567901561912586,19.8670184572256,4427.85,4.707323123572659,,50.03321107342063,48.857328962493774,-0.9841067316943312,0.753297658306669,17.241666666666667,1.49,2.95,1.46,0.03,2.84,0.1100000000000003
PRT,2014,1.2807692307692309,2.3343238095238097,Portugal,0.6275070799269991,6.9275333551481,4498.3,8.008046581997846,,49.61813864450038,48.82594085632684,0.7413911750484661,0.753695140645586,14.65,2.03,3.07,1.49,0.5399999999999998,2.95,0.1199999999999996
PRT,2015,1.2807692307692309,2.388544423440454,Portugal,0.595698020476893,-7.86623139477645,4547.4,8.06564283065219,,50.24396931195237,50.2723300626623,1.5897978649057238,0.901451643908024,12.983333333333333,2.02,3.09,2.03,-0.0099999999999997,3.07,0.02
PRT,2016,1.2807692307692309,2.4278260869565216,Portugal,1.2340033661182257,-2.83400971246294,4604.425,5.220515461557129,,50.60739707464184,48.70915295810033,2.004141987402397,0.904281526915114,11.475,2.09,3.29,2.02,0.0699999999999998,3.09,0.2000000000000001
PRT,2017,1.2807692307692309,2.386508538899431,Portugal,1.3130167351040516,15.1238826133196,4755.425,8.028525679887327,,51.67646911480891,51.48509948986271,3.3147194052107047,0.887107173889516,9.241666666666667,1.96,3.27,2.09,-0.1299999999999999,3.29,-0.02
PRT,2018,1.2807692307692309,2.4436723163841805,Portugal,0.7210661107006113,9.55662339337616,4866.05,4.906791269170399,,51.99573701002161,51.514515966946824,2.9462829424096264,0.847324485146496,7.1499999999999995,1.83,3.11,1.96,-0.1299999999999999,3.27,-0.1600000000000001
PRT,2019,1.2807692307692309,2.475517890772128,Portugal,0.7551356482008873,2.32577319811382,4912.1,5.062938127968561,,51.84212646407308,50.67447680864009,2.745685193381552,0.893348371188594,6.65,1.84,3.08,1.83,0.01,3.11,-0.0299999999999998
PRT,2020,1.2807692307692309,2.495442561205273,Portugal,-0.6476309568501122,2.21667562818092,4813.05,-11.590375954668158,,51.6603908311982,43.519997771627914,-8.204631139980734,0.877541570440429,7.108333333333333,1.48,2.8,1.84,-0.3600000000000001,3.08,-0.2800000000000002
PRT,2021,1.2807692307692309,2.4749717514124296,Portugal,-0.772432469466092,21.4938435240929,4782.875,12.258843536925538,,52.95336075612472,51.04738098207034,5.558758409637329,0.845553392731664,6.7333333333333325,1.39,2.85,1.48,-0.09,2.8,0.0500000000000002
SWE,1988,2.7142857142857144,5.414757281553398,Sweden,,9.15076714129069,4375.0,4.5091826106024655,10.987525437527513,31.10746815793596,34.6272304974225,2.601605926665066,6.12875986851993,1.8,0.99,4.4,,,,
SWE,1989,2.7142857142857144,5.408262548262548,Sweden,,38.9410541621573,4442.0,7.689031196756931,13.112999833446551,33.23333959797101,37.115524032871846,2.7461687998165365,6.44622656923115,1.55833333333333,4.31,4.31,0.99,3.3199999999999994,4.4,-0.0900000000000007
SWE,1990,4.78125,5.686654205607477,Sweden,,-4.96422514600304,4485.0,0.66129808488544,15.04696324272628,38.306157430115505,34.00420306222665,1.0287217774428254,5.91836925388358,1.71666666666667,,,4.31,,4.31,
SWE,1991,4.9375,5.646119402985075,Sweden,,-8.39662239154816,4396.0,-4.906828330691187,16.76508233524843,40.9735270471658,32.91708378242537,-1.079469323821914,6.04546458315185,3.1,,,,,,
SWE,1992,4.9375,5.688236397748593,Sweden,,-14.676593016174,4209.0,1.4863305222919097,12.453822909400824,38.29913394669019,34.15406654271028,-1.182429588963643,5.82302467608041,5.55833333333333,,,,,,
SWE,1993,5.020625,5.644272388059702,Sweden,-1.1886900443257018,30.826686133904,3964.0,-2.1597379753258914,16.12633073455405,41.230754076286374,34.56612357518669,-1.995281371638784,7.78543950420439,9.05,,,,,,
SWE,1994,5.020625,5.630410447761194,Sweden,1.009527717344348,27.4881589619426,3928.0,12.864068601494742,15.559757860385307,40.78453288139393,47.09526027328008,4.015785782867229,7.71570436735397,9.35833333333334,,,,,,
SWE,1995,4.863333333333333,4.126849056603773,Sweden,3.141532913045394,11.3629728204957,3986.0,7.241767812767176,13.797564303558678,41.9078662987193,41.3087140460109,4.094384206753849,7.13361872263263,8.8,,,,,,
SWE,1996,3.1805882352941177,4.38942748091603,Sweden,3.192361025483401,21.7485662560414,3963.0,3.571854337061628,19.41238005853418,41.16373764476921,38.73235198116245,1.7047019165564372,6.70707939700602,9.55833333333333,,,,,,
SWE,1997,4.259375,4.3808206106870236,Sweden,3.7829953096103286,45.6168814931566,3922.0,12.424245227076751,17.507354217898644,41.49564795620046,40.041013438134584,3.065009482219735,7.63461683850189,9.89166666666667,,,,,,
SWE,1998,3.639375,3.909942748091603,Sweden,3.524606394931193,15.561008798107,3979.0,10.97168567756374,17.615693185344607,40.922907476707714,43.165531058783166,4.24583705776395,7.94707818958216,8.2,,,,,,
SWE,1999,3.639375,3.5024045801526715,Sweden,3.8061024589733687,15.9577949557072,4068.0,5.578451296050848,32.087997037124964,41.477314757416416,44.2826733623036,4.201114986353428,8.2623434051485,6.73333333333333,,,,,,
SWE,2000,2.2105882352941175,3.253950381679389,Sweden,3.8944634608870543,48.9818465681245,4159.0,12.556751818125766,26.661378190779587,42.06666161078107,47.85666555595429,4.631126829801592,9.16059325270484,5.6,2.41,3.75,,,,
SWE,2001,3.0343750000000003,3.048435114503817,Sweden,4.651187304892315,-29.7414545363883,4318.1,-1.3684880363007506,23.01621804270101,43.82135875664798,45.679883794538334,1.3608101485830986,10.3383767896549,5.825,3.37,4.07,2.41,0.96,3.75,0.3200000000000003
SWE,2002,2.1754545454545453,5.0311731843575425,Sweden,4.354890435099403,-23.055003548616,4323.925,-0.9530020971668725,23.388848314381537,44.61753076383613,45.77021560698478,2.2777128052351223,9.72104173495791,5.95,2.45,3.91,3.37,-0.92,4.07,-0.1600000000000001
SWE,2003,2.1754545454545453,3.7698324022346372,Sweden,5.794211004066009,-11.3881317708261,4314.4,3.2512318067255555,25.753485990781837,45.33951477471059,47.92817071962111,1.8810133315289916,8.07822306961618,6.56666666666667,2.52,4.01,2.45,0.0699999999999998,3.91,0.0999999999999996
SWE,2004,2.1754545454545453,2.4107532956685502,Sweden,5.9436534617611025,28.3233925615963,4290.025,6.892433126341808,25.31322598405271,44.72933486762072,51.32977258242733,4.179604509598772,7.34599586064327,7.375,2.24,3.64,2.52,-0.2799999999999998,4.01,-0.3699999999999996
SWE,2005,2.1754545454545453,2.3746182495344508,Sweden,6.041656955473136,21.7758093430349,4336.425,6.838512407533364,30.49198307324298,44.970944029003405,50.61556425515218,2.79315622935198,7.47387105419306,7.78333333333333,2.46,3.54,2.24,0.2199999999999997,3.64,-0.1
SWE,2006,2.1754545454545453,2.404245810055866,Sweden,8.210043229726987,26.5627081612533,4429.45,8.169063072799634,38.1394223295934,46.03308528284829,55.68545937495925,4.676077350124496,7.37330715677657,7.24166666666667,2.3,3.33,2.46,-0.1600000000000001,3.54,-0.2099999999999999
SWE,2007,1.2424,2.3681573896353165,Sweden,8.278602815449915,20.3148930795101,4540.675,8.864914241463511,43.21585683960182,47.46234680033328,58.2850322581803,3.2248568305183523,6.75773017086693,6.31666666666666,2.24,3.23,2.3,-0.0599999999999996,3.33,-0.1
SWE,2008,1.3596000000000001,2.3385604606525914,Sweden,7.968362090078498,-29.8600828085801,4592.975,2.8310111206613677,43.50540599939272,49.668074437992374,52.583123752181194,-0.9231168426374682,6.59710500074157,6.35,1.72,2.99,2.24,-0.5200000000000002,3.23,-0.2399999999999997
SWE,2009,1.5495833333333333,2.342096153846154,Sweden,5.889257853393445,-9.59588872361459,4499.325,-14.020388630312208,40.527190533583195,47.46522800740087,39.92007561942816,-4.255608459723032,7.65260470151829,8.48333333333334,1.85,3.23,1.72,0.1300000000000001,2.99,0.2399999999999997
SWE,2010,1.5495833333333333,2.338771593090211,Sweden,5.895301948354287,30.653278465163,4523.7,12.176403882633242,40.850730887269584,48.843956847507656,53.75717059376134,5.75075469070024,7.20219173724826,8.775,2.13,3.08,1.85,0.2799999999999998,3.23,-0.1499999999999999
SWE,2011,1.3084,2.3352015355086375,Sweden,5.524478469349914,1.50829124568014,4625.875,6.709679014940982,42.84913728302197,51.17473650629934,54.178153678527046,3.1638816304823623,6.48918810308049,7.95,1.59,3.0,2.13,-0.5399999999999998,3.08,-0.08
SWE,2012,1.3144736842105265,2.4169187145557656,Sweden,5.496455191694045,-0.881176427750297,4657.125,0.5510699341690162,47.430480437405805,50.579821640447875,49.23074028678346,-0.4144131826528049,6.76893428932179,8.15,1.46,2.84,1.59,-0.1300000000000001,3.0,-0.1600000000000001
SWE,2013,1.2807692307692309,2.391058601134216,Sweden,4.7591020611906965,17.0824827209799,4704.475,0.8750645265849535,46.28484178697351,50.09127984100317,46.46650477852514,1.1376493440319917,6.51300535855449,8.20833333333333,1.49,2.95,1.46,0.03,2.84,0.1100000000000003
SWE,2014,1.2807692307692309,2.3343238095238097,Sweden,3.6693181457498154,15.5352208319606,4772.125,6.502743373869057,48.94761396070856,49.93358407461868,47.71419416584066,2.2957835049042945,6.85987996196436,8.1,2.03,3.07,1.49,0.5399999999999998,2.95,0.1199999999999996
SWE,2015,1.2807692307692309,2.388544423440454,Sweden,2.9737669511568345,16.6027502487794,4836.85,5.791844727195862,53.26890092894577,49.97660762750838,51.97343274762753,4.388245006654819,8.4293252232731,7.59166666666667,2.02,3.09,2.03,-0.0099999999999997,3.07,0.02
SWE,2016,1.2807692307692309,2.4278260869565216,Sweden,2.2684402538376194,-4.58520695982578,4909.9,5.630234206859486,58.36779277692411,50.98426924457799,53.23128995066116,2.1311879885136165,8.55645321303093,7.15,2.09,3.29,2.02,0.0699999999999998,3.09,0.2000000000000001
SWE,2017,1.2807692307692309,2.386508538899431,Sweden,2.317891781703814,15.6467234480294,5021.65,4.3923887553632115,64.315127624669,52.29546502004996,58.57624878325697,1.882827070157844,8.54703068040655,6.85833333333333,1.96,3.27,2.09,-0.1299999999999999,3.29,-0.02
SWE,2018,1.2807692307692309,2.4436723163841805,Sweden,2.41846424031648,0.523605201979239,5097.275,4.181943087994861,65.53961532042943,53.37906543130863,59.04994636743811,1.7702547371753856,8.69041202169208,6.475,1.83,3.11,1.96,-0.1299999999999999,3.27,-0.1600000000000001
SWE,2019,1.2807692307692309,2.475517890772128,Sweden,5.519583885714657,6.20299088576232,5131.55,1.984218342352218,,54.22930937396518,59.044201569564514,2.608228991210878,9.45588466034569,6.90833333333333,1.84,3.08,1.83,0.01,3.11,-0.0299999999999998
SWE,2020,1.2807692307692309,2.495442561205273,Sweden,5.502384335239682,10.5995046023403,5064.325,-6.301921452085937,,53.8511995165068,55.67994205433727,-1.9337845947792516,9.20972998227618,8.48333333333334,1.48,2.8,1.84,-0.3600000000000001,3.08,-0.2800000000000002
SWE,2021,1.2807692307692309,2.4749717514124296,Sweden,6.264010060377563,37.0849427011843,5105.15,13.384120327767764,,55.84364274962674,62.56871513828008,5.22586462304481,8.57694616843905,8.89166666666667,1.39,2.85,1.48,-0.09,2.8,0.0500000000000002
