,Country Name,Country Code,year,Balance des transactions courantes en pourcentage du PIB,Cours des actions,Emploi,"Importations de biens et services, volume",M3,Prix à la consommation,"Produit intérieur brut, volume",Taux de change nominal,Taux de chômage,tariff,tariff_lag1,delta_tariff
0,Argentina,ARG,1988,,,,,,,,0.0008752604166666,,,,
1,Argentina,ARG,1989,,,,,,,,0.0423339608333333,,,,
2,Argentina,ARG,1990,,,,,,,,0.487589083333333,,,,
3,Argentina,ARG,1991,,,,,,,,0.953554416666666,,,,
4,Argentina,ARG,1992,,,,,,,,0.990641666666667,,12.66,,
5,Argentina,ARG,1993,,,,,,,,0.9988957891932688,,12.53,12.66,-0.1300000000000007
6,Argentina,ARG,1994,,,,,,,,0.9989177368460224,,,12.53,
7,Argentina,ARG,1995,,,,,,,,1.0005431726826783,,8.34,,
8,Argentina,ARG,1996,,,,,,,,1.0000604494119616,,13.33,8.34,4.99
9,Argentina,ARG,1997,,,,,,,,0.9999848712284228,,13.93,13.33,0.5999999999999996
10,Argentina,ARG,1998,,,,,,,,0.99984180697355,,15.67,13.93,1.7400000000000002
11,Argentina,ARG,1999,,,,,,,,0.9995632209312654,,11.29,15.67,-4.380000000000001
12,Argentina,ARG,2000,,,,,,,,0.9996648468799932,,10.52,11.29,-0.7699999999999996
13,Argentina,ARG,2001,,,,,,,,1.0001709909985064,,9.25,10.52,-1.2699999999999996
14,Argentina,ARG,2002,,,,,,,,3.1137521112241404,,12.01,9.25,2.76
15,Argentina,ARG,2003,,,,,,,,2.929625122158038,,12.87,12.01,0.8599999999999994
16,Argentina,ARG,2004,,,,,,,,2.923079823732376,,5.96,12.87,-6.909999999999999
17,Argentina,ARG,2005,,,,,,,,2.9173848048137643,,5.22,5.96,-0.7400000000000002
18,Argentina,ARG,2006,2.8473640039751142,,,,,,,3.074382824850258,,5.49,5.22,0.2700000000000004
19,Argentina,ARG,2007,2.141894288879981,,,,,,,3.1156936234383665,,5.83,5.49,0.3399999999999998
20,Argentina,ARG,2008,1.4952052436536842,,,,,,,3.1624426618896706,,5.39,5.83,-0.4400000000000004
21,Argentina,ARG,2009,2.184561527618452,,,,,,,3.727916299148106,,5.93,5.39,0.54
22,Argentina,ARG,2010,-0.4345357890902619,,,,,,,3.9095094520160543,,5.99,5.93,0.0600000000000005
23,Argentina,ARG,2011,-1.0229305377740363,,,,,,,4.126047825805963,,5.68,5.99,-0.3100000000000005
24,Argentina,ARG,2012,-0.3605515426730185,,,,,,,4.547838642953107,,6.02,5.68,0.3399999999999998
25,Argentina,ARG,2013,-2.194946657819238,,,,,,,5.477724294378679,,6.27,6.02,0.25
26,Argentina,ARG,2014,-1.73468318012323,,,,,,,8.122416193104732,,6.63,6.27,0.3600000000000003
27,Argentina,ARG,2015,-2.773609426507025,,,,,,,9.25788961359112,,7.35,6.63,0.7199999999999998
28,Argentina,ARG,2016,-2.727352118516108,,,,,,,14.766539437670737,,7.53,7.35,0.1800000000000006
29,Argentina,ARG,2017,-4.811433864700705,,,,,,,16.558937484625556,,7.93,7.53,0.3999999999999994
30,Argentina,ARG,2018,-5.104949785649424,,,,,,,28.10653852060199,,7.42,7.93,-0.5099999999999998
31,Argentina,ARG,2019,-0.7692248498862406,,,,,,,48.23350993000659,,7.26,7.42,-0.1600000000000001
32,Argentina,ARG,2020,0.727382636828022,,,,,,,70.63824982597718,,6.88,7.26,-0.3799999999999999
33,Argentina,ARG,2021,1.275332203879626,,,,,,,95.08207779543888,,6.51,6.88,-0.3700000000000001
34,Argentina,ARG,2022,-0.563469854192308,,,,,,,130.65514996235655,,6.45,6.51,-0.0599999999999996
35,Australia,AUS,1988,-3.805201115257102,-13.0859467605299,7398.2419275,17.584398315727285,10.794519008139535,46.2270722080334,4.443886742733185,1.28061125100588,7.2279543,,,
36,Australia,AUS,1989,-5.968049410707725,7.35319012046008,7719.76938241667,20.98583939588121,16.62536981452953,49.7097747852333,4.322066988766573,1.26484241722747,6.17982545833333,,,
37,Australia,AUS,1990,-4.864242546797419,-7.60097985903524,7858.81733108333,-3.989033015193826,12.782609050460778,53.3550034827026,1.4140772251510918,1.28182852683076,6.92300003333333,,,
38,Australia,AUS,1991,-3.288916473776085,3.97010922718859,7670.5353725,-2.3872879889235183,9.127332563429482,55.0499187369399,-1.33332116614401,1.28403404063967,9.57652190833333,18.56,,
39,Australia,AUS,1992,-3.282479915025152,3.52070970422812,7634.41563391667,6.8438957901618975,8.284825651130241,55.6071511492918,3.019702828768407,1.36228670036194,10.7281354916667,,18.56,
40,Australia,AUS,1993,-3.0358868177614777,13.421199574365,7653.39484408334,5.11735482331954,9.721189855323406,56.5823078709078,4.092593072876251,1.47303810031258,10.8746652666667,9.75,,
41,Australia,AUS,1994,-4.473665629731691,11.6858326521513,7899.2843715,14.443863405393152,11.33074242142175,57.6967726956118,4.744126142045897,1.36907109200972,9.72219025833333,,9.75,
42,Australia,AUS,1995,-4.966242255658722,-0.386737804244146,8188.81212783333,8.470557806707466,12.332902002025726,60.366844671465,3.158930969746417,1.3495511165251,8.472281475,,,
43,Australia,AUS,1996,-3.501358134353171,10.6147956734282,8298.89014833334,8.093629535429015,13.502973731878466,61.9456698397957,3.931600736460091,1.27689924334651,8.50611403333334,6.81,,
44,Australia,AUS,1997,-2.920213899623735,12.9984526550175,8366.65774008334,10.522948866895074,13.84343021946583,62.0849779428837,4.229332691633245,1.34803392746111,8.362487375,6.82,6.81,0.0100000000000006
45,Australia,AUS,1998,-4.904936861897845,4.66213779006852,8517.42408241666,7.211145041215121,13.70860095510666,62.6189923380543,4.953375086986768,1.59229010508815,7.67742941666667,6.49,6.82,-0.33
46,Australia,AUS,1999,-5.485095321002291,11.0740942844105,8672.61456275,8.408419589445705,15.922397681379598,63.5477130253076,4.240951111312181,1.5496611078462,6.87379136666667,6.1,6.49,-0.3900000000000005
47,Australia,AUS,2000,-4.058502296288487,10.5701201468653,8901.73246233334,7.650917583486947,15.723481246468937,66.3803111214302,3.3503951149425544,1.72651693495514,6.28554620833333,5.83,6.1,-0.2699999999999996
48,Australia,AUS,2001,-2.247849720749951,2.92951174882136,9015.01462141667,-4.629806874255564,17.3171309134675,69.3057812862782,2.7142290303614725,1.93537440324571,6.74217304166667,4.8,5.83,-1.0300000000000002
49,Australia,AUS,2002,-3.783889743754921,-2.2645448573515,9190.26622458333,11.133660799411231,18.85839865806998,71.3721848154168,4.011552413755168,1.84129676810603,6.36891133333333,3.69,4.8,-1.11
50,Australia,AUS,2003,-5.321426372454547,-4.86136894734159,9396.53663525,11.007093906464776,20.882881853961944,73.3224982586487,3.112806975333555,1.54153486801104,5.92842029166667,3.74,3.69,0.0500000000000002
51,Australia,AUS,2004,-6.295790755375599,15.5628888985416,9558.36099566666,15.547802192835787,22.686058494683103,75.0406315300673,3.969399519131538,1.35924304975218,5.39673355,3.69,3.74,-0.0500000000000002
52,Australia,AUS,2005,-5.958048586750732,21.5260101055365,9880.63351841667,9.257709216640306,23.0488083316734,77.0605990248433,3.0324218219060053,1.31278893421796,5.03388074166667,3.07,3.69,-0.6200000000000001
53,Australia,AUS,2006,-5.873410450979654,18.743467213378,10124.227849,8.790457404497086,26.26496127839802,79.8003250522405,2.688842365680581,1.32790846116444,4.785239725,3.38,3.07,0.31
54,Australia,AUS,2007,-6.738819356156036,21.2925577412975,10434.2689116667,13.169810327353147,32.862798510653754,81.6577664267471,4.358643733187376,1.19518280632411,4.37915150833333,3.45,3.38,0.0700000000000002
55,Australia,AUS,2008,-4.889075590611107,-19.5735494583801,10731.1701041667,10.45842856062851,39.243193213338685,85.210123055491,2.4666483447272745,1.19750059068673,4.23432970833333,3.15,3.45,-0.3000000000000002
56,Australia,AUS,2009,-4.51212934381674,-18.2883560862573,10805.5762366667,-8.756403304183936,38.78454797663153,86.7192941722777,1.9771784081657755,1.28215886583224,5.56038543333333,3.67,3.15,0.52
57,Australia,AUS,2010,-3.7123067343516216,13.6689913563208,11022.2433816667,16.29026767219245,37.42684012960337,89.250058045043,2.503993139744827,1.09017564778217,5.21334044166667,2.8,3.67,-0.8700000000000001
58,Australia,AUS,2011,-2.9833745967888343,-3.21236689186112,11213.8161706583,10.190208964406846,42.79063718618471,92.1987462270722,2.673540374928564,0.969188252086078,5.08119518333333,1.77,2.8,-1.0299999999999998
59,Australia,AUS,2012,-4.358135433902017,-4.08265809125894,11350.802387825,6.301361227311012,44.8675214988803,93.8240074297655,3.923482741080549,0.965965058190601,5.22337585833333,1.81,1.77,0.04
60,Australia,AUS,2013,-3.391563622966604,17.7441668627539,11456.7091841083,-2.240196888250688,47.00381516923822,96.1225911307174,2.184936846092024,1.03640540171356,5.6619398,1.84,1.81,0.03
61,Australia,AUS,2014,-3.0863653309580377,6.83117089927256,11540.1616745917,-1.3070635159640234,50.42293731304831,98.5140469003947,2.5404853386962323,1.1094440928893,6.07724431666667,1.91,1.84,0.0699999999999998
62,Australia,AUS,2015,-4.712515053878797,1.40860976702961,11766.2681147167,2.270292578413118,53.40396251167073,100.0,2.324687414385896,1.33088028393171,6.05642340833333,1.9,1.91,-0.01
63,Australia,AUS,2016,-3.480642187279397,-3.93005791814747,11965.7791268,0.743971597714399,55.94075812479865,101.276990944973,2.6828769120351925,1.34533734668894,5.714148675,1.18,1.9,-0.72
64,Australia,AUS,2017,-2.8335062758179133,9.96970259253443,12219.313948141667,8.221688143451312,60.01588217915969,103.250522405387,2.430894475425945,1.30488323032497,5.606331333333334,0.89,1.18,-0.2899999999999999
65,Australia,AUS,2018,-2.579187476348139,3.36712527414217,12538.061576808332,4.84434924359954,59.48056895607975,105.2240538658,2.8349174687300858,1.33865493271746,5.308814958333333,0.86,0.89,-0.03
66,Australia,AUS,2019,-0.0311295321624407,7.43653532774246,12830.403686758333,-1.169494007939338,61.38522920121923,106.918969120037,1.9154752637185943,1.43866931581558,5.164947325,0.77,0.86,-0.0899999999999999
67,Australia,AUS,2020,1.7487097918639036,-5.2315733857146,12603.996975933336,-12.09268301951321,69.04500103025416,107.824471790109,-2.0140586499100923,1.45353177771504,6.442963916666666,0.71,0.77,-0.06
68,Australia,AUS,2021,2.430244642407492,17.3462209255121,12986.939274841669,5.5106826753698686,75.09008026536893,110.912468075226,5.444144171814975,1.33148433378819,5.140256708333333,0.81,0.71,0.1
69,Australia,AUS,2022,0.4029383749599959,-1.61613211939499,13571.679193274998,13.719039415274882,81.05406987384575,118.226143487346,4.118648587663334,1.44179687582345,3.725104275,0.99,0.81,0.1799999999999999
70,Austria,AUT,1988,,-4.92630795173336,3308.0,,,56.056520668052,,0.897125547165881,,,,
71,Austria,AUT,1989,,73.0348854618956,3342.0,,,57.4962464750423,,0.961500960492625,,,,
72,Austria,AUT,1990,,64.6998267228431,3412.0,,,59.3717001410763,,0.826234408649036,,17.52,,
73,Austria,AUT,1991,,-16.6838645364658,3471.0,,,61.3531867576794,,0.848091666666667,,,17.52,
74,Austria,AUT,1992,,-20.5809642532042,3543.0,,,63.8201044296006,,0.798741666666667,,,,
75,Austria,AUT,1993,,-2.37439891856238,3566.0,,,66.1379137564572,,0.845391666666667,3.95833333333333,,,
76,Austria,AUT,1994,,14.7263494843964,,,,68.0912352160673,,0.829891666666667,4.24166666666667,,,
77,Austria,AUT,1995,-2.918847988620918,-13.3737342157546,3729.0,,,69.6187693066375,,0.732766666666667,4.24166666666667,,,
78,Austria,AUT,1996,-3.1125201245260508,4.81789931112917,3679.0,4.445928835810832,,70.9143565782497,2.466644434589467,0.768791666666667,4.73333333333333,,,
79,Austria,AUT,1997,-2.704089765852918,13.1449459300394,3684.0,7.270198436318185,,71.8404862351168,2.145835740564188,0.8864,4.73333333333333,,,
80,Austria,AUT,1998,-1.9787172567700444,12.6561830991398,3689.0,5.757656743690524,,72.5031909168682,3.492879494954914,0.899383333333333,4.725,,,
81,Austria,AUT,1999,-2.375567923367396,-9.51918773115975,3731.0,4.063814054988095,,72.9157242992364,3.761924390139469,0.938562898111359,4.15,,,
82,Austria,AUT,2000,-0.5906388535431923,-0.836106178715296,3741.0,10.186258341324884,,74.6255020746781,3.189521999443228,1.0850960701302,3.93333333333333,2.41,,
83,Austria,AUT,2001,-0.7854432312074093,0.104497414695415,3708.0,5.192331092794854,,76.6030778796571,1.31699354858216,1.11663108833636,3.98333333333333,3.37,2.41,0.96
84,Austria,AUT,2002,1.9566576058074976,1.33641544108008,3757.0,0.2908212612415717,,77.9898684598782,1.4843682216082053,1.06106513282085,4.38333333333333,2.45,3.37,-0.92
85,Austria,AUT,2003,1.5523660752414248,11.2757227208884,3790.0,3.507409833892476,,79.0470630726028,1.1415649965557837,0.885163216727309,,2.52,2.45,0.0699999999999998
86,Austria,AUT,2004,1.976295002848199,43.3140950295708,3732.0,7.975142009032813,,80.6763865345666,2.5652547769596263,0.804862094234843,5.89166666666667,2.24,2.52,-0.2799999999999998
87,Austria,AUT,2005,2.423963525982904,45.6500804999654,3747.425,5.4550417977862775,,82.5312477727519,2.320365716342833,0.804619415077062,6.03333333333333,2.46,2.24,0.2199999999999997
88,Austria,AUT,2006,3.3887184168277544,30.4473629277345,,5.854555681976981,,83.7209741176136,3.26933696191514,0.796697220760242,5.64166666666667,2.3,2.46,-0.1600000000000001
89,Austria,AUT,2007,3.678115260085996,19.1911138699142,3923.575,5.634986366194813,,85.5365102739345,3.77522395368466,0.730485427146717,5.21666666666667,2.24,2.3,-0.0599999999999996
90,Austria,AUT,2008,4.53017507978519,-28.0600002866712,3994.0,0.9542556734902048,,88.2873226319964,1.453305946762612,0.683982339822683,4.44166666666667,1.72,2.24,-0.5200000000000002
91,Austria,AUT,2009,2.750876623564269,-36.805877942242,3982.1,-11.899216305993988,,88.7343296401815,-3.5862653040477945,0.719800423489554,5.66666666666667,1.85,1.72,0.1300000000000001
92,Austria,AUT,2010,2.840061780704405,20.5454056280951,4016.625,11.977703674968136,,90.3435548696477,1.8089821540488031,0.755043518257105,5.19166666666667,2.13,1.85,0.2799999999999998
93,Austria,AUT,2011,1.6644272264923956,0.865559318014589,4052.425,5.953553476382349,,93.3127708346333,2.9274678173119093,0.719158754470168,4.9,1.59,2.13,-0.5399999999999998
94,Austria,AUT,2012,1.6565145057186172,-13.3895509848461,4084.4,0.9234040633441428,,95.632223132032,0.6282457752589711,0.778006210395884,5.19166666666667,1.46,1.59,-0.1300000000000001
95,Austria,AUT,2013,1.813914793397868,12.7105737986316,4104.55,0.7687648093535053,,97.5450182084582,-0.2507262838976485,0.753297658306669,5.725,1.49,1.46,0.03
96,Austria,AUT,2014,2.281758834547591,-1.15779622042756,4112.675,2.9976571165469856,,99.11140157813,0.7557990205557682,0.753695140645586,6.03333333333333,2.03,1.49,0.5399999999999998
97,Austria,AUT,2015,1.77411812507351,0.868395993589598,4148.275,3.6386876967930415,,100.0,1.303523534416734,0.901451643908024,6.15,2.02,2.03,-0.0099999999999997
98,Austria,AUT,2016,2.710957050151868,-3.04261526369776,4220.175,3.727751571895333,,100.891592367303,2.117219476803678,0.904281526915114,6.45,2.09,2.02,0.0699999999999998
99,Austria,AUT,2017,1.4453865673417416,33.8481971522654,4260.1,5.258407756144437,,102.991417381885,2.2722499544708974,0.887107173889516,5.925,1.96,2.09,-0.1299999999999999
100,Austria,AUT,2018,0.8839478006394085,7.44271635640236,4319.0,5.104513975901588,,105.049579201733,2.4842209902449777,0.847324485146496,5.20833333333333,1.83,1.96,-0.1299999999999999
101,Austria,AUT,2019,2.246226433777274,-6.72970115411071,4354.65,2.3519156549583533,,106.657778518457,1.7549763194130668,0.893348371188594,4.84166666666667,1.84,1.83,0.01
102,Austria,AUT,2020,3.1597189861918293,-18.3444745595579,,-9.573869182976797,,108.131692543209,-6.318255157552785,0.877541570440429,6.025,1.48,1.84,-0.3600000000000001
103,Austria,AUT,2021,1.910981157718878,37.4044531121942,4305.9,14.140034555833973,,111.123336036905,4.92309174750533,0.845553392731664,6.2,1.39,1.48,-0.09
104,Austria,AUT,2022,-1.084526078404742,-5.86411168275805,4442.475,6.931090529759122,,120.62090303195,5.33097259703126,0.950882523746784,4.75833333333333,1.33,1.39,-0.0599999999999998
105,Belgium,BEL,1988,,4.91544855259389,3610.0,,,57.3436421263182,,0.911552416672657,8.8,,,
106,Belgium,BEL,1989,,22.6653917952921,3670.0,,,59.1253392204652,,0.976692844222883,7.38333333333333,,,
107,Belgium,BEL,1990,,-8.3812776066219,3726.0,,,61.1641642642782,,0.828512424010306,6.55,,,
108,Belgium,BEL,1991,,-6.14593039743951,3735.0,,,63.130782144144,,0.846844150167287,6.44166666666667,,,
109,Belgium,BEL,1992,,-2.89648622981954,3723.7,,,64.6635699902125,,0.7968843089183,7.09166666666667,,,
110,Belgium,BEL,1993,,10.3534118693043,3698.0,,,66.4446800342461,,0.856441347978883,8.625,,,
111,Belgium,BEL,1994,,11.5734772800516,3687.0,,,68.024431889386,,0.829467640392432,9.75,,,
112,Belgium,BEL,1995,,-2.19518359389101,3715.0,,,69.0230041322671,,0.731216901049994,9.675,,,
113,Belgium,BEL,1996,,20.5840008859684,3738.1,5.5541409771024215,,70.4566289239612,1.3214643230992842,0.767861554771661,9.54166666666667,,,
114,Belgium,BEL,1997,,33.6813102709322,3762.2,8.202355265868215,,71.6037759223012,3.7937030003012255,0.886427168469266,9.21666666666667,,,
115,Belgium,BEL,1998,,38.6997045824078,,5.058149656043812,,72.2834749717136,1.9618016128798512,,9.34166666666667,,,
116,Belgium,BEL,1999,,3.34180893570652,4007.0,3.373274756617803,,73.0936630245369,3.5426883700707346,0.938562898111359,8.4,,,
117,Belgium,BEL,2000,,-9.757989803483,,13.015510894649289,,74.9535442630262,3.7167061698815456,1.0850960701302,6.875,2.41,,
118,Belgium,BEL,2001,,-6.0208994298691,4055.55,-0.755475965414272,,76.8043408240628,1.0996315071965144,1.11663108833636,6.59166666666667,3.37,2.41,0.96
119,Belgium,BEL,2002,,-10.92709819148,4069.825,1.0559994099016623,,78.0679368697505,1.7068670237404575,1.06106513282085,7.525,2.45,3.37,-0.92
120,Belgium,BEL,2003,3.604251500437644,-15.1117985202685,4070.375,1.45946508177785,,79.3084082819223,1.0380091039031183,0.885163216727309,8.175,2.52,2.45,0.0699999999999998
121,Belgium,BEL,2004,3.2162481189387764,31.0440683527713,,6.306620240392659,,80.9717301355269,3.571179225010097,0.804862094234843,8.39166666666667,2.24,2.52,-0.2799999999999998
122,Belgium,BEL,2005,2.085818077300856,29.3250605968854,4235.425,6.426625509825577,,83.2239042640172,2.321737929118337,0.804619415077062,8.43333333333333,2.46,2.24,0.2199999999999997
123,Belgium,BEL,2006,1.9837033261970207,24.0911087843106,4263.975,5.141852920615864,,84.7146172460213,2.552365922697341,0.796697220760242,8.25,2.3,2.46,-0.1600000000000001
124,Belgium,BEL,2007,1.9844299915692467,13.6080806900943,4379.675,5.579309755693756,,86.2590124129729,3.676899301000279,0.730485427146717,7.48333333333333,2.24,2.3,-0.0599999999999996
125,Belgium,BEL,2008,-1.1636857833860388,-26.9993203252651,4445.875,3.805033686915576,,90.1315626471098,0.4469051307272162,0.683982339822683,,1.72,2.24,-0.5200000000000002
126,Belgium,BEL,2009,,-30.4888390202778,4420.7,,,90.0836616205413,,0.719800423489554,7.99166666666667,1.85,1.72,0.1300000000000001
127,Belgium,BEL,2010,1.459687912768167,19.6366348116168,,9.627520782992262,,92.0558625075361,2.7102869437097428,0.755043518257105,8.375,2.13,1.85,0.2799999999999998
128,Belgium,BEL,2011,-1.8520607354779464,-3.59164010848989,4509.275,5.715308334966913,,95.3073511558187,1.931155024113247,0.719158754470168,7.21666666666667,1.59,2.13,-0.5399999999999998
129,Belgium,BEL,2012,-0.1849747461646348,3.02155996537112,4523.9,-0.6253670306900873,,98.0137591569419,0.2157807733118673,0.778006210395884,7.63333333333333,1.46,1.59,-0.1300000000000001
130,Belgium,BEL,2013,1.2435273981256336,15.9315318716866,4530.3,-0.0369172922003957,,99.1047463310291,0.3055174082935107,0.753297658306669,8.55,1.49,1.46,0.03
131,Belgium,BEL,2014,0.8605227013675271,18.0723951230998,4543.55,5.421138229909445,,99.4417052765458,1.7655403814992257,0.753695140645586,8.65,2.03,1.49,0.5399999999999998
132,Belgium,BEL,2015,1.3619160080402066,13.8456305636297,4551.625,4.200764659713073,,100.0,1.4741420113058918,0.901451643908024,8.65,2.02,2.03,-0.0099999999999997
133,Belgium,BEL,2016,0.6131782814444251,-4.7676307789138,,7.773310428124236,,101.973852646532,1.1935469960229872,0.904281526915114,7.85,2.09,2.02,0.0699999999999998
134,Belgium,BEL,2017,0.6962316122665948,6.59573500228138,4637.775,5.36361461846683,,104.141787038643,1.4744455528121554,0.887107173889516,7.1,1.96,2.09,-0.1299999999999999
135,Belgium,BEL,2018,-0.8170574393217176,-4.88811033019095,4755.15,2.338148583083948,,106.279989759091,1.8779684738356617,0.847324485146496,5.95833333333333,1.83,1.96,-0.1299999999999999
136,Belgium,BEL,2019,0.1599004882009877,-4.00492871916277,4832.025,1.4858123650293744,,107.807041450906,2.4428900448155786,0.893348371188594,5.36666666666667,1.84,1.83,0.01
137,Belgium,BEL,2020,0.8040573053069353,-15.9777528534542,,-6.724293987286833,,108.605667186971,-4.792963378576851,0.877541570440429,5.54166666666667,1.48,1.84,-0.3600000000000001
138,Belgium,BEL,2021,1.8661222649334004,17.7245493460836,4853.7,12.83144388479273,,111.255915363841,6.254433952703068,0.845553392731664,6.275,1.39,1.48,-0.09
139,Belgium,BEL,2022,-1.9016529664907489,1.49381448071624,4990.275,3.4782912194493525,,121.933714889786,3.956258269813059,0.950882523746784,5.575,1.33,1.39,-0.0599999999999998
140,Brazil,BRA,1988,,,,,,1.38271698404317e-06,,9.541666666666668e-08,,,,
141,Brazil,BRA,1989,,2533.33333333333,,,,2.11655768734546e-05,,1.0305833333333334e-06,,31.92,,
142,Brazil,BRA,1990,,939.240506329114,,,,0.0006450702579607,,2.4841666666666663e-05,,18.95,31.92,-12.970000000000002
143,Brazil,BRA,1991,,938.733252131547,,,,0.0034368480606429,,0.0001478638333333,,16.54,18.95,-2.41
144,Brazil,BRA,1992,,1475.22279549719,,,,0.0361543375335284,,0.0016410883333333,,15.71,16.54,-0.8299999999999983
145,Brazil,BRA,1993,,155056.242078541,,,,0.732986110528036,,0.032163105,,13.02,15.71,-2.6900000000000013
146,Brazil,BRA,1994,,3232.30064535601,,,,15.9489596478674,,0.639312105,,13.26,13.02,0.2400000000000002
147,Brazil,BRA,1995,,24.3879249947388,,,4.0006138702003495,26.4763947941888,,0.9167106433774806,,10.97,13.26,-2.289999999999999
148,Brazil,BRA,1996,-2.745917139356612,50.5339167393568,,,21.63693751680307,30.6484565488618,,1.0045404539086886,,14.83,10.97,3.86
149,Brazil,BRA,1997,-3.5133426646539743,76.5683943541104,,14.595076904868684,16.049621500517652,32.771387024682,3.394845985352229,1.077567604784425,,14.0,14.83,-0.8300000000000001
150,Brazil,BRA,1998,-3.9638977942473193,-10.4013772362019,,-0.0566612358382385,11.411628399137827,33.8184578423296,0.3380979018841235,1.1591069222616417,,15.94,14.0,1.9399999999999995
151,Brazil,BRA,1999,-4.326914532805289,19.2281786188783,,-15.094145488303576,11.792526559799619,35.4615098615796,0.4679375667226136,1.8138658662994431,,12.31,15.94,-3.629999999999999
152,Brazil,BRA,2000,-4.08622292646005,47.1791298586672,,10.798586694502507,17.67535224742089,37.9594686380481,4.38794944369636,1.8303807205784672,,12.69,12.31,0.379999999999999
153,Brazil,BRA,2001,-4.449808063225911,-13.6703464771046,,3.331402846082929,14.148741779423176,40.5560325768255,1.3898964042337525,2.3494449012181278,,10.47,12.69,-2.219999999999999
154,Brazil,BRA,2002,-1.7483721226430424,-18.1404250380733,,-13.307268998102376,12.095664399273328,43.9830839943907,3.0534618568992338,2.9172679401490065,,10.01,10.47,-0.4600000000000008
155,Brazil,BRA,2003,0.4535066020156083,25.4964724876663,18416.32725,-0.4834972071220964,15.523728951289911,50.4551594957835,1.1408289988352422,3.078262290095876,,9.53,10.01,-0.4800000000000004
156,Brazil,BRA,2004,1.4532746023718324,54.7073895301021,18964.4078333333,10.36404524966215,21.211543069250407,53.7837797601497,5.759964636743591,2.9270558086546834,,7.67,9.53,-1.8599999999999997
157,Brazil,BRA,2005,1.2358268722806964,23.4187702885705,19500.06825,7.461346019347264,19.86681716356962,57.4784765231742,3.202135235286576,2.435442730376133,,7.17,7.67,-0.5
158,Brazil,BRA,2006,0.9222741303698296,38.4410011262466,19865.354,17.762584557322626,22.84300253926576,59.8831277480147,3.9619886853770554,2.175130696933211,,6.7,7.17,-0.4699999999999997
159,Brazil,BRA,2007,-0.2202871528662194,39.6512293544867,20382.95075,19.55759868995595,24.0652127492505,62.0636359048851,6.06987062439877,1.947373014224948,,6.77,6.7,0.0699999999999994
160,Brazil,BRA,2008,-2.092409851618579,3.83783128629621,21070.6340833333,17.02571024413012,28.31431994268899,65.5879777492618,5.094195447547946,1.835058927150655,,6.74,6.77,-0.0299999999999993
161,Brazil,BRA,2009,-1.626969482151179,-4.63855296548089,21232.7019166667,-7.601967452357963,30.281436148962115,68.7939409254539,-0.1258120048180781,1.9995371631079728,,7.59,6.74,0.8499999999999996
162,Brazil,BRA,2010,-3.9298940329128143,27.6100241892773,21979.929,33.63902465987018,37.75879031484474,72.2602797331783,7.528225817294104,1.760189651285585,,7.76,7.59,0.1699999999999999
163,Brazil,BRA,2011,-3.307155055094664,-8.84772758703852,22432.86475,9.393263458459748,40.257443588877564,77.0557967944815,3.9744230818036215,1.673832846990564,,7.84,7.76,0.08
164,Brazil,BRA,2012,-3.8587812828364862,-2.69610029890652,22921.5514166667,1.130851734454174,45.85612914452526,81.2195061118766,1.921175978445894,1.9529993015414024,,7.76,7.84,-0.08
165,Brazil,BRA,2013,-3.652254183640519,-9.95859169355056,23089.202,6.669679304737349,47.064516057110716,86.258616592774,3.0048226753857508,2.157888338556657,,10.08,7.76,2.3200000000000003
166,Brazil,BRA,2014,-4.461454004359964,-2.0041102890967,23063.9635,-2.271895583480689,50.31229087847378,91.7179590742174,0.503955744685619,2.353560026390151,,7.79,10.08,-2.29
167,Brazil,BRA,2015,-3.3473253739077755,-5.44791073140415,,-14.190636862392234,55.10944757710676,100.0,-3.545763397436906,3.3313330246137345,,8.27,7.79,0.4799999999999995
168,Brazil,BRA,2016,-1.6837910490394412,6.71232604503888,,-10.342932811139384,60.77068498951949,108.739143523294,-3.275916889921493,3.488616745537975,,8.01,8.27,-0.2599999999999998
169,Brazil,BRA,2017,-1.2620049357975232,28.2353992621167,,6.716940718751509,65.66021630465701,112.486700387054,1.322869043818633,3.1916449067838104,,8.59,8.01,0.5800000000000001
170,Brazil,BRA,2018,-2.855714613371892,19.9430581317976,,7.742778930524313,68.8907760898868,116.60916954539,1.7836667578374927,3.654554919380136,,7.95,8.59,-0.6399999999999997
171,Brazil,BRA,2019,-3.4526237356563603,23.3024869454632,,1.3325660959111163,,120.962162105727,1.220777817522665,3.9447675359966112,,7.97,7.95,0.0199999999999995
172,Brazil,BRA,2020,-1.28691730067617,-1.93260662270089,,-9.476639040355575,,124.847186166353,-3.2767587827367706,5.153180802591129,,8.41,7.97,0.4400000000000004
173,Brazil,BRA,2021,-2.358430945912351,18.308253638206,,13.752053257208653,,135.211574776645,4.762604367489541,5.393858220951753,,7.76,8.41,-0.6500000000000004
174,Brazil,BRA,2022,-2.2121744496102176,-6.12575338471424,,0.9514937631686808,,147.759352361294,3.016694354101696,5.163837890708325,,7.26,7.76,-0.5
175,Canada,CAN,1988,-3.061018170141032,-7.429075943513,12709.5833333333,13.4846418990391,12.876604646742798,56.28127469054517,4.4108390627824,1.23118896302253,7.76666666666667,,,
176,Canada,CAN,1989,-3.950574009868601,15.1031873631814,12996.1583333333,5.77135269364447,15.57949479850166,59.08612062154334,2.33732976267692,1.18409546102829,7.56666666666667,7.02,,
177,Canada,CAN,1990,-3.433707799630648,-10.006056743997,13086.3916666667,1.83016931244115,15.749021140781181,61.91071898867529,0.20294785266267,1.16706428792536,8.15,,7.02,
178,Canada,CAN,1991,-3.729067969006635,1.41297000654016,12857.3583333333,2.58831452441722,14.316167479141589,65.39373189360022,-2.0910551165282,1.14614825368364,10.325,,,
179,Canada,CAN,1992,-3.610989607427463,-1.91917525159107,12730.925,5.21398764688966,14.110853723611573,66.36818540953385,0.890466185756512,1.20887787833553,11.1916666666667,,,
180,Canada,CAN,1993,-3.832772082810938,14.73155381413,12792.75,7.49269874948936,14.37276063160578,67.60600474058468,2.65770688949278,1.29019641349536,11.4,3.59,,
181,Canada,CAN,1994,-2.386082356919339,9.72909008907673,13058.7416666667,8.30875429660467,14.620036795882818,67.71793521200951,4.49404928307164,1.3659082096512,10.4166666666667,,3.59,
182,Canada,CAN,1995,-0.8276169467660995,3.49701033500702,13295.3833333333,5.82210223766546,15.822132492055896,69.173031340532,2.68232829774569,1.3724904014061,9.50833333333333,6.69,,
183,Canada,CAN,1996,0.4172089377269621,18.8126309284536,13420.1333333333,5.39579530636163,16.787334860302142,70.25941532789042,1.68896120287071,1.36378529678091,9.60833333333334,5.43,6.69,-1.260000000000001
184,Canada,CAN,1997,-1.3299357502823383,22.5928557112596,13708.1666666667,14.3991435453653,17.046852518522385,71.39847247827232,4.28016686248263,1.38500089630642,9.11666666666667,1.99,5.43,-3.4399999999999995
185,Canada,CAN,1998,-1.3405445289443392,4.63079178011523,14047.0083333333,5.30981200173483,17.02781667918099,72.10956017908875,3.89288653082822,1.4834934496595,8.28333333333333,1.44,1.99,-0.55
186,Canada,CAN,1999,0.1712765229446874,4.4670058899555,14401.9833333333,8.07636793071774,17.60369289403348,73.36054780089545,5.14100352259274,1.48553737632178,7.59166666666667,1.01,1.44,-0.4299999999999999
187,Canada,CAN,2000,2.5421153144465416,37.261297067845,14760.125,8.52417968076174,20.84638441877457,75.35554385040822,5.13853916346078,1.48510606342334,6.81666666666667,1.31,1.01,0.3
188,Canada,CAN,2001,2.2074566009285084,-19.7245400874045,14932.3,-4.87960761986623,20.729129935292967,77.25836186462999,1.8750981223151,1.54840388275451,7.21666666666667,1.6,1.31,0.29
189,Canada,CAN,2002,1.7446384279061542,-9.2659185892945,15291.325,1.8820488037776,21.986390298412406,79.00316038978143,2.99925534033407,1.57003664284642,7.675,1.49,1.6,-0.1100000000000001
190,Canada,CAN,2003,1.225632442791972,0.902560900544136,15660.8416666667,4.24193657154418,23.144419176814502,81.18251250987622,1.80638513352182,1.40035784209762,7.575,2.46,1.49,0.97
191,Canada,CAN,2004,2.34462762774541,20.7469447779877,15915.025,8.52053683033266,26.520049864855217,82.69028180142219,3.09236383262931,1.30109405958323,7.19166666666667,1.51,2.46,-0.95
192,Canada,CAN,2005,1.9037508323404588,17.487537519246,16123.5166666667,7.34014058393762,29.091904746109734,84.5206742164867,3.21045438879788,1.21170706156017,6.75833333333333,1.46,1.51,-0.05
193,Canada,CAN,2006,1.446402165404595,18.4695944831227,16413.75,5.31600614283166,29.712009560795952,86.2127995786147,2.63794374844703,1.13431790748558,6.46666666666667,1.45,1.46,-0.01
194,Canada,CAN,2007,0.8262680070301178,13.822978851166,16756.825,5.78360418375078,34.29219244351098,88.05636028443509,2.04990462170888,1.07431672041377,6.16666666666667,1.54,1.45,0.09
195,Canada,CAN,2008,0.1249233823523856,-8.33955208473202,16996.8333333333,0.912583830596156,38.17493657997135,90.14353436923888,0.995406342461424,1.0675585771097,6.29166666666667,1.54,1.54,0.0
196,Canada,CAN,2009,-2.909859601756531,-18.6243563295355,16755.4416666667,-12.4122178884401,34.93131865427918,90.41348432973405,-2.91508625839375,1.14137572620616,8.45,1.7,1.54,0.1599999999999999
197,Canada,CAN,2010,-3.565922770595646,18.7982227409831,16978.1916666667,13.7841244259124,37.86049422453136,92.0200158019489,3.09080636493577,1.03023242753623,8.175,1.46,1.7,-0.24
198,Canada,CAN,2011,-2.716895447920794,7.43652769661284,17219.6,5.59230354666772,41.36303350360156,94.6997629707664,3.13719441180021,0.989125955204216,7.641666666666666,1.38,1.46,-0.08
199,Canada,CAN,2012,-3.533229204389693,-6.7042507110864,17431.63333333333,3.6775970348812,43.68658047776588,96.13510666315511,1.75566131368798,0.999238728903946,7.416666666666667,1.4,1.38,0.02
200,Canada,CAN,2013,-3.1425446899221083,5.36136205052254,17667.725,2.08126215607585,46.26618622681024,97.03713457993156,2.3258135613525,1.03012590069954,7.166666666666667,1.45,1.4,0.05
201,Canada,CAN,2014,-2.319553893790959,14.8210322306259,17738.483333333337,2.51653010450492,50.709832312775305,98.88727943112988,2.87346677753097,1.10469393970764,7.041666666666666,1.43,1.45,-0.02
202,Canada,CAN,2015,-3.4958218226885465,-2.03746325815694,17857.224999999995,0.759807875632464,53.724536977973116,100.0,0.649971004305848,1.27827373713847,7.0,1.65,1.43,0.2199999999999999
203,Canada,CAN,2016,-3.0976347624246605,-2.08529632896839,17966.93333333333,0.0521446820247906,58.54300932298299,101.42875954701084,1.03855091867275,1.32540915051132,7.0666666666666655,1.56,1.65,-0.0899999999999998
204,Canada,CAN,2017,-2.800916994028062,10.7411391153372,18372.216666666667,4.78113557243423,60.55679513704666,103.04845930998157,3.03383491533961,1.29810045815296,6.433333333333334,1.52,1.56,-0.04
205,Canada,CAN,2018,-2.380039509542555,1.17394528788515,18706.65,3.49782854381926,62.753982656180774,105.3858309191467,2.74296343945576,1.29613299854131,5.841666666666668,1.47,1.52,-0.05
206,Canada,CAN,2019,-1.9600875413541543,3.74785960820375,19070.816666666666,-0.108156546288153,68.86357306063069,107.44008427706088,1.9084319151316,1.32695352547211,5.683333333333334,1.51,1.47,0.04
207,Canada,CAN,2020,-2.0031629446055392,-1.77382090745551,18068.491666666665,-9.4171553809151,79.75886185877773,108.21042928627868,-5.03823341596652,1.34121039510007,9.69166666666667,1.49,1.51,-0.02
208,Canada,CAN,2021,-0.0228059133768722,23.5840549461043,18964.125,8.357943535893106,82.01719544009065,111.88438240716356,5.950528041443188,1.25353774248698,7.533333333333333,2.35,1.49,0.8600000000000001
209,Canada,CAN,2022,-0.298908987878672,1.82564574966693,19739.525,7.538965190173244,89.39934670740999,119.4956544640506,4.557485573826931,1.30172768955079,5.275,1.37,2.35,-0.98
210,Chile,CHL,1988,,,4123.43,,19.072806182153652,17.1735032820098,,245.011666666667,9.7525,,,
211,Chile,CHL,1989,,,4352.26,,20.027511362299368,20.0977973092122,,266.9533333333334,7.9025,,,
212,Chile,CHL,1990,,,4450.0425,,23.64578484499631,25.33055592604,,304.903333333333,7.7575,,,
213,Chile,CHL,1991,,126.02441522964,4518.02,,22.594719673404402,30.8486705944056,,349.215833333333,8.155,,,
214,Chile,CHL,1992,,38.5220609909198,4723.765,,20.48599796109308,35.6073258344357,,362.575833333333,6.665,10.95,,
215,Chile,CHL,1993,,8.14978959288691,4992.285,,16.583441895440362,40.1393413104045,,404.165833333333,6.5425,10.94,10.95,-0.0099999999999997
216,Chile,CHL,1994,,55.020099140597,5036.22,,15.590503351947952,44.7325360533064,,420.176666666667,7.815,10.93,10.94,-0.0099999999999997
217,Chile,CHL,1995,,21.1977408959944,5095.3175,,15.904782069552464,48.4152018222944,,396.8126325287032,7.3025,10.63,10.93,-0.2999999999999989
218,Chile,CHL,1996,,-4.82068822175955,5182.0775,11.832946943452685,16.555488347136556,51.9781320387332,7.370783984164329,412.2883894535416,6.325,10.97,10.63,0.3399999999999998
219,Chile,CHL,1997,,-1.57842271129014,5281.26,13.107847796019843,17.28731782488586,55.1664012751709,7.391739268415502,419.2997787188658,6.115,10.97,10.97,0.0
220,Chile,CHL,1998,,-24.4206519390075,5393.9125,6.8766999752846605,14.741964971755882,57.985539059789,4.180886627049377,460.252062049062,6.395,10.94,10.97,-0.0300000000000011
221,Chile,CHL,1999,,10.1211709941139,5315.4525,-9.893566877095424,14.10872192167015,59.9204485750496,-0.2736313982013767,508.759821279566,10.1375,9.96,10.94,-0.9799999999999986
222,Chile,CHL,2000,,12.6209561930225,5414.0675,10.569389156377962,15.88819820214199,62.2233552799386,4.971621488333349,539.3879847073216,9.6675,9.0,9.96,-0.9600000000000009
223,Chile,CHL,2001,,4.3833370071549,5468.0725,4.997117317234872,17.768733363087932,64.444169758746,3.1540349246087507,634.8372768366899,9.8525,8.0,9.0,-1.0
224,Chile,CHL,2002,,-3.59670213851127,5570.5025,1.8377933807568505,16.727310342755086,66.0484418452979,3.2027991351757086,689.0038714473932,9.805,6.96,8.0,-1.04
225,Chile,CHL,2003,0.9407434657230618,21.4290807958354,5788.5175,7.872954908651552,16.658450365772474,67.9045201382763,4.723245268589111,691.2987000674447,9.54,5.77,6.96,-1.1900000000000004
226,Chile,CHL,2004,2.107684336868459,28.5842789436135,5946.4325,19.50611305550938,16.944012515736624,68.6207358205756,6.674254168203143,609.5819108476064,10.0075,3.95,5.77,-1.8199999999999996
227,Chile,CHL,2005,2.06162069652059,19.7558079089033,6170.3375,18.370213604521897,21.262735862221636,70.7154345220089,5.837045719181922,559.7053105433214,9.235,3.99,3.95,0.04
228,Chile,CHL,2006,5.901231746526683,8.80462685220546,6271.85425,12.536264104500724,23.610401545990012,73.1141154906598,6.049990825662398,530.277768492377,7.8,2.36,3.99,-1.6300000000000003
229,Chile,CHL,2007,5.094741992710011,37.6081814354348,6448.8595,13.754135004304327,27.114566017609043,76.3368379411524,5.1682309853088695,522.228216207102,7.13,2.95,2.36,0.5900000000000003
230,Chile,CHL,2008,-4.498435577920797,-7.3990794878769,6641.42625,10.857937183663456,31.93078597698065,82.9905617369804,3.789392806380274,523.5424025189787,7.7925,2.27,2.95,-0.6800000000000002
231,Chile,CHL,2009,1.4558815424090747,8.99312513252122,6592.587,-17.700940069183407,30.441518731556556,83.283557202921,-1.118037236467658,558.9420895680407,9.675,1.92,2.27,-0.3500000000000001
232,Chile,CHL,2010,0.9671681630434708,38.9918143540817,7334.89273025,25.24268373207573,30.364151529591847,84.4584472066608,5.851651022252528,509.9816006336658,8.15,2.08,1.92,0.1600000000000001
233,Chile,CHL,2011,-4.85257564949092,7.06279800985119,7699.44329375,15.83895247701926,39.82870605180488,87.2803871541807,6.223896785104639,483.42085835058674,7.125,1.98,2.08,-0.1
234,Chile,CHL,2012,-5.4361244065152095,-1.58874661370425,7872.65948625,3.815671110140604,45.371446208752666,89.9052997630224,6.155340018560788,485.9837236103269,6.545560819096639,1.78,1.98,-0.1999999999999999
235,Chile,CHL,2013,-4.717972936286619,-4.3563196871866,8038.79084925,1.8580787255841027,45.72296509103787,91.5142050355466,3.308508247069054,495.2816128129117,6.082219565888405,5.89,1.78,4.109999999999999
236,Chile,CHL,2014,-3.3368960021764766,-5.8560740971347,8153.743581,-6.581306901686882,49.808770226347725,95.8324632049175,1.792649471408605,570.6360540051916,6.495095701153517,,5.89,
237,Chile,CHL,2015,-2.761732155296406,0.198782283513499,8294.5804965,-0.854175249936212,55.81543205455276,100.0,2.1519424998116814,654.3222858996018,6.328376849984235,0.64,,
238,Chile,CHL,2016,-3.007042424459224,4.81075238845479,8394.271067,1.169432934038328,60.502059042108854,103.786193558931,1.7530387490459542,676.5404992275237,6.684912976319645,5.89,0.64,5.25
239,Chile,CHL,2017,-2.501266352565674,24.6194890296321,8597.5859235,4.454601413914036,63.00779038364641,106.051553973687,1.3576953734776205,648.6768224991373,6.96517462475981,0.49,5.89,-5.4
240,Chile,CHL,2018,-4.485091003534432,11.2046706537771,8784.946418,8.60421115861669,66.27025783262458,108.633792458484,3.990029477859434,641.8960642867338,7.376638976559269,0.49,0.49,0.0
241,Chile,CHL,2019,-5.132849162976518,-6.98433802471843,8972.23526225,-1.7347805858861391,,111.412150321872,0.6343675338412205,703.3075739829193,7.222639574181943,0.43,0.49,-0.06
242,Chile,CHL,2020,-2.178943542539952,-21.1608428944756,7869.066165,-12.32563323679735,,114.805197163533,-6.143474792211356,791.7152101488487,10.77024455383019,0.43,0.43,0.0
243,Chile,CHL,2021,-7.088042943548483,10.8641538671968,8303.23088125,31.890191360205964,,119.999636815966,11.314920487849353,759.8196384466561,8.861450621078715,0.43,0.43,0.0
244,Chile,CHL,2022,-8.806328353074687,18.2678377692761,8861.191932,1.3366713717275465,,133.972234580568,2.153993561961747,873.2537675516029,7.878028038869055,0.46,0.43,0.03
245,China,CHN,1988,,,,,,,,3.722000000000001,,,,
246,China,CHN,1989,,,,,,,,3.765000000000001,,,,
247,China,CHN,1990,,,,,,,,4.783083333333334,,,,
248,China,CHN,1991,,,,,1.332343799890183,,,5.3235,,,,
249,China,CHN,1992,,,,,15.382703806998624,,14.3,5.514666666666667,,32.17,,
250,China,CHN,1993,,6.84401389049064,,,20.406269378012777,44.4186186749772,13.9,5.776741215327362,,30.29,32.17,-1.8800000000000023
251,China,CHN,1994,,-22.2991124970017,,,17.45986075007148,55.1932366295854,13.1,8.640074169010523,,27.93,30.29,-2.3599999999999994
252,China,CHN,1995,,-14.2899038387331,,,18.25621395648837,64.4608576985834,11.0,8.370944952358153,,,27.93,
253,China,CHN,1996,,65.1407372724162,,,16.288902837147976,69.8195896965446,10.0,8.338720410603406,,19.76,,
254,China,CHN,1997,,30.2166824789261,,,13.77796508168887,71.7650902879295,9.3,8.31929646579745,,15.82,19.76,-3.940000000000001
255,China,CHN,1998,3.0363733715125587,-3.96951679088852,,,11.422351535494602,71.2102142915202,7.9,8.284175960291245,,15.5,15.82,-0.3200000000000003
256,China,CHN,1999,1.9127471420005824,18.8216694282143,,,11.544088224957239,70.2122220420225,7.7,8.27808962772234,,14.46,15.5,-1.0399999999999991
257,China,CHN,2000,1.669569135174339,36.8692889938599,,,11.403471265336712,70.4564253040309,8.6,8.278430682894333,,14.67,14.46,0.209999999999999
258,China,CHN,2001,1.2845822414713994,5.08907397651058,,,13.059999875143038,70.9630993003062,8.30000000000013,8.277678805968343,,14.11,14.67,-0.5600000000000005
259,China,CHN,2002,2.3776481326977152,-20.0119417693744,,,14.837313499757553,70.4436662912483,9.2,8.277125349298592,,7.72,14.11,-6.39
260,China,CHN,2003,2.5569599822179483,-6.36783367995395,,,17.65811045483122,71.2379921482152,10.1,8.278027307306854,,6.48,7.72,-1.239999999999999
261,China,CHN,2004,3.4750808680327414,1.38787805186436,,,17.245948138658076,73.9625880898101,10.1000000000006,8.27817349185817,,5.96,6.48,-0.5200000000000005
262,China,CHN,2005,5.7118902223892185,-22.1994023656518,,,18.410788625061056,75.2764695500152,11.5,8.194161767507186,,4.87,5.96,-1.09
263,China,CHN,2006,8.304267588529443,39.5211333702333,,,20.58155536633611,76.5181037586658,12.6999999999998,7.972418555542987,,4.25,4.87,-0.6200000000000001
264,China,CHN,2007,9.79938730303341,160.846121063825,,,23.055105748265333,80.2038024332807,14.2000000000002,7.607375004702564,,5.07,4.25,0.8200000000000003
265,China,CHN,2008,9.012884696159665,-27.3928453662046,,,24.954071985488206,84.9560812196416,9.7,6.950210786957978,,4.47,5.07,-0.6000000000000005
266,China,CHN,2009,4.686972034838405,-10.5983143262439,,,34.0415241385821,84.3374575882361,9.4,6.830782984213728,,3.94,4.47,-0.5299999999999998
267,China,CHN,2010,3.839515465824376,3.46057781197482,,,35.97476179568895,87.0154467336236,10.6,6.768962164165711,,4.65,3.94,0.7100000000000004
268,China,CHN,2011,1.7744666847875683,-5.69826444384348,,,37.28663464574637,91.8481949818041,9.5,6.463169541136446,,5.99,4.65,1.34
269,China,CHN,2012,2.481870273394694,-16.7947713562925,,,43.20520434881947,94.2541821545431,7.9,6.308739989900819,,,5.99,
270,China,CHN,2013,1.5092681083302986,-0.984983950783899,,,47.076655993622154,96.7246311468181,7.8,6.147510850551639,,,,
271,China,CHN,2014,2.217300916460996,1.4656743177601,,,51.150141982286534,98.5833333333334,7.5,6.160089412474945,,4.74,,
272,China,CHN,2015,2.6210778876727887,65.6901004844422,,,55.87791501109854,100.0,7.0,6.283949212978627,,4.52,4.74,-0.2200000000000006
273,China,CHN,2016,1.6702517431513286,-18.8305015573879,,,62.11664859843906,102.0,6.8,6.644734312867958,,3.54,4.52,-0.9799999999999996
274,China,CHN,2017,1.5053577147162485,8.26495409647384,,,66.41541544097169,103.625,6.9,6.760868012640472,,3.83,3.54,0.29
275,China,CHN,2018,0.1705681882785321,-9.26752622785909,,,71.3473128902927,105.775,6.8,6.616143044184077,,3.39,3.83,-0.4399999999999999
276,China,CHN,2019,0.7070242181552812,-1.06626887135257,,,,108.841666666667,6.1,6.910669556865234,,2.53,3.39,-0.8600000000000003
277,China,CHN,2020,1.6599522060724765,6.97794874710225,,,,111.475,2.3,6.903474768923708,,2.47,2.53,-0.0599999999999996
278,China,CHN,2021,1.939490672875073,13.5649675007534,,,,112.568591014206,8.6,6.451432878709455,,2.31,2.47,-0.1600000000000001
279,China,CHN,2022,2.418607352529343,-8.92473749187522,,,,114.790217211761,3.1,6.731632001066566,,2.18,2.31,-0.1299999999999999
280,Colombia,COL,1988,,,,,0.8347592610365338,4.917196932615434,,299.1738333333333,,,,
281,Colombia,COL,1989,,,,,1.0877154727131535,6.189155381519552,,382.5680833333333,,,,
282,Colombia,COL,1990,,,,,1.4416474338567284,7.993419263610157,,502.25925,,,,
283,Colombia,COL,1991,,,,,1.838894089786904,10.422445205851956,,633.0451666666667,,6.45,,
284,Colombia,COL,1992,,223.05095295889305,,,2.6117671893568746,13.237613531299289,,759.282,,10.55,6.45,4.1000000000000005
285,Colombia,COL,1993,,12.479604974284912,,,3.63033983250158,16.208462500679822,,863.0646666666667,,,10.55,
286,Colombia,COL,1994,,84.48417815320026,,,5.300164405141967,19.911486376244085,,844.836,,11.64,,
287,Colombia,COL,1995,,-15.318514292609452,,,7.240552535528382,24.07135476151628,,912.628940429136,,11.91,11.64,0.2699999999999996
288,Colombia,COL,1996,,2.4281424160603207,,,9.105464062997456,29.07760918039919,,1036.528093136331,,11.19,11.91,-0.7200000000000006
289,Colombia,COL,1997,,48.28531078045162,,,11.581904445184009,34.448251482025334,,1140.7225130340676,,11.31,11.19,0.120000000000001
290,Colombia,COL,1998,,-12.064804220808172,,,13.975979182241316,40.88214499374557,,1425.987625321539,,11.18,11.31,-0.1300000000000007
291,Colombia,COL,1999,,-10.046554105778736,,,14.822492932048462,45.32754119758524,,1755.7917884983365,,10.68,11.18,-0.5
292,Colombia,COL,2000,,-12.931893941074916,,,15.319414105274484,49.50916408331974,,2087.586940515401,,10.96,10.68,0.2800000000000011
293,Colombia,COL,2001,,-3.266184901974944,,,16.40660511369434,53.452847120248,,2299.593460631155,,10.83,10.96,-0.1300000000000007
294,Colombia,COL,2002,,30.4915375448787,,,17.73460272782675,56.84790884864304,,2504.3170309147376,,11.28,10.83,0.4499999999999993
295,Colombia,COL,2003,,46.65186469207268,,,19.75054708332453,60.90104421602219,,2877.258951110483,,11.06,11.28,-0.2199999999999988
296,Colombia,COL,2004,,72.5139326463273,,,22.40371830897423,64.49665524555391,,2629.2214605527333,,9.77,11.06,-1.290000000000001
297,Colombia,COL,2005,-1.3441376003786318,74.92021528383964,,,26.41933022833399,67.75439168978082,,2321.3305414549213,,9.62,9.77,-0.1500000000000003
298,Colombia,COL,2006,-1.818868123073459,56.464231372728776,,17.6818112517152,30.836537440591616,70.66337629847175,6.716868698444048,2359.107235013175,,8.75,9.62,-0.8699999999999992
299,Colombia,COL,2007,-3.026434677544535,4.28570290956435,16654.8129583333,13.858029689608635,36.636991535355136,74.58122586610104,6.7381946909097525,2077.73803527511,11.2983333333333,8.82,8.75,0.0700000000000002
300,Colombia,COL,2008,-2.6961528731032303,-10.285873524329691,16977.700375,12.51173419557941,42.27934829169349,79.79958666449122,3.2834461861653965,1966.1346159969253,11.39,8.72,8.82,-0.0999999999999996
301,Colombia,COL,2009,-1.880554142333887,18.924419589221163,17889.0905416667,-8.647687432578222,48.44281233942323,83.15317887638007,1.1396486454806154,2156.8339628976096,12.2158333333333,8.23,8.72,-0.4900000000000002
302,Colombia,COL,2010,-2.902526559607148,44.33296396610069,18610.9254583333,10.829835324507604,52.31785497846523,85.04242127590145,4.494658970709221,1899.7930254799544,11.9675,9.02,8.23,0.7899999999999991
303,Colombia,COL,2011,-2.877203460371083,5.841007726197897,19350.45025,20.2290775300914,59.761653493129,87.94664708761623,6.947891981735559,1847.942873180565,10.9916666666667,5.51,9.02,-3.51
304,Colombia,COL,2012,-3.1086279995504333,2.660177719376557,20016.8300833333,9.375086543521006,69.64495949256886,90.73394245934628,3.912635767161144,1797.6874361707123,10.505,4.43,5.51,-1.08
305,Colombia,COL,2013,-3.2402436478195,1.136211638517271,20370.5881666667,8.524025649303379,81.05498574817447,92.56403981073584,5.133993519956706,1869.6513080572795,9.7425,4.51,4.43,0.08
306,Colombia,COL,2014,-5.211580779129326,-5.695332784038984,20806.4289583333,7.760013532194392,90.71679890106012,95.24732147713055,4.499030001109716,2002.5581099582785,9.205,4.21,4.51,-0.2999999999999998
307,Colombia,COL,2015,-6.334740620453948,-20.95323059788429,21311.920375,-1.0809377148208257,100.00000000000004,100.0,2.955901375275241,2744.50947826087,8.95083333333334,6.54,4.21,2.33
308,Colombia,COL,2016,-4.494919999921458,1.3692217140718554,21505.1495,-3.5409028727770178,109.96635637497944,107.51346059716104,2.0873825016279675,3053.8827141759207,9.22666666666667,6.98,6.54,0.4400000000000004
309,Colombia,COL,2017,-3.201897975283483,9.402392932220256,21827.307375,1.0188394533665384,116.6674035617954,112.15192799260343,1.3593608678874427,2951.2881446373663,9.29583333333333,4.4,6.98,-2.58
310,Colombia,COL,2018,-4.204931874766423,4.893199371293928,22093.24175,5.805419065000702,123.2249520624524,115.78628922608362,2.5643242827770414,2956.8971883783483,9.52916666666667,3.28,4.4,-1.1200000000000006
311,Colombia,COL,2019,-4.581316698634735,3.670741000294466,22237.4974583333,7.343973080413772,132.67047414410132,119.86546328924403,3.18685539245534,3281.0653494063317,10.3708333333333,2.92,3.28,-0.3599999999999999
312,Colombia,COL,2020,-3.4224002230205763,-18.509866162105624,20000.2337916667,-20.092459826946847,150.66603114824483,122.89400797820537,-7.185914137608627,3695.611503031088,15.8641666666667,2.4,2.92,-0.52
313,Colombia,COL,2021,-5.567205030965847,5.15696086602731,20391.7414166667,26.72866662954096,163.98691163997182,127.18924265213708,10.801198190487868,3744.318556767206,13.810833333333331,2.58,2.4,0.1800000000000001
314,Colombia,COL,2022,-6.034214765651623,4.318911481424877,22032.1800833333,24.0032224989014,184.980426279281,140.13359565932777,7.328277294279791,4258.609416694114,11.218333333333334,2.83,2.58,0.25
315,Costa Rica,CRI,1988,,,,,,5.07630638722018,,75.8047333333333,,,,
316,Costa Rica,CRI,1989,,,,,,5.91439486426552,,81.5042083333334,,,,
317,Costa Rica,CRI,1990,,,,,,7.04048101796826,,91.5792916666667,,,,
318,Costa Rica,CRI,1991,,,,,,9.0617532273129,,122.432416666667,,,,
319,Costa Rica,CRI,1992,,,,23.061020854481416,,11.0364151684154,9.20110373219691,134.506333333333,,,,
320,Costa Rica,CRI,1993,,,,14.191949507764145,,12.1156221484824,7.097191240002242,142.171666666667,,,,
321,Costa Rica,CRI,1994,,,,4.686316855840026,,13.7554072392917,4.519028376792145,157.066666666667,,,,
322,Costa Rica,CRI,1995,,,,3.344287550375725,,16.9448044788882,4.153953043067304,179.0139436994166,,8.56,,
323,Costa Rica,CRI,1996,,,,3.141479605051211,,19.9120858632849,1.3504594914957384,207.00904070989392,,9.04,8.56,0.4799999999999986
324,Costa Rica,CRI,1997,,,,14.990156377613989,,22.5500477755249,5.47616577615096,231.97547828439667,,7.53,9.04,-1.509999999999999
325,Costa Rica,CRI,1998,,,,16.328135280346896,,25.179225444904,7.155308579145241,256.5719892331703,,6.32,7.53,-1.21
326,Costa Rica,CRI,1999,-5.613869852118823,,,-3.080925607272203,,27.7085495780874,4.214811170971391,284.15944167545007,,4.07,6.32,-2.25
327,Costa Rica,CRI,2000,-4.554124400577566,,,-3.8972978162753593,,30.7458359999785,3.868718089331753,307.3571169577765,,3.7,4.07,-0.3700000000000001
328,Costa Rica,CRI,2001,-3.2205812919466696,,,0.01007404831893,,34.2064691466915,3.491169894712519,328.4714373507592,,4.44,3.7,0.7400000000000002
329,Costa Rica,CRI,2002,-5.125127077366798,,,6.129696509677896,15.755724380880087,37.3423542129408,3.4168763903731563,359.4796914066128,,4.23,4.44,-0.2099999999999999
330,Costa Rica,CRI,2003,-5.1137448974393696,,,4.543606176452272,19.35349273500029,40.8703033432111,4.317179866184143,398.3865579283519,,3.44,4.23,-0.7900000000000005
331,Costa Rica,CRI,2004,-3.562941104117311,,,4.811515915220791,24.064271360381227,45.9034055971761,4.424599596880506,437.70855528185575,,4.04,3.44,0.6000000000000001
332,Costa Rica,CRI,2005,-4.176096152214089,,,6.945545398018783,30.42403098239399,52.2372928756205,3.976666368136455,477.8951315869879,,4.14,4.04,0.0999999999999996
333,Costa Rica,CRI,2006,-4.041766900445845,,,7.816209227659747,37.809337930998055,58.2292221284041,7.326695432150571,511.5448499758455,,3.32,4.14,-0.8199999999999998
334,Costa Rica,CRI,2007,-5.450909820338317,,,10.088463441131951,46.58515474492893,63.6778728507736,8.21513198347306,517.2405011834965,,3.76,3.32,0.4399999999999999
335,Costa Rica,CRI,2008,-8.345146720178779,,,6.658714791083399,58.15959317351913,72.2262856815049,4.738174877918931,526.5286842661867,,3.31,3.76,-0.4499999999999997
336,Costa Rica,CRI,2009,-1.726455211650078,,,-18.736288211414983,66.52489630190269,77.8907777998878,-0.8734559428457547,570.558819444366,,2.18,3.31,-1.13
337,Costa Rica,CRI,2010,-3.199671066354138,,,18.726444661741443,67.16255796624189,82.3015433376896,5.360343526141493,521.8888872016752,,2.07,2.18,-0.1100000000000003
338,Costa Rica,CRI,2011,-5.302324009244502,,1830.4625,10.67093218441786,69.51505391904242,86.3162112305648,4.4031592398020205,502.39215755819055,10.29847593575,2.13,2.07,0.06
339,Costa Rica,CRI,2012,-5.143190875312894,,1988.85575,7.824970783423404,74.97296950564686,90.1965160617192,4.882592410288426,503.13223048654254,10.171754124,1.76,2.13,-0.3699999999999999
340,Costa Rica,CRI,2013,-4.814873635615921,,2026.0275,1.680638954514098,81.88030710893227,94.91499900505,2.49476611212918,500.9557681855824,9.3861625635,1.8,1.76,0.04
341,Costa Rica,CRI,2014,-4.737734085802896,,2064.4055,5.046277650761756,93.69410302275092,99.20439857516,3.5421098775241138,537.2183342043103,9.61738513875,1.73,1.8,-0.07
342,Costa Rica,CRI,2015,-3.3962142571844844,,2057.3015,4.498020426340698,100.0,100.0,3.652080967938434,534.5876796005082,9.61297364575,,1.73,
343,Costa Rica,CRI,2016,-2.09708299438996,,1995.74775,8.938430428421174,103.37821982438182,99.9825211494092,4.204323251786279,543.9595487663905,9.5378522955,1.78,,
344,Costa Rica,CRI,2017,-3.574044865219699,,2051.23675,5.012553235895286,107.35990524149798,101.608143889483,4.157698962877165,567.7810069852248,9.07172439475,,1.78,
345,Costa Rica,CRI,2018,-2.987168043695493,,2117.0525,2.85595796113112,107.12618506955206,103.864977223713,2.615904404439432,577.1877076702585,10.264046309,1.8,,
346,Costa Rica,CRI,2019,-1.282748983959836,,2175.098,-2.297429463267266,109.44058127876698,106.042035291144,2.417511817412402,587.0225195511011,11.755392085,1.62,1.8,-0.1799999999999999
347,Costa Rica,CRI,2020,-1.2111651050237504,,1938.173,-12.929295487004447,125.80010909463856,106.810746176613,-4.273354321590936,584.6794780479484,19.6068848475,1.51,1.62,-0.1100000000000001
348,Costa Rica,CRI,2021,-3.1692595427293275,,2039.832,19.24622889680851,139.96028682925433,108.654809731507,7.93576224743119,621.3503041853317,16.43337201,1.43,1.51,-0.08
349,Costa Rica,CRI,2022,-2.6025121250681758,,2154.25225,8.11776622585613,147.1211957946954,,4.551491779616647,644.7650129345473,12.2188307875,1.3,1.43,-0.1299999999999999
350,Croatia,HRV,1998,,-24.9219016176322,,,,64.88333333333334,,,,,,
351,Croatia,HRV,1999,,-13.3073622402891,,,,67.49999999999999,,,,,,
352,Croatia,HRV,2000,,25.5408170161523,,,,70.60833333333332,,1.0850960701301984,15.591666666666663,,,
353,Croatia,HRV,2001,,14.0495463310071,,,,73.27499999999999,,1.116631088336356,16.0,4.51,,
354,Croatia,HRV,2002,,20.1660644862299,1527.15,,,74.5,,1.0610651328208451,15.291666666666664,4.76,4.51,0.25
355,Croatia,HRV,2003,,-3.25049439824821,1536.35,,,75.81666666666668,,0.8851632167273088,14.075,2.55,4.76,-2.21
356,Croatia,HRV,2004,,13.7820612191567,1562.65,,,77.37500000000001,,0.8048620942348433,13.858333333333334,1.27,2.55,-1.2799999999999998
357,Croatia,HRV,2005,,49.5150437012124,1572.9,,,79.94166666666666,,0.8046194150770618,13.024999999999997,1.16,1.27,-0.1100000000000001
358,Croatia,HRV,2006,,44.2862913951252,1586.2,,,82.49166666666669,,0.7966972207602415,11.658333333333331,1.11,1.16,-0.0499999999999998
359,Croatia,HRV,2007,,68.6515361755031,1733.725,,,84.88333333333334,,0.7304854271467169,9.933333333333332,1.13,1.11,0.0199999999999997
360,Croatia,HRV,2008,,-29.4083232005073,1770.525,,,90.04166666666666,,0.6839823398226833,8.583333333333334,1.12,1.13,-0.0099999999999997
361,Croatia,HRV,2009,,-43.2858634294477,1756.975,,,92.18333333333332,,0.7198004234895539,9.291666666666666,1.31,1.12,0.1899999999999999
362,Croatia,HRV,2010,,6.33749526209994,1690.175,,,93.13333333333333,,0.755043518257105,11.758333333333333,1.34,1.31,0.03
363,Croatia,HRV,2011,,4.51123819991102,1624.9,,,95.25,,0.7191587544701675,13.508333333333336,1.34,1.34,0.0
364,Croatia,HRV,2012,,-16.3994121482678,1553.775,,,98.5,,0.7780062103958844,15.875,1.44,1.34,0.0999999999999998
365,Croatia,HRV,2013,,6.80928153573051,1506.9,,,100.68333333333337,,0.7532976583066694,17.425,1.49,1.44,0.05
366,Croatia,HRV,2014,,-3.35982607072073,1537.175,,,100.46666666666664,,0.7536951406455863,17.200000000000003,2.03,1.49,0.5399999999999998
367,Croatia,HRV,2015,,-3.58902717569503,1552.25,,,100.0,,0.9014516439080243,16.091666666666665,2.02,2.03,-0.0099999999999997
368,Croatia,HRV,2016,,3.33123624690257,1546.375,,,98.875,,0.9042815269151138,13.275,2.09,2.02,0.0699999999999998
369,Croatia,HRV,2017,,7.99939768275686,1562.075,,,99.99166666666666,,0.8871071738895161,10.941666666666668,1.96,2.09,-0.1299999999999999
370,Croatia,HRV,2018,,-6.36849057255332,1574.825,,,101.49166666666666,,0.8473244851464959,8.300000000000002,1.83,1.96,-0.1299999999999999
371,Croatia,HRV,2019,,4.5771412633321,1588.425,,,102.275,,0.8933483711885941,6.566666666666666,1.84,1.83,0.01
372,Croatia,HRV,2020,,-11.821125839142168,1563.95,,,,,0.8775415704404294,7.65,1.48,1.84,-0.3600000000000001
373,Croatia,HRV,2021,,16.50327785829593,1584.025,,,,,0.8455533927316643,7.5,1.39,1.48,-0.09
374,Croatia,HRV,2022,,3.5641519020367785,1606.8,,,116.375,,0.9508825237467844,6.7250000000000005,1.33,1.39,-0.0599999999999998
375,Czechia,CZE,1988,,,5251.0,,,,,,,,,
376,Czechia,CZE,1989,,,5245.0,,,,,,,,,
377,Czechia,CZE,1990,,,4995.0,,10.480199167364583,,,,,,,
378,Czechia,CZE,1991,,,4817.0,,25.885337757846933,32.4515625,,29.4744616657688,,,,
379,Czechia,CZE,1992,,,,,10.752933608644646,36.0493055555556,,28.2641088923696,,,,
380,Czechia,CZE,1993,,,4802.550539,,16.80901763367442,43.5522569444444,,29.1541274905824,4.30833333333333,,,
381,Czechia,CZE,1994,,,4863.016216,,21.536687444738853,47.9246527777778,,28.7853299130609,4.29166666666667,,,
382,Czechia,CZE,1995,-2.2618358581348503,-45.0047076053981,4908.005312,,22.773640769728324,52.2333333333333,,26.5400992707287,4.00833333333333,,,
383,Czechia,CZE,1996,-5.868186040862512,18.8700779912498,4914.537835,,23.687565507338036,56.8083333333333,,27.1488882272274,3.89166666666667,5.83,,
384,Czechia,CZE,1997,-5.657682015035551,1.96831493038884,4884.378337,5.848012589471543,19.437754230751395,61.6916666666667,-0.5958384142148532,31.7046266819882,4.775,5.45,5.83,-0.3799999999999999
385,Czechia,CZE,1998,-1.9427636181954009,-17.1217827997489,,5.5556790280866295,20.16783783097724,68.2916666666667,-0.3931501937504062,32.2807410753498,6.46666666666667,5.17,5.45,-0.2800000000000002
386,Czechia,CZE,1999,-2.113776245814452,3.37057375497064,4714.025,5.1845884133840725,23.033487483532788,69.75,1.378360609438357,34.5883610895445,8.7,2.79,5.17,-2.38
387,Czechia,CZE,2000,-4.438880352226291,20.9082249496245,4681.2,14.354526212874172,23.056581186718248,72.3833333333333,4.0106696199839895,38.6365984221093,8.775,4.32,2.79,1.5300000000000002
388,Czechia,CZE,2001,-4.72363445139858,-25.2555155915265,4683.55,11.352103333271929,27.343046647532468,75.7583333333334,2.9172195289956,38.0283775827634,8.125,4.21,4.32,-0.1100000000000003
389,Czechia,CZE,2002,-5.0479711333840775,6.44927859375446,4731.1,4.9864392812405365,16.49578700536849,77.2,1.5134594913999546,32.7328041018224,7.29166666666667,4.33,4.21,0.1200000000000001
390,Czechia,CZE,2003,-5.389746498688211,27.4541615015643,4701.15,9.46689510491715,23.939427199917265,77.2916666666667,3.3008368326129864,28.2082675591317,7.775,4.35,4.33,0.0199999999999995
391,Czechia,CZE,2004,-3.407317967105719,48.2608910010951,,25.58342788359088,28.671496282445194,79.425,4.73633969683439,25.6945777887571,8.29166666666667,2.24,4.35,-2.1099999999999994
392,Czechia,CZE,2005,-2.292071823955501,51.6558927410782,4764.025,12.482558412835614,28.21083185813127,80.9,6.375028860867913,23.954549493381,7.94166666666667,2.46,2.24,0.2199999999999997
393,Czechia,CZE,2006,-2.480934062126389,17.9728634267565,4828.075,11.482621771444338,34.34291581067474,82.95,6.62317299177448,22.585006377439,7.13333333333333,2.3,2.46,-0.1600000000000001
394,Czechia,CZE,2007,-4.443579644812937,20.0104986403585,4921.95,12.877266800887249,39.394774374477514,85.3166666666666,5.488825951645157,20.2889657451848,5.325,2.24,2.3,-0.0599999999999996
395,Czechia,CZE,2008,-1.4411121581659934,-23.4687536958852,5002.5,3.177965329446386,43.00179843101026,90.7416666666667,2.6122680720514,17.0778683629776,4.40833333333333,1.72,2.24,-0.5200000000000002
396,Czechia,CZE,2009,-2.2861176300889694,-29.1883548539022,4934.275,-11.07617184050055,43.25058308322798,91.6666666666666,-4.798324166849257,19.0504350194492,6.68333333333333,1.85,1.72,0.1300000000000001
397,Czechia,CZE,2010,-3.2051110336078774,21.7235045470016,,14.812491640619251,40.39196551682992,93.0166666666667,2.7146650990769943,19.0795065954577,7.29166666666667,2.13,1.85,0.2799999999999998
398,Czechia,CZE,2011,-2.019030576389567,-5.10856155758337,4872.7,6.715420010273048,40.98307249059929,94.8,1.7723808533847374,17.6722263143861,6.71666666666667,1.59,2.13,-0.5399999999999998
399,Czechia,CZE,2012,-1.567832555486944,-14.5598376916952,4889.975,2.637723546656241,44.38101720737505,97.9166666666666,-0.7706681906227397,19.5383039713909,6.975,1.46,1.59,-0.1300000000000001
400,Czechia,CZE,2013,-0.7857243733712085,2.53008823542315,4937.075,0.0625512265411046,46.89856770651949,99.325,-0.0418124160447581,19.5604776726896,6.96666666666667,1.49,1.46,0.03
401,Czechia,CZE,2014,0.8264158412697853,1.61862791499808,4974.175,10.018883432427808,49.30376460013467,99.6666666666666,2.245212198626362,20.7577731946797,6.11666666666667,2.03,1.49,0.5399999999999998
402,Czechia,CZE,2015,0.7359426556125933,0.811330496105048,5041.9,6.562805898764435,53.5795721669833,99.975,4.958758489156028,24.5929809272853,5.05833333333333,2.02,2.03,-0.0099999999999997
403,Czechia,CZE,2016,1.797233299782483,-11.4915342598054,5138.4,2.567984689755698,58.81207616833508,100.658333333333,2.5808701392137534,24.4405997788444,3.96666666666667,2.09,2.02,0.0699999999999998
404,Czechia,CZE,2017,1.4895612004694132,14.2948569702519,5221.475,6.031156101403194,66.04468319255332,103.125,5.173565299678801,23.3854697542192,2.90833333333333,1.96,2.09,-0.1299999999999999
405,Czechia,CZE,2018,0.2463002719006622,7.87771073491494,5293.65,5.511877098212166,67.73055996042034,105.341666666667,2.8303058826786445,21.7298061413828,2.26666666666667,1.83,1.96,-0.1299999999999999
406,Czechia,CZE,2019,0.3428754679279489,-2.90510021282785,5302.9,1.2909066777158371,71.73731275004863,108.341666666667,3.565776581282625,22.9311282522429,2.01666666666667,1.84,1.83,0.01
407,Czechia,CZE,2020,1.7796486637334348,-11.7838194142744,5234.925,-8.44583001350244,79.39882521193935,111.766666666667,-5.30487955463876,23.2124591928603,2.55,1.48,1.84,-0.3600000000000001
408,Czechia,CZE,2021,-2.10262793137294,29.1175897506485,,13.68397551686982,86.56936271094763,116.058333333333,4.029018320551467,21.6822229484284,2.80833333333333,1.39,1.48,-0.09
409,Czechia,CZE,2022,-4.621263368238238,6.40732772346043,5173.0,5.948134410865416,89.71482805857727,133.583333333333,2.847170658381429,23.3505731217454,2.4,1.33,1.39,-0.0599999999999998
410,Denmark,DNK,1988,,10.2117061021171,2682.8,,13.970806725267416,57.3835709640072,,6.73019840279136,5.65833333333333,,,
411,Denmark,DNK,1989,,46.2900188323917,2630.3,,2.6341095164356148,60.1223323054711,,7.31007452320431,6.81666666666667,,,
412,Denmark,DNK,1990,,10.6076210092688,2655.9,,13.459394661185382,61.7105240675052,,6.18636201353552,7.175,,,
413,Denmark,DNK,1991,,-0.69832402234636,2635.1,,16.088390101378465,63.1885857438509,,6.39279859452178,7.85,,,
414,Denmark,DNK,1992,,-14.1350210970464,2636.6,,18.419209475091407,64.5130449322626,,6.03836917847103,8.6,,,
415,Denmark,DNK,1993,,3.38520338520339,,,16.484977355467837,65.3245297741778,,6.48217711828717,9.55,,,
416,Denmark,DNK,1994,,17.1639820438342,2537.0,,18.18727466219955,66.6258036813919,,6.3602189511333,7.7,,,
417,Denmark,DNK,1995,,-3.67365336939375,2602.0,,13.324050375599807,68.014022393097,,5.60374252634364,6.71666666666667,,,
418,Denmark,DNK,1996,,17.1502105755732,2627.0,3.131460072823717,19.03856950646033,69.4602043077959,2.895749846897022,5.79824931932465,6.33333333333333,,,
419,Denmark,DNK,1997,,42.349328301989,2681.0,9.241918618538415,20.86908334315651,70.9759420660876,3.168480864473948,6.60407451385793,5.24166666666667,,,
420,Denmark,DNK,1998,,16.3657852980455,2693.0,7.581066580791105,20.531430412375475,72.2859104537508,2.3263024764377263,6.69932324149884,4.86666666666667,,,
421,Denmark,DNK,1999,,-3.2587073297522,2707.0,2.547458425789121,20.214892123191035,74.0914642270122,2.96730475940353,6.97991388645774,5.16666666666667,,,
422,Denmark,DNK,2000,,35.1461453128317,2722.0,13.709929266776191,18.17761527493319,76.2425447316103,3.724008397158066,8.08802806002572,4.325,2.41,,
423,Denmark,DNK,2001,,-5.07068578807856,2725.0,2.400201393918195,20.739508045246506,78.025,0.950032070480706,8.32081343742811,4.525,3.37,2.41,0.96
424,Denmark,DNK,2002,,-17.5424842216805,2715.0,6.371918961126727,21.263032289653395,79.9166666666667,0.4565299210773372,7.88427545976591,4.58333333333333,2.45,3.37,-0.92
425,Denmark,DNK,2003,,-1.3141671297583,2692.0,-1.0323119435610897,46.74537077505176,81.575,0.441090951298323,6.57700178387965,5.40833333333333,2.52,2.45,0.0699999999999998
426,Denmark,DNK,2004,,27.9439001535355,2720.0,7.153289024068269,37.216281028146,82.5166666666667,2.776351438563154,5.98756135327053,5.5,2.24,2.52,-0.2799999999999998
427,Denmark,DNK,2005,3.9003495827539902,29.9362509799607,2732.0,11.910369505969456,32.174137244110455,84.0166666666667,2.3596092145795207,5.99609258501585,4.84166666666667,2.46,2.24,0.2199999999999997
428,Denmark,DNK,2006,3.055202570696171,19.1825155931208,2787.0,13.94167989688635,43.43555246788533,85.6333333333333,3.81648867110016,5.94301094206472,3.90833333333333,2.3,2.46,-0.1600000000000001
429,Denmark,DNK,2007,1.1207957937098332,23.9368977308051,,5.806833136554601,44.89284102762245,87.0833333333334,0.987174384618844,5.44275538148512,3.75,2.24,2.3,-0.0599999999999996
430,Denmark,DNK,2008,2.7065282632617427,-22.6793171464043,2806.225,4.540213712015645,54.5733652675663,90.0583333333333,-0.4171778778837158,5.09894698160609,3.68333333333333,1.72,2.24,-0.5200000000000002
431,Denmark,DNK,2009,3.545298132973916,-26.6838741965829,2718.925,-12.1795792312635,62.32517679410191,91.2333333333333,-4.974478071461513,5.35941711211494,6.40833333333333,1.85,1.72,0.1300000000000001
432,Denmark,DNK,2010,6.305954869372711,33.202181854956,2661.4,1.3152349377415071,50.99846778488897,93.3416666666667,1.582896638477958,5.62175651232825,7.75,2.13,1.85,0.2799999999999998
433,Denmark,DNK,2011,6.264202391957522,0.980571260459952,2659.525,8.060251013754863,37.29112380947911,95.9166666666666,1.3108035277578531,5.35692618890771,7.75833333333333,1.59,2.13,-0.5399999999999998
434,Denmark,DNK,2012,5.998607507124162,7.33514714934848,2644.825,2.850430993089897,54.068320853219305,98.2166666666667,-0.0054325008190678,5.78994374098124,7.78333333333333,1.46,1.59,-0.1300000000000001
435,Denmark,DNK,2013,7.326239484384577,20.0688640711668,2636.3,1.4583177358909525,34.1984544623829,98.9916666666666,1.3926739197613496,5.61775368012422,7.375,1.49,1.46,0.03
436,Denmark,DNK,2014,8.39224291573659,29.3990246570348,2663.9,4.067597574298447,43.61758281327594,99.55,1.2779995096286827,5.61872773966372,6.925,2.03,1.49,0.5399999999999998
437,Denmark,DNK,2015,8.052273419433751,24.7745095000465,,4.062984446137283,58.84855907305673,100.0,2.104413741362242,6.72540849888638,6.26666666666667,2.02,2.03,-0.0099999999999997
438,Denmark,DNK,2016,7.225881937058083,-0.770636110709644,,4.286012239473869,50.47148188467167,100.25,3.0730524928717307,6.73078313884183,5.98333333333333,2.09,2.02,0.0699999999999998
439,Denmark,DNK,2017,7.412809809339008,9.63101113213708,2788.525,4.322357036603647,51.07616322914862,101.4,3.05647964762675,6.60179308817994,5.81666666666667,1.96,2.09,-0.1299999999999999
440,Denmark,DNK,2018,6.363706751912547,2.27911297479358,2832.275,5.705229230581652,50.43819159707173,102.225,1.860019195718042,6.31353824691009,5.15,1.83,1.96,-0.1299999999999999
441,Denmark,DNK,2019,7.510259036593327,3.84492436089599,2877.65,3.0533383515440526,,103.0,1.711397509844248,6.66923030052074,5.025,1.84,1.83,0.01
442,Denmark,DNK,2020,7.364805068826238,19.4018123876786,2852.375,-3.953742982486816,,103.433333333333,-1.7801054674250845,6.54200684759081,5.625,1.48,1.84,-0.3600000000000001
443,Denmark,DNK,2021,8.6253925671567,31.7000428865602,2907.525,9.551720451137973,,105.35,6.500321887286754,6.28813722975093,5.1083333333333325,1.39,1.48,-0.09
444,Denmark,DNK,2022,11.251463444769875,-0.721872692878458,2994.425,5.977966954906434,,113.458333333333,0.4438362876606971,7.07553846751678,4.475,1.33,1.39,-0.0599999999999998
445,Estonia,EST,1989,,,836.2,,,,,,,,,
446,Estonia,EST,1990,,,824.7,,,,,,,,,
447,Estonia,EST,1991,,,805.3,,,,,,,,,
448,Estonia,EST,1992,,,760.2,,,,,,,,,
449,Estonia,EST,1993,,,697.5,,,,,0.845087750833333,,,,
450,Estonia,EST,1994,,,673.6,,,,,0.830292204,,,,
451,Estonia,EST,1995,-3.968377181074272,,631.0,,,,,0.7327310725,,0.39,,
452,Estonia,EST,1996,-8.080350265191328,,,7.852702795649926,,,4.943015931206048,0.769368425,,0.04,0.39,-0.35
453,Estonia,EST,1997,-10.735800104887383,,615.0,29.40302389591147,,,13.050015017045563,0.887205527166667,9.625,0.03,0.04,-0.01
454,Estonia,EST,1998,-8.614373987602118,-40.9902138331078,604.0,12.991918123482218,,55.4791242971647,4.339834029788217,0.89953514925,9.15,0.0,0.03,-0.03
455,Estonia,EST,1999,-4.320171904261441,-35.8527412476635,,-5.729340384827197,,57.3077777587886,-0.4250274855622515,0.938068547416667,11.35,0.0,0.0,0.0
456,Estonia,EST,2000,-5.089207661678278,31.6497314366069,585.275,-5.352183505277848,,59.610684805086,10.087636844359224,1.08449332975,14.4583333333333,0.98,0.0,0.98
457,Estonia,EST,2001,-7.073179702992828,-8.41486046831324,589.625,12.365438070203451,,63.0372737682224,5.880745668218597,1.11705258641667,13.0416666666667,1.02,0.98,0.04
458,Estonia,EST,2002,-11.255330234316911,33.6962843901859,589.875,13.286068287617042,,65.2889101567173,6.933000696662831,1.06168699066667,11.3333333333333,0.91,1.02,-0.1099999999999999
459,Estonia,EST,2003,-12.905242214521458,39.6559870141413,602.95,14.002836880698904,,66.1605113393604,7.59630326923141,0.885585899333333,10.35,0.89,0.91,-0.02
460,Estonia,EST,2004,-12.209685164648423,41.4819926041053,,16.135792619091045,,68.177157212927,6.80069936763621,0.805003962583333,10.0833333333333,2.24,0.89,1.35
461,Estonia,EST,2005,-8.543068739341123,72.2514477279076,615.55,16.699348590129247,,70.9585903987148,9.52305256538748,0.804250337666667,7.975,2.46,2.24,0.2199999999999997
462,Estonia,EST,2006,-15.028566431755124,11.1029102514411,651.7,20.702752662971264,,74.1074632987541,9.762571700567518,0.796689056916667,5.94166666666667,2.3,2.46,-0.1600000000000001
463,Estonia,EST,2007,-15.244909596632796,31.9724078891862,657.6,12.981952837997053,,78.9995385640798,7.570921189398321,0.73075726775,4.6,2.24,2.3,-0.0599999999999996
464,Estonia,EST,2008,-8.7140241860322,-40.4000768657521,656.0,-6.157833547469051,,87.1857535932186,-5.125313131182092,0.683499397083333,,1.72,2.24,-0.5200000000000002
465,Estonia,EST,2009,2.580220031358946,-36.32332980502,593.875,-30.60556144516524,,87.1173927161485,-14.630220230307485,0.719480057333333,13.475,1.85,1.72,0.1300000000000001
466,Estonia,EST,2010,1.6534506039869858,72.4992713566598,567.975,21.256932804063837,,89.7065609351768,2.449747118974722,0.754595780083334,16.5833333333333,2.13,1.85,0.2799999999999998
467,Estonia,EST,2011,1.22307450232494,12.0655685124516,603.225,27.188324678162857,,94.1756532736315,7.606975594767054,0.719158754470168,12.35,1.59,2.13,-0.5399999999999998
468,Estonia,EST,2012,-1.791631590561645,-2.53370608498331,614.925,9.688149349179222,,97.879958299865,3.67201952512073,0.778006210395884,9.90833333333333,1.46,1.59,-0.1300000000000001
469,Estonia,EST,2013,-0.0478246091113808,28.3572228237928,621.35,2.445979693068539,,100.601575718216,1.756492714687596,0.753297658306669,8.49166666666667,1.49,1.46,0.03
470,Estonia,EST,2014,0.5861557932659254,-3.37074061515711,624.825,2.613129621170143,,100.494761847794,3.3227902019696542,0.753695140645586,7.31666666666667,2.03,1.49,0.5399999999999998
471,Estonia,EST,2015,1.417814015078601,9.48751120355809,640.9,-2.138055915079089,,100.0,1.8381550737001624,0.901451643908024,6.39166666666667,2.02,2.03,-0.0099999999999997
472,Estonia,EST,2016,0.9116551252753556,13.8415008514401,644.625,6.058350155334091,,100.148684907627,3.0930191700489607,0.904281526915114,6.83333333333333,2.09,2.02,0.0699999999999998
473,Estonia,EST,2017,1.790791744998929,19.2097687138284,658.575,3.5201293117105266,,103.571001315947,5.634672413475045,0.887107173889516,5.80833333333333,1.96,2.09,-0.1299999999999999
474,Estonia,EST,2018,0.6254957034995087,6.23255899975176,664.75,6.48579378568981,,107.130039478406,3.6996946927921774,0.847324485146496,5.39166666666667,1.83,1.96,-0.1299999999999999
475,Estonia,EST,2019,2.040787595314004,0.0982972742594356,671.35,3.6723909160122266,,109.569668278844,3.726650988411274,0.893348371188594,4.48333333333333,1.84,1.83,0.01
476,Estonia,EST,2020,-2.16601376414456,-3.07706818596864,,0.839435749771395,,109.08259702972,-2.883809564581484,0.877541570440429,6.88333333333333,1.48,1.84,-0.3600000000000001
477,Estonia,EST,2021,-3.896748623912328,42.9310413845557,654.225,23.53947874496652,,114.158392152171,8.25488395702159,0.845553392731664,6.20833333333333,1.39,1.48,-0.09
478,Estonia,EST,2022,-2.969899925601996,5.52217004478675,680.85,5.055394923072931,,136.303136484738,-1.2261708180033897,0.950882523746784,5.575,1.33,1.39,-0.0599999999999998
479,Finland,FIN,1988,,31.8669877009175,,,,58.1257388453521,,0.70406549462107,4.20833333333333,6.26,,
480,Finland,FIN,1989,,8.14251875246744,2494.0,,,61.9579168026765,,0.721209450591713,3.10833333333333,,6.26,
481,Finland,FIN,1990,,-27.1972255179337,2493.0,,,65.7680568522323,,0.642903955163341,3.16666666666667,6.37,,
482,Finland,FIN,1991,,-27.6670427479002,2365.0,-13.320818993986167,,68.6028018398129,,0.68001321957102,6.60833333333333,,6.37,
483,Finland,FIN,1992,,-19.4280762564991,2196.0,0.6978143172247795,,70.6055393078368,,0.754461605219208,11.7083333333333,,,
484,Finland,FIN,1993,,59.4644009464401,2061.0,1.3620614122426318,,72.1522621142855,,0.962163883436797,16.3416666666667,,,
485,Finland,FIN,1994,,49.4233492952047,2045.0,12.80892695768339,,72.9376815975034,,0.878431524247934,16.5833333333333,,,
486,Finland,FIN,1995,4.163325363350455,3.52064996614759,2090.0,8.19198216711365,,73.5147909492044,,0.734496296782172,15.4,,,
487,Finland,FIN,1996,3.8670389833340657,6.59254414650096,2119.0,7.23368637929368,,73.9773446366109,,0.77235960372682,14.5666666666667,,,
488,Finland,FIN,1997,5.124037414801673,56.9231398535608,,11.87931552086462,,74.8595662390814,,0.872421609009042,12.6416666666667,,,
489,Finland,FIN,1998,5.114736759282501,41.5739123634752,,8.471301687820327,,75.9072043920153,,,11.3583333333333,,,
490,Finland,FIN,1999,4.911548750932628,72.1498011489174,,4.287057193746279,,76.7894259944859,,0.938562898111359,10.2166666666667,,,
491,Finland,FIN,2000,7.2352381086599955,91.0018503069584,,14.861114405674035,,79.1254344024334,,1.0850960701302,9.78333333333333,2.41,,
492,Finland,FIN,2001,8.146263742175547,-42.4571309763067,2367.025,1.3836685803973323,,81.165636861212,,1.11663108833636,9.125,3.37,2.41,0.96
493,Finland,FIN,2002,8.102501298095076,-22.5557705188498,2372.35,4.291941660555693,,82.4409282494724,,1.06106513282085,9.075,2.45,3.37,-0.92
494,Finland,FIN,2003,4.68093800615724,-14.4810897499128,2364.925,4.107502099650381,,83.1642967359882,,0.885163216727309,9.00833333333333,2.52,2.45,0.0699999999999998
495,Finland,FIN,2004,5.713384158745048,7.48859731636914,,8.123522569509595,,83.3199165744729,,0.804862094234843,8.825,2.24,2.52,-0.2799999999999998
496,Finland,FIN,2005,3.425677028516712,17.2732699548097,2400.825,11.183023320377568,,83.8397255343646,,0.804619415077062,8.4,2.46,2.24,0.2199999999999997
497,Finland,FIN,2006,3.882403360480167,24.8976063584884,2443.475,6.588947672331722,,85.1532145677363,,0.796697220760242,7.71666666666667,2.3,2.46,-0.1600000000000001
498,Finland,FIN,2007,4.145938634781865,24.3963219173454,,7.382245713700054,,87.2911275688626,,0.730485427146717,6.86666666666667,2.24,2.3,-0.0599999999999996
499,Finland,FIN,2008,1.85524296986928,-23.9905471050509,2530.875,7.965530876317474,,90.840342616484,,0.683982339822683,,1.72,2.24,-0.5200000000000002
500,Finland,FIN,2009,1.962536854040457,-32.8148574395276,2457.275,-16.997335286614554,,90.840342616484,,0.719800423489554,8.36666666666667,1.85,1.72,0.1300000000000001
501,Finland,FIN,2010,1.530337423232189,21.5465407230592,2447.475,6.297547319091966,,91.9160148674854,,0.755043518257105,8.54166666666666,2.13,1.85,0.2799999999999998
502,Finland,FIN,2011,-1.1684731493427152,-5.85428315810311,2473.675,6.210726707985624,,95.0566095669036,,0.719158754470168,7.96666666666667,1.59,2.13,-0.5399999999999998
503,Finland,FIN,2012,-2.281911821805351,-14.3606409125316,2483.225,1.1253065955095527,,97.7261150614092,,0.778006210395884,7.80833333333334,1.46,1.59,-0.1300000000000001
504,Finland,FIN,2013,-2.244703008925949,16.3613230827397,2456.725,0.1279368844703259,,99.1707886231416,,0.753297658306669,8.3,1.49,1.46,0.03
505,Finland,FIN,2014,-1.5596764445014175,16.2726793350191,2447.25,-0.8984068252299192,,100.203354880414,,0.753695140645586,8.75,2.03,1.49,0.5399999999999998
506,Finland,FIN,2015,-0.9223526612048932,12.8679219066671,2436.8,2.1354320556555364,,99.995,,0.901451643908024,9.45833333333334,2.02,2.03,-0.0099999999999997
507,Finland,FIN,2016,-1.7399874769696797,-3.50215577010999,2448.1,5.658268462023974,,100.351666666667,,0.904281526915114,8.91666666666667,2.09,2.02,0.0699999999999998
508,Finland,FIN,2017,-0.7295652290789348,15.2513723798634,2473.2,4.335975905713696,,101.108333333333,,0.887107173889516,8.76666666666667,1.96,2.09,-0.1299999999999999
509,Finland,FIN,2018,-1.7494330119151758,3.44898111405491,2539.925,5.834078845350975,,102.204166666667,,0.847324485146496,7.43333333333334,1.83,1.96,-0.1299999999999999
510,Finland,FIN,2019,0.1242007974443312,-3.31779714925257,2565.6,2.374726686653303,,103.250833333333,,0.893348371188594,6.74166666666667,1.84,1.83,0.01
511,Finland,FIN,2020,0.2124221013597199,1.63218613371661,,-6.120022458798016,,103.550833333333,,0.877541570440429,7.725,1.48,1.84,-0.3600000000000001
512,Finland,FIN,2021,-0.1351259877477466,27.6640159796715,2573.35,6.9950981541853325,,105.823333333333,,0.845553392731664,7.675,1.39,1.48,-0.09
513,Finland,FIN,2022,-2.4354911602588465,-10.2506802621833,2640.2,9.25810234658424,,113.361666666667,,0.950882523746784,6.76666666666667,1.33,1.39,-0.0599999999999998
514,France,FRA,1988,,-7.51983758083892,21521.37771,8.785634044570452,,63.1302434975097,4.814209286633106,0.908142606908685,10.0666666666667,,,
515,France,FRA,1989,,44.1088070794415,21842.0,8.109242203992201,,65.3387299391256,4.405176428460676,0.972648867735741,9.675,,,
516,France,FRA,1990,,-4.33008011644234,23064.45688,4.944368699926605,,67.4258333333334,2.8296205878827023,0.830229725424075,9.36666666666667,,,
517,France,FRA,1991,,-5.6366931692944,23089.35029,3.1351274814046035,,69.5925,1.2366689466497292,0.859942038883646,9.625,,,
518,France,FRA,1992,,3.31648830975986,22984.28713,1.75016885067918,,71.2375,1.516067423688135,0.807019362549679,10.6416666666667,,,
519,France,FRA,1993,,11.2374866150804,22683.1975,-3.379062922741503,,72.7366666666667,-0.3590040007509514,0.863214611120343,11.825,,,
520,France,FRA,1994,,6.02912468291881,22713.89388,8.767309417832136,,73.9408333333333,2.3836608611014416,0.846405836561441,12.275,,,
521,France,FRA,1995,,-10.214579303675,22914.759,7.03913001290917,,75.2691666666667,2.3047988736860714,0.760845096045422,11.95,,,
522,France,FRA,1996,,13.8609542146613,22973.49288,2.297131153897713,,76.7616666666667,1.3970738362579207,0.779898682383144,12.4,,,
523,France,FRA,1997,,29.1176856646536,23104.053,7.774779416001197,,77.6858333333334,2.527061633935696,0.88989318913689,12.3333333333333,,,
524,France,FRA,1998,,30.7597411815347,23520.51013,12.160037965826996,,78.1916666666666,3.4525943427961616,,12.05,,,
525,France,FRA,1999,3.329481717947928,22.0511911782628,24005.29525,6.705940559562384,,78.6116666666667,3.399308088094408,0.938562898111359,11.3166666666667,,,
526,France,FRA,2000,1.0983382236200665,37.0903562015195,24628.80888,14.746791515301284,,79.9291666666667,4.141053492084692,1.0850960701302,9.55833333333334,2.41,,
527,France,FRA,2001,1.5255712071545584,-19.1110550185953,25098.79763,2.296421806218288,,81.2358333333333,1.8994711755056417,1.11663108833636,8.74166666666667,3.37,2.41,0.96
528,France,FRA,2002,1.0969324122132331,-21.7433615655845,,2.3385806953542807,,82.7983333333333,1.0677446341014951,1.06106513282085,,2.45,3.37,-0.92
529,France,FRA,2003,0.7700690525707865,-16.3764003984913,24704.825,0.6769724553189921,,84.5358333333333,0.967831690385298,0.885163216727309,8.508333333333333,2.52,2.45,0.0699999999999998
530,France,FRA,2004,0.4621526400591319,19.4827208536731,,6.0045893574769975,,86.3466666666666,2.868248965451573,0.804862094234843,8.875,2.24,2.52,-0.2799999999999998
531,France,FRA,2005,0.0267113442048469,17.7325613140785,24984.175,6.250503021183435,,87.8541666666667,1.88856964804238,0.804619415077062,8.891666666666666,2.46,2.24,0.2199999999999997
532,France,FRA,2006,0.186371485882642,21.5077836542137,25150.15,5.769597342850176,,89.3258333333333,2.714062951568819,0.796697220760242,8.85,2.3,2.46,-0.1600000000000001
533,France,FRA,2007,-0.2046601166167179,13.1366766314349,25586.675,5.473330297026264,,90.655,2.5304253911803123,0.730485427146717,8.025,2.24,2.3,-0.0599999999999996
534,France,FRA,2008,-0.7831697233913606,-24.8723619249437,25926.425,1.2644584683890423,,93.205,0.3801714358491284,0.683982339822683,7.441666666666667,1.72,2.24,-0.5200000000000002
535,France,FRA,2009,-0.530387202644733,-22.639371705691,25674.375,-8.92941837508974,,93.2866666666666,-2.8245515371478027,0.719800423489554,9.125,1.85,1.72,0.1300000000000001
536,France,FRA,2010,-0.6773660849365849,14.4719899918522,25730.675,8.602158554720445,,94.715,2.000324760390497,0.755043518257105,9.283333333333331,2.13,1.85,0.2799999999999998
537,France,FRA,2011,-0.8238053598290177,-1.94631095244769,25758.825,5.86988632053306,,96.715,2.437576537290068,0.719158754470168,9.2,1.59,2.13,-0.5399999999999998
538,France,FRA,2012,-1.0209032069273254,-5.49108326610287,25804.225,0.3309618856413643,,98.605,0.1838352649730013,0.778006210395884,9.758333333333333,1.46,1.59,-0.1300000000000001
539,France,FRA,2013,-0.692039731904263,18.675472353883,,2.74596088837268,,99.4566666666666,0.7817520605252055,0.753297658306669,10.3,1.49,1.46,0.03
540,France,FRA,2014,-0.9369315045462324,11.2383573893725,26376.0,4.26436616934075,,99.9616666666666,0.9978373424042204,0.753695140645586,10.266666666666666,2.03,1.49,0.5399999999999998
541,France,FRA,2015,-0.3691194228455108,12.1580893777811,26441.8,5.819408163108324,,99.9991666666667,1.0667590565272818,0.901451643908024,10.358333333333334,2.02,2.03,-0.0099999999999997
542,France,FRA,2016,-0.5428674677040514,-7.63671794067744,26579.675,3.800563933405576,,100.1825,0.86002677554462,0.904281526915114,10.058333333333334,2.09,2.02,0.0699999999999998
543,France,FRA,2017,-0.4063294920441573,17.950406777721,26802.975,4.453762853492927,,101.216666666667,2.0836148599739865,0.887107173889516,9.416666666666666,1.96,2.09,-0.1299999999999999
544,France,FRA,2018,-0.5437011027236626,2.60543324240375,27021.375,3.160596095704081,,103.09,1.6459087239588726,0.847324485146496,9.016666666666667,1.83,1.96,-0.1299999999999999
545,France,FRA,2019,0.8799299949578283,1.70533968131832,27132.175,1.936112826178795,,104.2325,2.027450537733948,0.893348371188594,8.441666666666666,1.84,1.83,0.01
546,France,FRA,2020,-2.114178827630801,-7.08488304786012,,-12.237924932029376,,104.729166666667,-7.440649595001268,0.877541570440429,8.03333333333333,1.48,1.84,-0.3600000000000001
547,France,FRA,2021,0.2294756729931177,25.6036976620956,27727.6,8.263639674894764,,106.449166666667,6.882342147152275,0.845553392731664,7.875,1.39,1.48,-0.09
548,France,FRA,2022,-1.484849565234709,-1.13720714970272,28341.1,9.046576787985126,,112.008333333333,2.716758496423412,0.950882523746784,7.316666666666667,1.33,1.39,-0.0599999999999998
549,Germany,DEU,1988,,-16.6556687929223,,5.469961807066139,,59.6328546230795,3.704255962562335,0.897905237162739,,,,
550,Germany,DEU,1989,,28.5027271127793,,8.601538421328813,,61.2909839566595,3.905284181117144,0.961220215117538,,,,
551,Germany,DEU,1990,,17.7798822509242,,10.770221471150782,,62.9436768006212,5.2436528159337685,0.82618376852794,,,,
552,Germany,DEU,1991,-1.2215640702955488,-9.84577678320593,36870.75,10.893013031652709,,65.4910288078316,5.116413850863776,0.848135233293964,5.525,,,
553,Germany,DEU,1992,-1.0113399153775335,,36389.75,2.823801443676729,,68.8028970737547,2.0171585850452773,0.798612353834434,6.56666666666666,,,
554,Germany,DEU,1993,-0.8261030857295105,5.76859476336487,35988.5,-8.175704974306441,,71.8815351801058,-0.9799498273989736,0.845323127947385,7.79166666666667,,,
555,Germany,DEU,1994,-1.3671239800300383,14.8854193165437,35756.0,8.010987486528903,,73.8173455045538,2.5969472501427027,0.829788376290373,8.45,,,
556,Germany,DEU,1995,-1.1624841832967987,-2.42371122131243,35780.0,6.484422156987312,,75.0767883662429,1.5118865960907673,0.732689787285534,8.25,,,
557,Germany,DEU,1996,-0.5984148943821118,12.9485961204798,35636.75,3.960198219805782,,76.1651957775791,1.031101212345042,0.769336632870274,8.94166666666667,,,
558,Germany,DEU,1997,-0.4254509101381866,37.0068226528819,35508.0,9.226647654166792,,77.6423201215354,1.8543842312089929,0.886656815776422,9.675,,,
559,Germany,DEU,1998,-0.5154046575876163,27.8263366766161,,9.335204979747948,,78.349784938904,2.102230088917474,,9.45,,,
560,Germany,DEU,1999,-1.2203609883331048,3.5883892400903,36042.37867,8.757211783974034,,78.8084709193956,2.1262947087646773,0.938562898111359,8.625,,,
561,Germany,DEU,2000,-1.6298640884865518,26.9974320461263,36235.4953075,10.587078367836396,,79.9435243626463,2.879663142560311,1.0850960701302,8.00833333333333,2.41,,
562,Germany,DEU,2001,-0.2586860858007539,-24.5316851703483,36346.1742625,0.7285651353633018,,81.5294894477362,1.6391442504416276,1.11663108833636,7.85833333333333,3.37,2.41,0.96
563,Germany,DEU,2002,1.8478708687947825,-23.3550232185286,36061.3751625,-3.113697020189641,,82.6878659069441,-0.2342485124010919,1.06106513282085,8.68333333333333,2.45,3.37,-0.92
564,Germany,DEU,2003,1.4323825409821982,-22.4439670335193,35753.57936,4.925345953494612,,83.5430431587082,-0.5298010472000739,0.885163216727309,9.80833333333333,2.52,2.45,0.0699999999999998
565,Germany,DEU,2004,4.464403262230365,23.0109425495897,,6.876355170891144,,84.9346497774882,1.1651135340393173,0.804862094234843,10.5,2.24,2.52,-0.2799999999999998
566,Germany,DEU,2005,4.645160461157667,15.6851448249524,36361.15,5.987416711477496,,86.248513009744,0.8884495907971071,0.804619415077062,11.2833333333333,2.46,2.24,0.2199999999999997
567,Germany,DEU,2006,5.704422832301607,24.7386799245281,37172.1,10.63960155443558,,87.6090222739143,3.857558046494826,0.796697220760242,10.275,2.3,2.46,-0.1600000000000001
568,Germany,DEU,2007,6.630653960952153,24.229897015409,37988.35,5.957491998934241,,89.6225759848864,2.892054574026636,0.730485427146717,8.54166666666667,2.24,2.3,-0.0599999999999996
569,Germany,DEU,2008,5.6384139494262655,-20.4733693037196,38540.85,1.672709768545546,,91.9782005965641,0.8879026552360568,0.683982339822683,7.425,1.72,2.24,-0.5200000000000002
570,Germany,DEU,2009,5.84762606004022,-24.7245058193238,,-10.07358345244748,,92.2658511267029,-5.550055196784124,0.719800423489554,7.341666666666666,1.85,1.72,0.1300000000000001
571,Germany,DEU,2010,5.747183351830033,21.0443809763385,,12.481239975054256,,93.2842894901675,4.143614781755462,0.755043518257105,6.575,2.13,1.85,0.2799999999999998
572,Germany,DEU,2011,6.280904871771371,4.84955850896669,38785.875,6.677467142843339,,95.2200998146155,3.757863432245364,0.719158754470168,5.525,1.59,2.13,-0.5399999999999998
573,Germany,DEU,2012,7.2010874500828725,0.358224540556461,39125.95,-0.4169014460641204,,97.1325871231064,0.4661940600419008,0.778006210395884,5.08333333333333,1.46,1.59,-0.1300000000000001
574,Germany,DEU,2013,6.765741985105592,18.462676034288,39529.725,1.785232274313837,,98.5941627897579,0.3942922768128519,0.753297658306669,4.941666666666666,1.49,1.46,0.03
575,Germany,DEU,2014,7.322500111370488,11.9064174819658,39869.525,3.463775693196669,,99.488211734784,2.177455674976561,0.753695140645586,4.70833333333333,2.03,1.49,0.5399999999999998
576,Germany,DEU,2015,8.29584040078626,13.0896339967842,40208.725,5.326973069124223,,100.0,1.6630066345897576,0.901451643908024,4.3583333333333325,2.02,2.03,-0.0099999999999997
577,Germany,DEU,2016,8.991881551756816,-8.106662211162,41265.125,3.7419459446061065,,100.491748624771,2.217077705662218,0.904281526915114,3.9,2.09,2.02,0.0699999999999998
578,Germany,DEU,2017,8.100339235098222,19.1952320928127,41661.425,4.137106943250379,,102.008668111352,2.8055960997214755,0.887107173889516,3.5250000000000004,1.96,2.09,-0.1299999999999999
579,Germany,DEU,2018,8.463261284705705,-1.51029795273002,41912.8,5.020835685166235,,103.775629271545,1.1332209176857613,0.847324485146496,3.191666666666667,1.83,1.96,-0.1299999999999999
580,Germany,DEU,2019,7.959966198681753,-4.96165983359372,,3.471546466182675,,105.275879313219,0.9728948748426128,0.893348371188594,2.95,1.84,1.83,0.01
581,Germany,DEU,2020,6.315148088170925,-0.564738033006797,,-8.143111732844375,,105.428393042127,-4.127319015553214,0.877541570440429,3.625,1.48,1.84,-0.3600000000000001
582,Germany,DEU,2021,7.005162586221722,20.7799636918344,40857.525,9.32749943369439,,108.661530428752,3.9124996988672,0.845553392731664,3.6,1.39,1.48,-0.09
583,Germany,DEU,2022,,-14.6919944522077,41937.1,,,116.129374935903,,0.950882523746784,3.141666666666666,1.33,1.39,-0.0599999999999998
584,Greece,GRC,1988,,33.5299440512447,3651.16248,7.336515943073297,,21.6071175273281,4.287889039242209,0.415718537539741,,,,
585,Greece,GRC,1989,,22.8180486886227,3663.06687,10.472873746485954,,24.5576913436666,3.7989619657772993,0.475666495475666,,,,
586,Greece,GRC,1990,,188.033898537822,3713.21046,8.361502525732062,,29.5756852730378,0.0003906417853828,0.46434739545121,,,,
587,Greece,GRC,1991,,-1.63733833796694,3628.27206,5.839364890205244,,35.3298853247664,3.1016836595179704,0.534304377598435,,,,
588,Greece,GRC,1992,,-21.3597369866555,3680.0391,1.0762836752603782,,40.939235109949,0.6971545485545237,0.558967571533382,,,,
589,Greece,GRC,1993,,2.75131351209767,3715.36318,0.6290647576298873,,46.8390978896547,-1.5991270647552336,0.672252090975789,,,,
590,Greece,GRC,1994,,14.7546785028791,3786.157,1.49771273218615,,51.9324186002666,1.9998470480269328,0.710909904622157,,,,
591,Greece,GRC,1995,,-3.75428821322852,3820.51027,8.946869937607262,,56.5723277994504,2.0998134957825663,0.679613206162876,,,,
592,Greece,GRC,1996,,5.36939115763864,3868.2831,6.998093709240512,,61.2081746914793,2.3584020418631946,0.706262631450232,,,,
593,Greece,GRC,1997,,57.9423437043654,3853.33532,14.168502977167217,,64.596661155166,3.637608174839867,0.801017534849596,,,,
594,Greece,GRC,1998,,47.8839596012335,4017.9,9.243973553447509,,67.6754837477428,3.363683540123597,,,,,
595,Greece,GRC,1999,,103.013168337441,4031.3,15.036463423802726,,69.4598415613419,3.419671382930176,0.897116923453167,11.9833333333333,,,
596,Greece,GRC,2000,,-5.71771265407481,,15.074178158290296,,71.6486444751708,4.477200260379316,,11.2333333333333,2.41,,
597,Greece,GRC,2001,,-34.868638728547,4202.175,1.4195578954235308,,74.0660456727776,4.650414147230562,1.11663108339447,10.675,3.37,2.41,0.96
598,Greece,GRC,2002,-6.893150180606017,-23.7040760666749,4264.775,-5.940950877361506,,76.7541712830524,4.683137135241194,1.06106513282085,10.3333333333333,2.45,3.37,-0.92
599,Greece,GRC,2003,-8.421732499173075,-11.4151719999335,,6.371754428635119,,79.4640930387748,5.79682308542361,0.885163216727309,9.74166666666667,2.52,2.45,0.0699999999999998
600,Greece,GRC,2004,-7.50489799273424,27.6391450817232,,6.994154474015523,,81.7676362870032,5.3778662069547725,0.804862094234843,10.6083333333333,2.24,2.52,-0.2799999999999998
601,Greece,GRC,2005,-8.899891209764457,29.3492749925964,4443.5,0.1421025837440638,,84.6663587217127,1.1835062537048646,0.804619415077062,10.0083333333333,2.46,2.24,0.2199999999999997
602,Greece,GRC,2006,-11.55036532234962,26.6549741955764,4527.525,9.784435105759316,,87.3722498013572,6.4433977312990445,0.796697220760242,9.03333333333333,2.3,2.46,-0.1600000000000001
603,Greece,GRC,2007,-14.815602372141324,21.9518472511294,4563.975,12.9202100327832,,89.9016773242016,3.506870050430035,0.730485427146717,8.41666666666666,2.24,2.3,-0.0599999999999996
604,Greece,GRC,2008,-14.758124760273311,-30.1151605951222,,3.228193032622113,,93.6351109081539,0.0574738546767061,0.683982339822683,7.76666666666667,1.72,2.24,-0.5200000000000002
605,Greece,GRC,2009,-12.261315587308726,-36.0931106760201,4555.95,-19.63381692407125,,94.7681649939268,-4.119276164047598,0.719800423489554,9.75,1.85,1.72,0.1300000000000001
606,Greece,GRC,2010,-9.495420759584691,-21.3679606296165,4389.675,-4.265604873596813,,99.234571159544,-5.693741532327962,0.755043518257105,12.9583333333333,2.13,1.85,0.2799999999999998
607,Greece,GRC,2011,-8.845733678102397,-31.7879655294599,4054.325,-9.782213544157388,,102.538953543403,-9.87677877198603,0.719158754470168,18.0916666666667,1.59,2.13,-0.5399999999999998
608,Greece,GRC,2012,-3.619979623240472,-38.9877400998341,3694.975,-5.49236143091778,,104.078596210065,-8.331134344575613,0.778006210395884,24.8083333333333,1.46,1.59,-0.1300000000000001
609,Greece,GRC,2013,-1.4746847851867757,40.3807326556425,3513.15,-3.609661347397078,,103.119749356923,-2.2721166578956864,0.753297658306669,27.825,1.49,1.46,0.03
610,Greece,GRC,2014,-1.020093011410216,14.9831106305837,3536.25,6.837216748698827,,101.766568272543,0.7922248264452695,0.753695140645586,26.65,2.03,1.49,0.5399999999999998
611,Greece,GRC,2015,-1.1294923116992892,-35.5620725206652,3610.675,8.177098382535435,,100.0,-0.2283016053434998,0.901451643908024,24.9833333333333,2.02,2.03,-0.0099999999999997
612,Greece,GRC,2016,-2.0542503995055816,-22.1224878594181,3673.55,2.129842456792685,,99.1743424101528,-0.0317952842078028,0.904281526915114,23.875,2.09,2.02,0.0699999999999998
613,Greece,GRC,2017,-2.327222751182195,28.5295210501128,3752.675,7.14852256840235,,100.286343677309,1.4731246696129734,0.887107173889516,21.8416666666667,1.96,2.09,-0.1299999999999999
614,Greece,GRC,2018,-3.199327950125734,0.800575037177181,3827.95,8.25082788251001,,100.913755610096,2.0646724761320097,0.847324485146496,19.7416666666667,1.83,1.96,-0.1299999999999999
615,Greece,GRC,2019,-1.5817341462866987,6.80156187402564,3911.025,2.819819127681429,,101.169060094901,2.277180701206888,0.893348371188594,17.8833333333333,1.84,1.83,0.01
616,Greece,GRC,2020,-4.939945100630492,-13.6535945800228,,-7.2954894731895,,99.9064988481356,-9.196231624975551,0.877541570440429,17.6166666666667,1.48,1.84,-0.3600000000000001
617,Greece,GRC,2021,-6.624929014128787,26.486362206249,3928.0,17.373217733605344,,101.1291802039,8.654498078108375,0.845553392731664,14.7916666666667,1.39,1.48,-0.09
618,Greece,GRC,2022,,0.7486190012418,4140.6,,,110.883353700994,,0.950882523746784,12.4583333333333,1.33,1.39,-0.0599999999999998
619,Hungary,HUN,1988,,,,,,5.50995439089789,,50.4132083333333,,,,
620,Hungary,HUN,1989,,,,,,6.45486475686371,,59.0663416666667,,,,
621,Hungary,HUN,1990,,,,,4.427785824536621,8.28608370830057,,63.2058666666667,,,,
622,Hungary,HUN,1991,,,,,20.649021033625715,11.1710944403503,,74.7692790402922,,10.07,,
623,Hungary,HUN,1992,,-10.8334023007531,4026.0,,22.58723303370209,13.8136969492582,,78.9894272005822,,,10.07,
624,Hungary,HUN,1993,,4.21384815296082,,,14.972576954848595,16.9168391096034,,91.9092944571749,,8.96,,
625,Hungary,HUN,1994,,76.0598503740648,3644.0,,12.796181709352165,20.1087217070631,,105.121027060158,,,8.96,
626,Hungary,HUN,1995,-3.857371617107957,-13.6027923917442,3575.0,,13.893438984911777,25.800588806356,,125.720324483118,,,,
627,Hungary,HUN,1996,-3.9843489832072105,109.385795421278,3557.0,6.9696811428141645,19.355544811543908,31.855737070086,,152.609029733542,9.91666666666667,8.62,,
628,Hungary,HUN,1997,-4.598572454122954,119.216464863958,3567.0,24.02570199048948,18.756525421036436,37.6869543870351,,186.628637317932,9.05,4.48,8.62,-4.139999999999999
629,Hungary,HUN,1998,-7.661119585767885,7.98785621348573,,22.582279583103077,20.407486750056446,43.0210865992104,,214.2611353049124,8.70833333333333,,4.48,
630,Hungary,HUN,1999,-8.435684004992245,-4.78879228879229,3791.475,13.187763161572372,19.787732650829525,47.3222246606005,,237.063184861033,6.86666666666667,,,
631,Hungary,HUN,2000,-8.754767906975092,30.1491526264857,,23.14956735084072,23.73959507199819,51.9615099925981,,282.286156251961,6.26666666666667,,,
632,Hungary,HUN,2001,-6.188883780234266,-21.0867639211224,3868.275,5.804880611091565,25.492137554611205,56.6987416728349,,286.491416682352,5.575,,,
633,Hungary,HUN,2002,-6.35302826703414,12.5323423957877,3870.65,8.671421388967026,24.180542302235835,59.6841845546509,,257.884059677768,5.58333333333333,7.91,,
634,Hungary,HUN,2003,-8.223019273573255,8.10399588822108,3921.9,9.48675261515579,28.953137863656533,62.4660745127066,,224.297245953322,5.74166666666667,,7.91,
635,Hungary,HUN,2004,-9.076072007047598,39.8185791577041,,18.104090250327644,30.27698865983864,66.6790032075006,,202.609358860343,6.06666666666667,2.24,,
636,Hungary,HUN,2005,-7.236332267019412,61.8390273990553,3901.475,7.9718757713465,34.655310030072705,69.053787318036,,199.52678654558,7.175,2.46,2.24,0.2199999999999997
637,Hungary,HUN,2006,-7.373503906545033,18.6316965259367,3928.375,15.08693616158331,40.342391764387315,71.767826301505,,210.401590344438,7.45833333333333,2.3,2.46,-0.1600000000000001
638,Hungary,HUN,2007,-7.246726595956272,15.7952619825573,3901.975,14.030557597954449,40.28543796162694,77.479644707624,,183.594690915365,7.39166666666667,2.24,2.3,-0.0599999999999996
639,Hungary,HUN,2008,-7.273429278718808,-24.311467372764,3848.325,5.87561308269568,44.05529654112968,82.161361954108,,172.464466872138,,1.72,2.24,-0.5200000000000002
640,Hungary,HUN,2009,-1.316260118680008,-18.7481846147509,3747.725,-14.202626257363114,46.85981024845701,85.6217616580311,,202.062161247569,9.675,1.85,1.72,0.1300000000000001
641,Hungary,HUN,2010,-0.0876928876656963,40.1268260436686,3732.4,9.78895836212188,45.02445259063241,89.7791759190723,,207.76418530805,10.8,2.13,1.85,0.2799999999999998
642,Hungary,HUN,2011,0.3455413101108203,-8.66655740973134,3759.05,4.069772076610573,45.83394667931567,93.307426597582,,200.906804073342,10.6583333333333,1.59,2.13,-0.5399999999999998
643,Hungary,HUN,2012,1.132576817590817,-12.0211644798647,3827.2,-3.092765523876091,43.765889560227826,98.5812978040957,,224.822812417655,10.5833333333333,1.46,1.59,-0.1300000000000001
644,Hungary,HUN,2013,2.950013975788842,3.2630472435162,3892.725,4.152122061092218,47.75453927872848,100.289908709598,,223.581722269277,9.63333333333333,1.49,1.46,0.03
645,Hungary,HUN,2014,0.7516093497346653,-3.89291008140767,4100.825,10.888283267290957,49.823382742102226,100.06168270417,,232.619142512077,7.45833333333333,2.03,1.49,0.5399999999999998
646,Hungary,HUN,2015,2.194991280042573,17.2805586585479,4210.5,5.671209550489362,52.341680680705245,100.0,,279.193980574377,6.51666666666667,2.02,2.03,-0.0099999999999997
647,Hungary,HUN,2016,4.46251576176369,28.9397638115169,4351.65,3.446195449532863,54.56669720504268,100.394769306686,,281.520989632348,4.88333333333333,2.09,2.02,0.0699999999999998
648,Hungary,HUN,2017,1.7376221745088152,31.5475654545595,,8.418913376424621,62.085716982736045,102.752282260054,,274.476448600916,4.05,1.96,2.09,-0.1299999999999999
649,Hungary,HUN,2018,0.3183735072427999,5.5502335658301,4459.25,6.98382739891694,72.06802020985107,105.680977054034,,270.221171466215,3.4916666666666663,1.83,1.96,-0.1299999999999999
650,Hungary,HUN,2019,-0.5638979305114598,10.0993461933897,4495.025,8.186356805228803,73.9414240341892,109.209227732544,,290.602609417153,3.2583333333333333,1.84,1.83,0.01
651,Hungary,HUN,2020,-0.953174435276118,-10.3417264270268,,-3.603873261789049,86.93762282433913,112.842339008142,,307.991307947487,4.125,1.48,1.84,-0.3600000000000001
652,Hungary,HUN,2021,-4.050109576589752,29.3266770534512,4617.025,7.709190328814103,102.7248462391156,118.609671848014,,303.157299203212,4.05,1.39,1.48,-0.09
653,Hungary,HUN,2022,-8.837378147238041,-9.40682711865864,4682.65,10.92011412606124,117.8966828934243,135.936343449297,,372.574270421607,3.6666666666666665,1.33,1.39,-0.0599999999999998
654,Iceland,ISL,1988,,,128.0,,16.709818465425464,24.3057046706868,,43.0485182243925,,,,
655,Iceland,ISL,1989,,,125.9,,15.01084716361128,29.35113026154028,,57.1094703782187,,,,
656,Iceland,ISL,1990,,,,,15.109745163964957,33.90370153792042,,58.3776768306564,,,,
657,Iceland,ISL,1991,,,136.9,,10.132258641917458,36.21212984879353,,59.0957158362398,,,,
658,Iceland,ISL,1992,,,136.9,,8.571804289281024,37.64168050996094,,57.6194111550381,,,,
659,Iceland,ISL,1993,,,136.6,,6.412720406918204,39.163477253831694,,67.6421149247307,,3.41,,
660,Iceland,ISL,1994,,6.0171388264468,137.7,,7.239942414591738,39.77155182746495,,69.9896656779836,,,3.41,
661,Iceland,ISL,1995,0.2504387630444865,29.457876537298,142.0,,5.826931162408323,40.428272366988864,,64.7659569475924,,,,
662,Iceland,ISL,1996,-2.354870017911752,63.0262785846518,142.036,14.599088432296927,7.706834734336911,41.34212158336344,4.497653379461765,66.6914156627782,,3.64,,
663,Iceland,ISL,1997,-2.1998309625583548,39.7030317508626,142.035,6.880123628071207,9.176032021720419,42.09265934281935,4.14087044790355,70.9692638679758,,,3.64,
664,Iceland,ISL,1998,-7.186647506026404,-5.68641704816346,147.917,21.945404062397444,13.027775374044637,42.79107642453529,7.010483249438473,71.173971761722,,4.51,,
665,Iceland,ISL,1999,-6.854984761664873,21.1105453792818,153.347,3.352342684663806,15.790246615470288,44.17401174056979,3.897987643737717,72.4296358571825,,3.65,4.51,-0.8599999999999999
666,Iceland,ISL,2000,-9.93927779310991,26.0456200986558,156.364,7.80203554736956,14.89011924053616,46.44299857818421,4.905182105902913,78.8445055727773,,4.72,3.65,1.0699999999999998
667,Iceland,ISL,2001,-4.59976584431376,-26.879573246791,159.044,-9.975671393563012,15.99046848108102,49.417712377396334,3.8409393605495104,97.6708039870757,,3.68,4.72,-1.0399999999999996
668,Iceland,ISL,2002,1.3453005729741323,18.5528648247728,,-2.730556646285153,17.742919301901455,51.98596231376592,0.5422867203065215,91.5854592587364,,,3.68,
669,Iceland,ISL,2003,-4.680465655842544,22.9817647643972,155.0,10.25543434978146,21.129809674449127,53.05461785494714,2.2813697429721387,76.6932599598469,3.591666666666667,4.31,,
670,Iceland,ISL,2004,-9.8245443682962,73.3997650741939,154.925,14.62208591540991,23.838156830633416,54.730186338843296,7.622605186233038,70.1921432100508,3.35,4.52,4.31,0.2099999999999999
671,Iceland,ISL,2005,-15.494102056989345,40.6224787784658,159.85,27.827080824922664,26.965120640245438,56.9123053802244,7.029340621690477,62.8751822103018,2.9,4.24,4.52,-0.2799999999999993
672,Iceland,ISL,2006,-22.429196682226856,37.4805193179518,167.825,9.820007713704053,31.206344480399054,60.71807318772144,5.671612480245241,69.8987722880984,3.208333333333334,1.83,4.24,-2.41
673,Iceland,ISL,2007,-13.51498567775034,27.6687208732376,,-2.262988363288384,45.80988578760051,63.78528541820496,8.741329411182754,64.0747670650605,2.4916666666666667,1.9,1.83,0.0699999999999998
674,Iceland,ISL,2008,-20.84880278529029,-49.8683945273424,177.05,-20.31270681940099,60.606625339930815,71.88244592112517,1.6996107439587007,87.9990985946421,3.3916666666666666,1.85,1.9,-0.0499999999999998
675,Iceland,ISL,2009,-8.854745022306126,-86.7707910500419,166.225,-20.669417847309,55.3055135703881,80.51058004363362,-8.321464137987443,123.66482410283,8.208333333333332,1.65,1.85,-0.2000000000000001
676,Iceland,ISL,2010,-5.718219124103686,20.9252392226585,165.75,2.308167318485589,41.70636069150432,84.85551998854491,-2.2218184536765104,122.242207258925,8.591666666666667,1.5,1.65,-0.1499999999999999
677,Iceland,ISL,2011,-4.618946334864616,7.08619754381907,165.975,6.789441763013283,42.12381351041817,88.2506115464805,1.379996689745233,116.057964764101,7.925,1.58,1.5,0.08
678,Iceland,ISL,2012,-3.048565076915911,7.75649569491099,167.9,4.2805852251539225,43.86578728821528,92.8272003491684,1.1693117549405798,125.118247513959,6.841666666666667,1.47,1.58,-0.1100000000000001
679,Iceland,ISL,2013,6.750869240986567,19.2503072984835,173.225,0.0038850514788077,42.51321658949322,96.42172493806876,3.596956986079645,122.167406330385,6.1,1.66,1.47,0.1899999999999999
680,Iceland,ISL,2014,4.786404592332805,11.9265343578542,177.625,10.02346365715859,49.05791030035285,98.39318179882594,1.913816107032437,116.688014241797,5.508333333333334,1.6,1.66,-0.0599999999999998
681,Iceland,ISL,2015,6.017801280187641,31.3156537370425,183.65,12.979060009978928,54.58662041858343,100.0,3.7685902995758576,131.896086478135,4.591666666666667,1.42,1.6,-0.1800000000000001
682,Iceland,ISL,2016,8.416699956537762,11.2266366697567,190.475,14.837565262562835,46.6773014653473,101.69693023930589,6.2180876610796965,120.835383650166,3.441666666666667,1.47,1.42,0.05
683,Iceland,ISL,2017,4.960057902699008,4.17517140142659,193.9,12.3994345232236,50.79642850815456,103.48721600714514,3.4850669577724847,106.82343857833,3.2833333333333337,1.57,1.47,0.1
684,Iceland,ISL,2018,4.292717765988889,-0.980234664346016,198.325,0.5847387201085247,55.189269904890665,106.26369013611465,4.660770332099471,108.269281322542,3.1333333333333333,,1.57,
685,Iceland,ISL,2019,7.439099458458013,7.33259540907212,201.025,-9.12385978709774,57.54248562772124,109.46645309925316,1.1382122837852393,122.636451471234,3.9,1.53,,
686,Iceland,ISL,2020,2.3772155468133187,7.64310401462461,,-20.22352050965368,62.291096421612714,112.58396867718103,-6.645878231850176,135.382140504423,6.25,,1.53,
687,Iceland,ISL,2021,-2.7923179028888545,52.5825434864931,197.025,20.26211937740832,68.96457515325477,117.58747427965513,5.180572051976618,126.950071365832,5.85,1.51,,
688,Iceland,ISL,2022,-1.852412577061431,3.67021272741372,210.4,22.62132364346485,75.86823486016773,127.35752836647806,8.820693995949274,135.273134293243,3.575,1.63,1.51,0.1199999999999998
689,India,IND,1988,,14.7793243217735,,,9.18267954540411,13.2355070841536,,13.9170833333333,,,,
690,India,IND,1989,,28.6962684101384,,,10.297312446344424,14.1718242749251,,16.2255,,,,
691,India,IND,1990,,35.7887020587969,,,10.014762732162144,15.4432117281639,,17.5035,,56.36,,
692,India,IND,1991,,51.1764871956545,,,9.283196122855529,17.5852231982977,,22.7424333333333,,,56.36,
693,India,IND,1992,,102.082122506357,,,11.053068401303573,19.6581375242206,,25.9180833333333,,27.01,,
694,India,IND,1993,,-14.0822789241189,,,9.292748860327425,20.9018861197737,,31.256916114397857,,,27.01,
695,India,IND,1994,,59.2119600380311,,,11.740895224339909,23.0438975899012,,31.394361548831924,,,,
696,India,IND,1995,,-17.4333268504397,,,11.049231701855355,25.4001102070418,,32.4323787707057,,,,
697,India,IND,1996,,0.62009480069018,,,10.611732343381899,27.6803159655626,,35.512631954680444,,23.72,,
698,India,IND,1997,,12.4819581579696,,,11.779796577518258,29.6634040040389,,36.36129419652932,,20.13,23.72,-3.59
699,India,IND,1998,,-12.1184385492571,,,13.4269645941921,33.5881217944565,,41.22875917917639,,,20.13,
700,India,IND,1999,,24.1188677491772,,,13.844472509699177,35.1566269677431,,43.04918502542552,,28.51,,
701,India,IND,2000,,11.2318984134231,,,13.346245020743332,36.5662087093784,,44.92987294646906,,23.36,28.51,-5.150000000000002
702,India,IND,2001,,-24.5285352565509,,,14.700207544845686,37.948151593328,,47.17117029699848,,26.51,23.36,3.150000000000002
703,India,IND,2002,,-6.38809505296338,,,15.135598260924262,39.5788441963883,,48.59045136173652,,23.08,26.51,-3.4300000000000037
704,India,IND,2003,,18.2500005750406,,,14.888107178896643,41.0851619398948,,46.55840576223778,,21.45,23.08,-1.629999999999999
705,India,IND,2004,,44.4385344922795,,,16.674205685413288,42.6329379699235,,45.25414435544469,,22.96,21.45,1.5100000000000016
706,India,IND,2005,,32.5480962748487,,,18.229969936188155,44.4432831479056,,44.06725867346368,,13.9,22.96,-9.06
707,India,IND,2006,,54.9576360590161,,,22.227491822942575,47.0194453299331,,45.29045273800171,,8.99,13.9,-4.91
708,India,IND,2007,,35.8918161566471,,,26.519976973269756,50.0159387950271,,41.34812665976626,,11.99,8.99,3.0
709,India,IND,2008,,-7.20025282836995,,,29.813458093101005,54.1919030921262,,43.52952472404843,,5.98,11.99,-6.01
710,India,IND,2009,,-5.7813071114354,,,32.92042523705797,60.0892572521517,,48.32307779514306,,6.84,5.98,0.8599999999999994
711,India,IND,2010,,33.7809955994082,,,34.736473231124336,67.2935926043991,,45.655850127907264,,6.1,6.84,-0.7400000000000002
712,India,IND,2011,,-2.14806011576378,,,39.309355764894505,73.254701944533,,46.60388459914645,,7.33,6.1,1.2300000000000004
713,India,IND,2012,-5.056586328525117,-0.760598624049396,,,42.315640651365456,80.0765062161301,,53.36598183481436,,6.32,7.33,-1.0099999999999998
714,India,IND,2013,-2.5511323096473686,11.5828634298505,,-6.32701964456872,46.55038670623718,88.8109658909786,6.12591529215011,58.55376138790951,,6.34,6.32,0.0199999999999995
715,India,IND,2014,-1.3786610889424824,25.1640379911247,,0.04640340993246,51.5880786813142,94.4532993305706,6.96291048041916,61.0365680866067,,,6.34,
716,India,IND,2015,-1.092565993984868,10.9408138978261,,-5.8384940644695,55.398947437447,100.0,7.48005071479389,64.15889400588404,,7.32,,
717,India,IND,2016,-0.5288093959874213,-3.59046713701913,,1.59122761075834,60.29804476453309,104.9410264584,9.00209642771557,67.19119578934122,,6.35,7.32,-0.9700000000000006
718,India,IND,2017,-1.4772215397585025,17.1800517428308,,13.3589502488321,62.496572742658444,107.554988842843,6.099168275501,65.12480537760955,,5.78,6.35,-0.5699999999999994
719,India,IND,2018,-2.3818076455056327,14.5679081252686,,14.3862579090854,69.93264843910433,112.782913611731,7.2767128414294,68.40960935347262,,4.88,5.78,-0.9000000000000004
720,India,IND,2019,-1.045877230929763,8.36856863348197,,-0.0131287405614873,,121.421740516417,4.59265239890184,70.4276915356986,,6.59,4.88,1.71
721,India,IND,2020,1.3118595491991811,-1.41242988772894,,-16.359791521448035,,128.174427709118,-5.935408680684346,74.11561706960914,,6.19,6.59,-0.3999999999999994
722,India,IND,2021,-1.0196168203105749,42.0317182517616,,24.50565966821797,,134.442267040188,9.410179928027416,73.9176514255913,,5.87,6.19,-0.3200000000000003
723,India,IND,2022,-2.36521481771403,7.70896705120715,,11.381829242155463,,142.374939219572,6.967089699581528,78.60557565264445,,4.59,5.87,-1.2800000000000002
724,Indonesia,IDN,1988,,,69828.238,,,8.335238778320626,,1685.70416666667,,,,
725,Indonesia,IDN,1989,,,70743.565,,,8.869989540918716,,1770.05916666667,,14.54,,
726,Indonesia,IDN,1990,,,75850.0,,,9.563551388869666,,1842.81333333333,,15.09,14.54,0.5500000000000007
727,Indonesia,IDN,1991,,,76420.0,,2.044035797064897,10.464348683099663,,1950.3175,,,15.09,
728,Indonesia,IDN,1992,,,78520.0,,11.733490124155137,11.25163510373272,,2029.92083333333,,,,
729,Indonesia,IDN,1993,,,79200.0,,11.187515469701598,12.339881546094974,,2085.6959191513174,,12.51,,
730,Indonesia,IDN,1994,,,82040.0,,12.601610802916307,13.392720927158738,,2158.764901282342,,,12.51,
731,Indonesia,IDN,1995,,,80110.0,,14.415296593575455,14.654357830816716,,2243.4910069928032,,10.84,,
732,Indonesia,IDN,1996,,,85702.0,,16.922681302009483,15.82279085435899,,2327.0917360926837,,7.73,10.84,-3.1099999999999994
733,Indonesia,IDN,1997,,,87050.0,,16.72169704362601,16.8079402647641,,2883.5053671578407,,15.06,7.73,7.33
734,Indonesia,IDN,1998,,,87672.0,,35.93311923315514,26.63235838373493,,10249.230584180312,,5.48,15.06,-9.58
735,Indonesia,IDN,1999,,29.7902924603885,88817.0,,19.456073693800217,32.08608720329952,,7848.940544795925,,6.05,5.48,0.5699999999999994
736,Indonesia,IDN,2000,,-6.35500721498174,89837.7,,12.693160207987487,33.26962029604308,,8394.52976974393,,5.16,6.05,-0.8899999999999997
737,Indonesia,IDN,2001,,-20.5965229925612,90807.4,,16.42528327846887,37.09566568100978,,10252.974341761295,,4.14,5.16,-1.0200000000000005
738,Indonesia,IDN,2002,,11.9296553614749,91647.2,,13.93819565966708,41.5100931165488,,9318.725400602129,,4.38,4.14,0.2400000000000002
739,Indonesia,IDN,2003,,12.9409490816219,90784.9,,13.505078619961177,44.31506133724552,,8573.725303892968,,4.04,4.38,-0.3399999999999998
740,Indonesia,IDN,2004,,56.0015696013357,,,14.698292739346835,47.00235315004221,,8931.51697879415,,4.02,4.04,-0.0200000000000004
741,Indonesia,IDN,2005,,36.6883314339894,94453.0,,18.796000735673573,51.915603594314426,,9701.28653224794,,3.97,4.02,-0.0499999999999993
742,Indonesia,IDN,2006,,30.8652043211013,95317.0,,22.270634026886796,58.721049047790416,,9164.027344093103,,3.53,3.97,-0.4400000000000004
743,Indonesia,IDN,2007,,52.7785233972464,98757.0,,24.601142519074063,62.48304930867924,,9139.407610264132,,2.9,3.53,-0.6299999999999999
744,Indonesia,IDN,2008,0.0580578617553142,-3.41859858153074,102301.0,10.002558192274147,27.7950612756659,68.87298248377232,6.01370250263283,9663.874300065876,,4.38,2.9,1.48
745,Indonesia,IDN,2009,1.8538588946449568,-5.84481136660506,104678.0,-9.274327258911814,30.694160153378803,71.89403791814873,4.70176851705064,10376.833748980496,,1.71,4.38,-2.67
746,Indonesia,IDN,2010,0.8609484970069583,54.4591401993551,107807.0,16.58465112562569,31.382534356231105,75.58522405713256,6.37762568565668,9078.026534757511,,2.56,1.71,0.8500000000000001
747,Indonesia,IDN,2011,0.2020416796371549,21.9805331701671,110475.0,15.028882713988295,37.38865914997599,79.63360495896366,6.16978420771008,8760.847240259738,,2.62,2.56,0.06
748,Indonesia,IDN,2012,-2.671721439534157,10.1278620954901,111806.0,7.998411217022163,44.16887669922078,83.04153460755954,6.03005065305615,9355.079349394568,,2.54,2.62,-0.08
749,Indonesia,IDN,2013,-3.163223800384658,11.8555840491142,,1.8618966622627573,46.64254931399199,88.3665730142693,5.55726368891012,10449.962300803065,,2.37,2.54,-0.1699999999999999
750,Indonesia,IDN,2014,-3.104777715296675,6.89093256205225,,2.119702350386814,50.01128968504786,94.01754944431374,5.00666842575497,11866.343853127551,,,2.37,
751,Indonesia,IDN,2015,-2.0405544894318752,-0.0018166648952693,,-6.249011051618876,56.50808033918499,100.0,4.87632230022123,13386.05901640628,,,,
752,Indonesia,IDN,2016,-1.8305152770896915,2.36109434485714,,-2.405113085419597,57.769976864962324,103.5258051568793,5.03306918280178,13307.61820063994,,2.64,,
753,Indonesia,IDN,2017,-1.576467462219471,14.2657358942617,,8.067946248975897,64.24646084545007,107.4688940251616,5.06978590134918,13381.479496047425,,2.06,2.64,-0.5800000000000001
754,Indonesia,IDN,2018,-2.9351558958472106,6.03880975077462,,12.136016142170549,66.87244600281184,110.90612154512613,5.17429153955026,14232.88005521049,,2.0,2.06,-0.06
755,Indonesia,IDN,2019,-2.664021717224635,3.47833226850646,,-7.126940517633094,,114.26722765836716,5.01928768046282,14150.284619486789,,2.0,2.0,0.0
756,Indonesia,IDN,2020,-0.4527188340475958,-16.856374561642,,-17.604957012156934,,116.4609684245184,-2.06551182934166,14593.090288757126,,2.04,2.0,0.04
757,Indonesia,IDN,2021,0.2588492714335347,18.7722356977397,,24.85838257439907,,118.27785241134636,3.702885628277543,14307.816704310177,,1.83,2.04,-0.2099999999999999
758,Indonesia,IDN,2022,0.9861381939200436,11.913262464844,,14.995684622381694,,123.25670659520983,5.307197226647997,14845.711582439302,,1.83,1.83,0.0
759,Ireland,IRL,1988,,-0.908121804465972,1099.3,,,54.14659091648056,,0.834101524870783,16.225,,,
760,Ireland,IRL,1989,,25.6987689299745,1098.5,,,56.3606723260595,,0.896001256194206,14.7333333333333,,,
761,Ireland,IRL,1990,,-6.52744343772807,1150.6,,,58.23034107192617,,0.767778872574165,13.45,,,
762,Ireland,IRL,1991,,-10.2863139072841,1146.8,,,60.100009817792845,,0.789290351852886,14.7583333333333,,,
763,Ireland,IRL,1992,,-5.90650118437763,1155.0,,,61.94507765910861,,0.746277974446098,15.3916666666667,,,
764,Ireland,IRL,1993,,21.9169401727528,1173.7,,,62.855311127491085,,0.867601447840006,15.6416666666667,,,
765,Ireland,IRL,1994,,16.7968508491662,1213.0,,,64.30676449599282,,0.850375334575984,14.3416666666667,,,
766,Ireland,IRL,1995,,8.32973332095196,1272.2,,,65.93042419635073,,0.792898524225756,12.2916666666667,,,
767,Ireland,IRL,1996,,24.6708066200605,1319.2,,,67.08799617505426,,0.794083613098956,11.6666666666667,,,
768,Ireland,IRL,1997,,35.2055385582224,,,,68.12235862346547,,0.838566770446592,9.875,,,
769,Ireland,IRL,1998,,41.0242029115819,1520.75,27.77577498725228,,69.7625276715637,8.766126097231291,,7.55,,,
770,Ireland,IRL,1999,,4.77423758268813,1614.425,12.616007062338069,,70.89957737975449,10.52988505221042,0.938562898111359,5.93333333333333,,,
771,Ireland,IRL,2000,,6.65240878929475,1692.05,21.686535221847866,,74.85409539142684,9.40352454490585,1.0850960701302,4.4,2.41,,
772,Ireland,IRL,2001,,7.09949039364981,1745.2,13.10129667269956,,78.48661702555844,5.30582136034704,1.11663108833636,4.175,3.37,2.41,0.96
773,Ireland,IRL,2002,0.1712469886054662,-18.3284909955808,1776.975,5.33844462808765,,82.1191386596901,5.899366511506656,1.06106513282085,4.725,2.45,3.37,-0.92
774,Ireland,IRL,2003,0.4676935964789064,-7.08396307121978,1810.475,-2.4174581096960583,,84.98691889716238,3.013838371432116,0.885163216727309,4.85,2.52,2.45,0.0699999999999998
775,Ireland,IRL,2004,-0.1117186736072027,25.5117407616202,,1.9039572856049387,,86.83839806802173,6.788138906190183,0.804862094234843,4.74166666666667,2.24,2.52,-0.2799999999999998
776,Ireland,IRL,2005,-3.938065068470632,19.8651301436803,1951.95,12.723173441599569,,88.97162406922921,5.739782452789608,0.804619415077062,4.63333333333333,2.46,2.24,0.2199999999999997
777,Ireland,IRL,2006,-5.67805561478065,22.0241664455619,,9.30176093270962,,92.47333467498488,4.98785466913223,0.796697220760242,4.79166666666667,2.3,2.46,-0.1600000000000001
778,Ireland,IRL,2007,-6.507545338759997,9.37904951692612,2221.275,9.351270715674168,,96.9913463473536,5.310116999961107,0.730485427146717,5.0,2.24,2.3,-0.0599999999999996
779,Ireland,IRL,2008,-6.172903439210266,-43.7409201338604,2198.875,-2.785985380652625,,100.90561481183336,-4.484069822218163,0.683982339822683,6.79166666666667,1.72,2.24,-0.5200000000000002
780,Ireland,IRL,2009,-4.631918688973937,-44.6830382173024,2015.15,-1.7026364134523964,,96.4177902998591,-5.095781699423932,0.719800423489554,12.6583333333333,1.85,1.72,0.1300000000000001
781,Ireland,IRL,2010,-1.2352149896124696,7.89746067430903,1925.425,0.568424642268315,,95.53230026162208,1.6829722019479518,0.755043518257105,14.575,2.13,1.85,0.2799999999999998
782,Ireland,IRL,2011,-2.047060983807111,-4.87278088076022,1888.3,2.642303059168978,,97.967397866774,1.6088668242037445,0.719158754470168,15.4083333333333,1.59,2.13,-0.5399999999999998
783,Ireland,IRL,2012,-3.650563351793489,14.3337734520208,1880.425,-1.0149269456795025,,99.62769168846847,-0.4050295980524742,0.778006210395884,15.4833333333333,1.46,1.59,-0.1300000000000001
784,Ireland,IRL,2013,2.40221544934821,26.9472287708859,1937.775,8.551577790462733,,100.14087341517406,2.19293758384941,0.753297658306669,13.775,1.49,1.46,0.03
785,Ireland,IRL,2014,2.110231191125445,19.9894587253258,1988.725,14.385426252215538,,100.33205876433888,9.385793373763772,0.753695140645586,11.8833333333333,2.03,1.49,0.5399999999999998
786,Ireland,IRL,2015,6.477634788057936,27.9164488691587,2056.925,32.697698104463626,,100.0,24.62398553419168,0.901451643908024,9.925,2.02,2.03,-0.0099999999999997
787,Ireland,IRL,2016,-1.3371388696700004,-1.00740312354975,2132.125,17.49017083199831,,100.0201247735963,1.2227165737003889,0.904281526915114,8.40833333333333,2.09,2.02,0.0699999999999998
788,Ireland,IRL,2017,1.074204554667355,10.3564769172144,,4.2107753911480765,,100.38237069832962,10.108857591551187,0.887107173889516,6.749999999999999,1.96,2.09,-0.1299999999999999
789,Ireland,IRL,2018,5.032090232532922,-2.486050297574,2257.275,-2.037901946403177,,100.8553028778426,7.688659517046031,0.847324485146496,5.8,1.83,1.96,-0.1299999999999999
790,Ireland,IRL,2019,-17.69250242483274,-5.21603055031958,2322.325,40.366781759164965,,101.80116723686858,4.972880076660023,0.893348371188594,5.008333333333333,1.84,1.83,0.01
791,Ireland,IRL,2020,-7.883118593442881,1.4403888544694,,0.1894993771623876,,101.46910847252968,7.153695085212541,0.877541570440429,5.858333333333333,1.48,1.84,-0.3600000000000001
792,Ireland,IRL,2021,12.825894356503264,28.1391941199908,2427.125,-9.215023801478443,,103.84383175689273,16.258188066310733,0.845553392731664,6.258333333333333,1.39,1.48,-0.09
793,Ireland,IRL,2022,8.332785732124503,-11.9764224267811,2594.975,14.970049112615117,,111.97424028979674,7.511138847120095,0.950882523746784,4.466666666666667,1.33,1.39,-0.0599999999999998
794,Israel,ISR,1988,,-4.1076598075268,,,1.9436814349190343,21.588302752293583,,1.5989398809166666,,,,
795,Israel,ISR,1989,,48.748912097476,,,2.338571725754478,25.974770642201843,,1.916412268416667,,,,
796,Israel,ISR,1990,,38.2816499670884,,,2.934295228354346,30.456804281345565,,2.0161726603333334,,,,
797,Israel,ISR,1991,,50.5203030583507,,,3.8131248495882986,36.27675840978594,,2.279108816666667,,,,
798,Israel,ISR,1992,,51.9734357019247,,,5.696265045333407,40.65366972477065,,2.4590397306666665,,,,
799,Israel,ISR,1993,,52.1647148587878,,,7.12020714959143,45.07836391437311,,2.830047908833333,,3.79,,
800,Israel,ISR,1994,,-7.90737251565065,,,9.377204086681608,50.602064220183486,,3.0111818395000007,,,3.79,
801,Israel,ISR,1995,-5.499033516905558,-17.4514915522703,1964.975,,11.315676559032184,55.62882262996942,,3.0113818487671757,6.86963722925,,,
802,Israel,ISR,1996,-5.242497070855992,2.98265075653095,2012.8,7.656472874001042,14.26289749443265,62.00305810397554,5.840723824942782,3.1872295611393437,6.677445554,,,
803,Israel,ISR,1997,-3.450147089670649,40.3133536801347,2040.15,4.4999625812107205,17.50750999869841,67.55542813455659,3.652095667362418,3.4488965273856578,7.67375921875,,,
804,Israel,ISR,1998,-1.5796545453178723,5.62563974880353,2072.475,2.562442592247143,20.496556970596675,71.26337920489298,4.105873110791645,3.7993409545768224,8.53576360425,,,
805,Israel,ISR,1999,-2.439158178381456,29.905972944304,2136.6,15.974012643650848,24.313368113373027,74.96177370030583,3.326939592130936,4.139053625541126,8.88465884775,5.64,,
806,Israel,ISR,2000,-2.4740801375801187,39.1390912069357,2221.25,12.177831949465574,28.61125229653993,75.73585626911316,8.68888618022418,4.076589254344689,8.77060564775,3.83,5.64,-1.81
807,Israel,ISR,2001,-2.323006313113821,-20.8924269593726,2264.95,-5.390613287495053,33.28239287535153,76.58639143730889,0.0443514325251963,4.206043721375243,9.34813389125,3.66,3.83,-0.1699999999999999
808,Israel,ISR,2002,-1.923974551006001,-5.53068724312815,2284.35,-0.9886623230274236,35.328043808520306,81.03019877675843,-0.1051730437699598,4.73646506916996,10.29843927275,3.47,3.66,-0.1899999999999999
809,Israel,ISR,2003,-0.4859480093222671,14.7243025764076,2330.2,-0.7378539715956882,37.68798559503824,81.60359327217128,1.3177127509126867,4.546993344155845,10.71265731925,3.28,3.47,-0.1900000000000004
810,Israel,ISR,2004,0.8855642824741363,36.5943368522904,2400.8,11.9768467371399,40.37524537976872,81.25955657492356,4.690079997911858,4.480752795815294,10.367712869,1.22,3.28,-2.06
811,Israel,ISR,2005,2.3408973566239646,21.7224467448346,2493.65,3.466748975860945,44.68671804162991,82.34900611620796,4.64241494118567,4.487233856421356,8.9899031995,1.33,1.22,0.1100000000000001
812,Israel,ISR,2006,3.035037728076272,19.5124554481865,2573.575,3.4937556166968475,48.21617102602551,84.04051987767585,5.392141598445544,4.457341864295125,8.40383747675,2.42,1.33,1.09
813,Israel,ISR,2007,2.329251718288064,21.9268336506944,2681.975,11.123977349501931,53.82053020391172,84.4323394495413,6.326634637371168,4.108949794529143,7.31855804075,1.37,2.42,-1.0499999999999998
814,Israel,ISR,2008,0.5267024496245889,-16.6400419948971,2776.7,2.382201227448886,57.80570764736592,88.25496941896024,3.357397889404468,3.584779763473243,6.0991404415,1.54,1.37,0.1699999999999999
815,Israel,ISR,2009,2.590645390862244,-4.47238793401934,2841.0,-13.761133844349326,65.2804340510048,91.22706422018352,1.097671965562674,3.926750242330135,7.5440865165,3.49,1.54,1.95
816,Israel,ISR,2010,2.8030958739353995,31.4970511003896,2938.25,15.348874490984867,66.791380316298,93.69266055045874,5.512443635062426,3.730539571961855,6.63659478425,,3.49,
817,Israel,ISR,2011,0.9578267544964734,-4.93138250920175,,11.101165059382849,70.89771537407152,96.96100917431193,5.666033544773402,3.574146744620115,,2.94,,
818,Israel,ISR,2012,-0.3076446902483092,-8.5010962290247,3358.975,2.1419212114247346,78.73784053590403,98.58562691131498,2.396605232047205,3.8500484056402535,6.85,1.35,2.94,-1.59
819,Israel,ISR,2013,2.351732471334494,9.04097209524512,3449.51666666667,0.8907389298903355,83.98097372588792,100.15290519877678,4.12690032082598,3.6091132599284776,6.20833333333333,1.42,1.35,0.0699999999999998
820,Israel,ISR,2014,3.600429972309417,15.6338287841409,3555.76666666667,2.089589089673664,92.13882074386444,100.62117737003058,3.9965297277742553,3.5771021182320104,5.90833333333333,1.46,1.42,0.04
821,Israel,ISR,2015,4.493260844054063,11.8096217155214,3643.8,-0.1422497204592331,99.99999999999996,100.0,1.964978720607656,3.8869463117196807,5.24166666666667,2.83,1.46,1.37
822,Israel,ISR,2016,3.083660654388794,-9.4416931665319,3736.84166666667,10.245543014294633,105.48589743042427,99.46483180428136,4.182277377568777,3.8394716026726914,4.80833333333333,2.81,2.83,-0.02
823,Israel,ISR,2017,3.159970730174832,-5.26152401833823,3824.8,2.9433021469946183,111.33193410203316,99.7133027522936,4.417340536514798,3.5994337740761644,4.21666666666667,1.85,2.81,-0.96
824,Israel,ISR,2018,2.576443092731036,3.42684009820821,3905.10833333333,6.781694408656416,115.74709892438742,100.51605504587158,4.212323723216819,3.595015599316143,4.0,,1.85,
825,Israel,ISR,2019,2.8308069043379205,2.88719815968667,3966.925,3.1750542540204183,123.91878545319469,101.33792048929664,3.5076871460283248,3.56424596586988,3.8,,,
826,Israel,ISR,2020,3.702833256541968,-3.39131935302,3913.425,-7.686862695123907,142.77426044958582,100.75496941896029,-1.604178981799756,3.441304833270594,4.325,,,
827,Israel,ISR,2021,3.131305701179252,25.6235626896364,3956.96666666667,19.64031789246937,168.72821468997773,102.24579510703364,9.335346912822304,3.230483809366961,4.95833333333333,2.88,,
828,Israel,ISR,2022,2.667370127098945,10.080695821431,4187.0,11.74179251914712,186.43099211533905,106.75649847094802,6.207847441158518,3.3598211313445017,3.76666666666667,2.62,2.88,-0.2599999999999998
829,Italy,ITA,1988,,-19.3798371848975,20818.0,,,45.9047762778866,,0.672275078716639,,,,
830,Italy,ITA,1989,,23.6277620527692,20833.0,,,48.7783403960115,,0.70841748998504,,,,
831,Italy,ITA,1990,,0.685330145201908,21215.0,,,51.9277666694765,,0.618909204294856,,,,
832,Italy,ITA,1991,,-15.293081569799,21410.0,,,55.1732520863188,,0.640740082736395,,,,
833,Italy,ITA,1992,,-16.8128760484884,,,,58.0812070198094,,0.636288805280255,8.79166666666666,,,
834,Italy,ITA,1993,,18.4747038848451,20305.197,,,60.7684689449548,,0.811693703185334,9.725,,,
835,Italy,ITA,1994,,24.6898664386398,19972.181,,,63.2307105478659,,0.832871306687601,10.65,,,
836,Italy,ITA,1995,2.395717668270541,-8.36587378595314,19851.253,,,66.541105673045,,0.841326282835899,11.1833333333333,,,
837,Italy,ITA,1996,3.3086339495680868,0.615801219736931,19950.717,-2.7146427997172142,,69.2073948386954,1.1346847056291065,0.79691583560144,11.1666666666667,,,
838,Italy,ITA,1997,2.9414555927808244,36.894591698841,,10.504035994834789,,70.6213749431636,1.9256602690964029,0.879402881140888,11.2166666666667,,,
839,Italy,ITA,1998,2.0128563482647825,60.105684825045,20424.05,9.178847495812027,,72.0020849275266,1.8043752546570764,,11.3,,,
840,Italy,ITA,1999,0.7574168733749673,11.3357805038787,20682.3,4.495043702472316,,73.1998092513114,1.6779635492664495,0.938562898111359,10.8666666666667,,,
841,Italy,ITA,2000,-0.2981728828666364,29.8688668765794,21072.925,10.897453349523293,,75.0573909571814,3.88209235407289,1.0850960701302,10.05,2.41,,
842,Italy,ITA,2001,0.118368967432025,-18.8446905006566,21506.75,2.3750428601005327,,77.1478635037873,2.006436131813601,1.11663108833636,9.00833333333333,3.37,2.41,0.96
843,Italy,ITA,2002,-0.4883529203572446,-20.6878250847932,21820.725,0.6284728272830803,,79.0498053697974,0.2699411126677309,1.06106513282085,8.475,2.45,3.37,-0.92
844,Italy,ITA,2003,-0.7711775797582654,-9.7945462926308,,0.7444951919067174,,81.1624579964734,0.0666256883338118,0.885163216727309,,2.52,2.45,0.0699999999999998
845,Italy,ITA,2004,-0.4739959909953207,15.1362494251696,,4.500193178562675,,82.9534994621331,1.474017000976973,0.804862094234843,8.05,2.24,2.52,-0.2799999999999998
846,Italy,ITA,2005,-0.8841315142739417,18.9860420232515,22406.9,3.506470837969487,,84.6003704073372,0.7623839392364339,0.804619415077062,7.78333333333333,2.46,2.24,0.2199999999999997
847,Italy,ITA,2006,-1.4868036961177704,15.7236276435462,22757.425,8.090228699018763,,86.3692317929268,1.7995138625601537,0.796697220760242,6.86666666666667,2.3,2.46,-0.1600000000000001
848,Italy,ITA,2007,-1.3917897004661288,9.72130352651671,22893.95,5.351686185117855,,87.9495624979206,1.4623405487026118,0.730485427146717,6.15,2.24,2.3,-0.0599999999999996
849,Italy,ITA,2008,-2.76372753564476,-30.6156059321669,23090.175,-4.115340141519639,,90.893968127225,-1.023096758408102,0.683982339822683,6.775,1.72,2.24,-0.5200000000000002
850,Italy,ITA,2009,-1.871471291237601,-28.4468406747225,22698.325,-13.384658694508015,,91.5981856694503,-5.305231249682874,0.719800423489554,7.875,1.85,1.72,0.1300000000000001
851,Italy,ITA,2010,-3.230420679181215,6.14201543843442,22526.125,11.982786705815966,,92.9955307138659,1.5291565956046975,0.755043518257105,8.54166666666667,2.13,1.85,0.2799999999999998
852,Italy,ITA,2011,-2.738081663894487,-8.66313687647458,22597.65,0.1527134047081827,,95.5813953488372,0.6954850830385807,0.719158754470168,8.50833333333333,1.59,2.13,-0.5399999999999998
853,Italy,ITA,2012,-0.1961708138652585,-15.5906221841615,22565.325,-8.160595737096589,,98.4883720930233,-3.125210651775405,0.778006210395884,10.8833333333333,1.46,1.59,-0.1300000000000001
854,Italy,ITA,2013,1.0271078631129686,14.6917459164366,22190.4,-2.6953609758226884,,99.6899224806202,-1.8180747513738047,0.753297658306669,12.3666666666667,1.49,1.46,0.03
855,Italy,ITA,2014,1.7472974926545417,18.5040408086466,22278.45,3.613347791646475,,99.9302325581395,-0.0014277549133217,0.753695140645586,12.825,2.03,1.49,0.5399999999999998
856,Italy,ITA,2015,1.2748000943899265,10.3434873543362,22464.2,6.323534287259571,,99.968992248062,0.8856564718732163,0.901451643908024,12.0,2.02,2.03,-0.0099999999999997
857,Italy,ITA,2016,2.459719262379,-16.7259446711944,22757.425,3.9260409995979018,,99.875,1.2362330146198808,0.904281526915114,11.75,2.09,2.02,0.0699999999999998
858,Italy,ITA,2017,2.439166719593202,21.626595516702,23021.925,5.81633836573351,,101.1,1.603767864682065,0.887107173889516,11.2583333333333,1.96,2.09,-0.1299999999999999
859,Italy,ITA,2018,2.5026188820749518,2.58074609885623,23213.975,2.963039139074528,,102.25,0.8265967072063293,0.847324485146496,10.6,1.83,1.96,-0.1299999999999999
860,Italy,ITA,2019,3.172490122673689,0.0901210650522889,23359.55,-1.125234051272113,,102.875,0.4291406828436245,0.893348371188594,9.93333333333333,1.84,1.83,0.01
861,Italy,ITA,2020,3.8038440648077394,-6.29467031416135,,-12.4805660496578,,102.733333333333,-8.868164582882558,0.877541570440429,9.3,1.48,1.84,-0.3600000000000001
862,Italy,ITA,2021,2.1080798691655223,24.9524722019569,22553.95,15.95128799035412,,104.658333333333,8.93103002894051,0.845553392731664,9.55833333333333,1.39,1.48,-0.09
863,Italy,ITA,2022,-1.8858071391663136,-2.46336078766876,23099.4,12.880734741679673,,113.241666666667,4.821116496742221,0.950882523746784,8.075,1.33,1.39,-0.0599999999999998
864,Japan,JPN,1988,,8.90040766948166,60105.8333333333,,30.431059174742234,86.5360142529906,,128.134558544125,2.53333333333333,4.12,,
865,Japan,JPN,1989,,20.4877778020995,61280.0,,32.217496306007654,88.5212522270298,,137.974183071128,2.26666666666667,4.07,4.12,-0.0499999999999998
866,Japan,JPN,1990,,-15.1057573333282,62495.0,,36.2585329777487,91.2361075761432,,144.795523088395,2.10833333333333,3.61,4.07,-0.4600000000000004
867,Japan,JPN,1991,,-15.5194360765344,63687.5,,33.42202936442898,94.222448460168,,134.496270670084,2.1,4.04,3.61,0.4300000000000001
868,Japan,JPN,1992,,-25.9494864737107,64361.6666666667,,32.05019125935847,95.851361669636,,126.67295085015,2.15,4.24,4.04,0.2000000000000001
869,Japan,JPN,1993,,11.698617802595,64496.6666666667,,32.59261782114223,97.0560787308051,,111.175540920229,2.5,4.36,4.24,0.1200000000000001
870,Japan,JPN,1994,,4.94366820322872,64530.0,,33.77957345839628,97.7263086451175,,102.228561737522,2.89166666666667,4.3,4.36,-0.0600000000000005
871,Japan,JPN,1995,,-13.6642246909489,64565.8333333333,12.990460849425457,35.241297482334424,97.6414694154577,2.6309772210704927,94.0653854569319,3.15,5.22,4.3,0.92
872,Japan,JPN,1996,1.406373778559885,16.2945078558365,64859.1666666667,11.767556671073,36.445676969737924,97.7772121829134,3.1338934977661608,108.817037331726,3.35,5.59,5.22,0.3700000000000001
873,Japan,JPN,1997,2.117368965919877,-13.1223769726878,65567.5,0.511557280242968,37.45896124132542,99.4400610842454,0.9812287321274684,120.99656936375,3.4,4.33,5.59,-1.2599999999999998
874,Japan,JPN,1998,2.809078816221147,-15.5182127048933,65141.6666666667,-6.803730536549988,39.63369181710706,100.08483922966,-1.2703095420930832,130.894491019215,4.10833333333333,4.17,4.33,-0.1600000000000001
875,Japan,JPN,1999,2.471328739827784,17.5720914839482,64623.3333333333,3.702269452449553,40.67600426214014,99.7369983880546,-0.3339511089294903,113.88800840884,4.68333333333333,4.42,4.17,0.25
876,Japan,JPN,2000,2.627745288143604,11.7221642806361,64463.3333333333,9.562400673897749,40.56350805243462,99.0498006278103,2.7646688446789773,107.834718168115,4.71666666666667,4.49,4.42,0.0700000000000002
877,Japan,JPN,2001,1.9909324134233368,-22.7982337417348,64120.8333333333,1.1629473804356638,41.03506316519729,98.362602867566,0.3860826257845378,121.483810906961,5.03333333333333,5.75,4.49,1.2599999999999998
878,Japan,JPN,2002,2.595039970768664,-18.0617038072206,63303.3333333333,0.7872794199455635,41.957335129356466,97.4802748791041,0.0419624991898604,125.254945307108,5.375,5.52,5.75,-0.2300000000000004
879,Japan,JPN,2003,3.0701657020796693,-6.24388832387946,63161.6666666667,3.393965212983793,41.88671978726217,97.2257571901247,1.5351461314445376,115.936335168455,5.25833333333333,5.23,5.52,-0.2899999999999991
880,Japan,JPN,2004,3.7248429236757,21.9398550704904,63285.8333333333,8.504060150375954,42.41303915845015,97.2172732671588,2.186094930120268,108.146907514587,4.71666666666667,4.0,5.23,-1.2300000000000004
881,Japan,JPN,2005,3.519463896811297,13.3614275494533,63561.6666666667,5.945933210634858,42.315043196106174,96.9373038092814,1.8039207576164973,110.133319664032,4.425,3.58,4.0,-0.4199999999999999
882,Japan,JPN,2006,3.835545393822753,28.257003754861,63887.5,4.704135626034204,41.77127082112596,97.1833375752948,1.3723303265527629,116.354385061798,4.14166666666667,2.82,3.58,-0.7600000000000002
883,Japan,JPN,2007,4.64917783481207,2.1183934922952,64275.0,2.2706942389957567,42.09095882216921,97.2257571901247,1.483969411520346,117.755115142104,3.84166666666667,2.74,2.82,-0.0799999999999996
884,Japan,JPN,2008,2.7813634258874167,-28.4980842374002,64091.6666666667,0.7329667685083299,42.69390213501315,98.5662170187495,-1.2242890006326377,103.388148456616,3.99166666666667,2.49,2.74,-0.25
885,Japan,JPN,2009,2.755941482422377,-26.9263240563491,63145.0,-15.560198934987172,43.97679063392668,97.2512089590226,-5.693217136702761,93.571545858429,5.06666666666667,2.91,2.49,0.4199999999999999
886,Japan,JPN,2010,3.834726587241416,2.08854910849227,62981.6666666667,11.285497419870952,45.013763243339596,96.5300755069144,4.097896701507961,87.7606477821695,5.05,2.2,2.91,-0.71
887,Japan,JPN,2011,2.058291821290901,-7.26184254555981,,5.727858638054231,46.04203181134979,96.267073894969,0.0238095238095259,79.7067516233766,4.58333333333333,2.37,2.2,0.1699999999999999
888,Japan,JPN,2012,1.0053347857373665,-6.38696396481319,62796.6666666667,5.453191658173089,46.991607418046854,96.2246542801392,1.3747509991355522,79.8135743929983,4.35,2.27,2.37,-0.1
889,Japan,JPN,2013,0.8861271809860916,45.8823261917445,63265.8333333333,3.1689276784887337,48.7067678624096,96.5470433528464,2.0051001768030345,97.5980702835812,4.025,1.18,2.27,-1.09
890,Japan,JPN,2014,0.7849312352093732,12.5943408479451,63711.6666666667,8.125125519327478,49.93668964393724,99.2109951641639,0.2961865835390564,105.84750192923,3.59166666666667,2.29,1.18,1.11
891,Japan,JPN,2015,3.0798405285508146,22.7076835052878,64018.3333333333,0.4398598757310072,51.488395795045456,100.0,1.5606458659824587,121.002299352218,3.375,2.3,2.29,0.0099999999999997
892,Japan,JPN,2016,3.846681445867825,-12.55528296444,64701.6666666667,-1.1753645572366245,52.84452377673481,99.8727411555104,0.7538453304073878,108.802707039338,3.11666666666667,2.55,2.3,0.25
893,Japan,JPN,2017,4.171595030233448,19.6505788363071,65424.1666666667,3.3067873189640427,54.8344666000766,100.356324764571,1.6753129971639764,112.18305579867,2.80833333333333,2.51,2.55,-0.04
894,Japan,JPN,2018,3.509570062122051,6.5391530789428,66820.0,3.813663087805211,55.76451568291583,101.348943751591,0.6434091651246501,110.437805555556,2.44166666666667,2.45,2.51,-0.0599999999999996
895,Japan,JPN,2019,3.3820133876469907,-7.76394911420197,67495.8333333334,0.9882083678966032,56.611273227561306,101.824043437686,-0.4021871540211744,109.045862914863,2.35,3.53,2.45,1.0799999999999996
896,Japan,JPN,2020,2.9002847992733565,0.120900536581008,67102.5,-6.7631885023189415,61.263245871091115,101.798591668788,-4.16878266985247,106.762402652299,2.775,2.22,3.53,-1.3099999999999996
897,Japan,JPN,2021,3.8596040429936735,22.2153918730209,67124.1666666666,5.20649795127363,64.62014304579228,,2.6965934367690085,109.765277471924,2.81666666666667,1.84,2.22,-0.3800000000000001
898,Japan,JPN,2022,1.913292655844513,-1.6482962808615,67225.8333333334,8.254588643249422,65.09702166090682,,0.9604069587713918,131.428293972332,2.6,1.64,1.84,-0.2000000000000001
899,"Korea, Rep.",KOR,1988,6.214906800779385,66.0040713686984,16869.3333333333,13.16744049719312,16.211488078727967,35.3466466286362,12.133195110717214,730.011780461276,,13.95,,
900,"Korea, Rep.",KOR,1989,1.5456217980070366,32.5254273966674,17560.5833333333,15.878009429573504,15.554945603861198,37.3614620730578,7.165017379238456,669.168622831015,2.58333333333333,10.61,13.95,-3.34
901,"Korea, Rep.",KOR,1990,-0.9180796222226084,-18.6796937368459,,13.38914933509104,17.83032996937199,40.5645633827068,10.024921815543934,707.995120039068,,9.54,10.61,-1.0700000000000005
902,"Korea, Rep.",KOR,1991,-2.3728701431886208,-12.031324951752,18648.75,19.9748642771408,16.831572843512504,44.3503690929967,10.874951562144767,733.229307384989,2.45,,9.54,
903,"Korea, Rep.",KOR,1992,-0.7918722096370888,-10.6497920259714,19009.3333333333,4.64528538434089,15.828280848471344,47.1059823548687,6.351591996064402,780.012268752896,2.525,8.53,,
904,"Korea, Rep.",KOR,1993,0.4087764647262681,24.0157256805473,19234.5,7.051282051282056,16.07553536264396,49.367538967137,6.994735024277161,802.436065411634,2.9,,8.53,
905,"Korea, Rep.",KOR,1994,-0.9760550685143784,32.6233992149144,19848.4166666667,25.767840294450103,17.472792884478732,52.4608395976214,9.3718182887958,804.268267716266,2.475,,,
906,"Korea, Rep.",KOR,1995,-1.741038688800848,-3.20826681624024,20414.4166666667,23.23288818969224,18.165288816678782,54.8114739913083,9.735893750540908,771.397991115025,2.06666666666667,6.84,,
907,"Korea, Rep.",KOR,1996,-3.8715160700493465,-10.9542816030725,20853.0833333333,13.8159223141801,19.00655031124574,57.5106888945307,7.990429825268356,804.420160213414,2.05833333333333,15.02,6.84,8.18
908,"Korea, Rep.",KOR,1997,-1.7542034971749343,-21.557869443332,21213.9166666667,1.7968428946063968,19.16686037658484,60.0635491785781,6.282192653792912,950.507427094581,2.61666666666667,13.45,15.02,-1.5700000000000005
909,"Korea, Rep.",KOR,1998,10.249558321123343,-37.4245673150559,19937.4166666667,-24.58556206762728,19.61281733655858,64.5764720454771,-4.938929746314101,1400.47698334274,6.95,13.61,13.45,0.1600000000000001
910,"Korea, Rep.",KOR,1999,4.261251578126012,96.2055292433087,,24.60217928766156,19.507576873099318,65.1014511596364,11.617262955959127,1186.70580525754,,5.9,13.61,-7.709999999999999
911,"Korea, Rep.",KOR,2000,1.6943042899141365,-8.51538938944558,21172.9833333333,22.43628248573182,17.69762951023798,66.5722008800604,9.201858388047892,1130.63979076479,4.425,9.55,5.9,3.65
912,"Korea, Rep.",KOR,2001,0.3954965305442637,-21.9145766502238,21613.6583333333,-3.510059424170646,20.773800722380848,69.2794099431536,4.725945620361887,1290.40959606416,4.0,10.41,9.55,0.8599999999999994
913,"Korea, Rep.",KOR,2002,0.6475424460881753,32.1656370740651,22231.4833333333,15.136806204136873,24.953703633023146,71.1930888291718,7.743998212474644,1251.04512772792,3.25833333333333,9.98,10.41,-0.4299999999999997
914,"Korea, Rep.",KOR,2003,1.503973990461431,-10.1737950838806,22221.6,10.603392838245949,24.15162307987092,73.6954365645845,3.0747263453070808,1190.95874034601,3.55,9.7,9.98,-0.2800000000000011
915,"Korea, Rep.",KOR,2004,3.5737850882459288,22.6650469846702,22681.8666666667,12.012140753549549,23.980141792286418,76.3415913297626,5.183636413277402,1145.1965275425,3.65833333333333,9.25,9.7,-0.4499999999999993
916,"Korea, Rep.",KOR,2005,1.2681248198898505,28.5080728570729,22831.0416666667,7.981283123798408,26.10788355214023,78.4438796799876,4.358228128163251,1024.2257049611,3.75,7.95,9.25,-1.2999999999999998
917,"Korea, Rep.",KOR,2006,0.1761013723659364,26.2800558951585,23188.0666666667,12.61390551672206,28.30953033251844,80.2028583953174,5.245005505803406,954.748043321413,3.475,7.43,7.95,-0.5200000000000005
918,"Korea, Rep.",KOR,2007,0.8628613121992722,26.716093932331,23561.1083333333,11.491961737948287,31.983407248676475,82.235659048203,5.841963391871702,929.450355260681,3.25833333333333,7.13,7.43,-0.2999999999999998
919,"Korea, Rep.",KOR,2008,0.4036144306875853,-10.4813569140052,23774.8166666667,3.355006363302404,35.82534866421441,86.0792686837133,3.0044045167957103,1100.86183927787,3.175,8.26,7.13,1.13
920,"Korea, Rep.",KOR,2009,3.5203300271364646,-7.13060018902311,23687.6083333333,-6.6059323245902615,36.451992207391044,88.4520407508888,0.8198685948107913,1274.94679920321,3.63333333333333,7.8,8.26,-0.4599999999999999
921,"Korea, Rep.",KOR,2010,2.3645537624772146,23.5859126114277,24032.8083333333,17.815916372681905,39.34229958678532,91.0518996671443,6.981654132196849,1155.43126270469,3.70833333333333,7.19,7.8,-0.6099999999999994
922,"Korea, Rep.",KOR,2011,1.2619610383104058,12.6277169260341,24526.4416666667,14.575137481497068,39.544844625934715,94.7176172835493,3.6880384004317337,1107.30236624788,3.40833333333333,7.32,7.19,0.1299999999999999
923,"Korea, Rep.",KOR,2012,3.61269566144127,-2.6141984783475,24954.7916666667,2.6254673888746214,43.62993641894096,96.7891588650401,2.547659235275435,1125.93484378725,3.225,7.59,7.32,0.2699999999999996
924,"Korea, Rep.",KOR,2013,5.390529746642882,1.52317163990847,25299.3583333333,1.8572080158872333,45.949712088982984,98.0487222082154,3.291395954344194,1094.92560537832,3.1,7.85,7.59,0.2599999999999998
925,"Korea, Rep.",KOR,2014,5.334858772322344,1.04672346205813,25897.2083333333,1.3669748094559555,49.05487832744717,99.298622281217,3.2146744241169154,1053.06434837506,3.49166666666667,6.1,7.85,-1.75
926,"Korea, Rep.",KOR,2015,6.829176174381481,1.44988822762388,26177.6916666667,1.9424980013917867,54.91341872919742,100.0,2.92029842926199,1131.30928845913,3.59166666666667,5.72,6.1,-0.3799999999999999
927,"Korea, Rep.",KOR,2016,6.231535937274551,-1.25402227697132,26409.1083333333,5.428489429003847,58.23817095383605,100.971685739912,3.171527489839332,1160.58940178179,3.675,8.67,5.72,2.95
928,"Korea, Rep.",KOR,2017,4.401888405360689,16.3074041329004,26724.8333333333,7.921859672769787,61.13351009248245,102.934910847548,3.433191763972017,1130.63498682477,3.68333333333333,5.05,8.67,-3.62
929,"Korea, Rep.",KOR,2018,4.245653865363241,0.744678010911301,26822.0666666667,1.6369810489389098,65.27012603285318,104.454064766751,3.17611568177329,1100.18592391304,3.83333333333333,4.83,5.05,-0.2199999999999997
930,"Korea, Rep.",KOR,2019,3.4089056195185257,-9.40943109671352,27122.7,-2.019265454488066,70.62255616683247,104.854124151938,2.3137971703700697,1165.29383430579,3.78333333333333,,4.83,
931,"Korea, Rep.",KOR,2020,4.256222823034841,5.36034059509266,26904.3333333333,-3.260358074763548,76.32527181297921,105.41749280306,-0.700242351321576,1180.12780593199,3.94166666666667,5.48,,
932,"Korea, Rep.",KOR,2021,4.387028565067147,40.009117206758,27272.7916666667,10.186990706615449,83.36543991996498,108.051173164923,4.612977894611261,1144.45617832047,3.675,4.85,5.48,-0.6300000000000008
933,"Korea, Rep.",KOR,2022,1.3296609079906117,-18.8575881600869,28089.125,4.15302341102131,87.81531640809771,113.55045237281604,2.7275644404280817,1291.40852484472,2.88333333333333,5.66,4.85,0.8100000000000005
934,Latvia,LVA,1991,,,,,,1.05071532125916,,,,,,
935,Latvia,LVA,1992,,,,,,11.0503327407647,,,,,,
936,Latvia,LVA,1993,,,,,,23.0940408811269,,0.960912762833334,,,,
937,Latvia,LVA,1994,,,,,,31.3905076545206,,0.796452496,,,,
938,Latvia,LVA,1995,,,,,,39.23057964604,,0.750683452916666,,,,
939,Latvia,LVA,1996,,,,26.729711860041096,,46.1392653424608,2.2999612304055543,0.783646649666666,,2.18,,
940,Latvia,LVA,1997,,,,4.534692001189086,,50.0368302878396,9.17148526709802,0.826569949333333,,3.21,2.18,1.0299999999999998
941,Latvia,LVA,1998,,,986.1,16.767585258364797,,52.3606468427483,6.549995157993586,0.839257222916667,,,3.21,
942,Latvia,LVA,1999,,,971.8,-5.204804767991296,,53.5988792051172,2.8184117867195524,0.832617154583334,14.0666666666667,,,
943,Latvia,LVA,2000,-4.240096351710617,,941.6,2.7542535512822632,,55.0215291533707,5.841012750580872,0.862971753166666,14.3416666666667,,,
944,Latvia,LVA,2001,-6.955699437257951,38.192504280877,,15.566449401076834,,56.3899386351876,6.460585561072665,0.8934449245,13.475,2.56,,
945,Latvia,LVA,2002,-6.330323663917585,13.3362214737901,955.45,2.700508226135297,,57.4832714657898,7.665494318170787,0.879607495833333,12.4916666666667,,2.56,
946,Latvia,LVA,2003,-7.984450228491996,22.380600082203,962.05,11.785557385701294,,59.1747991548081,8.42913257059108,0.813135667916666,11.65,,,
947,Latvia,LVA,2004,-12.720073979649198,35.9833015395363,,20.6321874501455,,62.8391300945091,8.725138220106603,0.76868278125,11.7416666666667,2.24,,
948,Latvia,LVA,2005,-12.20366334282838,50.3429301074605,972.35,16.97438476529442,,67.0797983333333,11.615323191071903,0.803519426,10.0416666666667,2.46,2.24,0.2199999999999997
949,Latvia,LVA,2006,-21.669479014419807,21.4220472854871,1030.925,21.765399739643605,,71.4642675,12.825013564247389,0.797389219833333,7.03333333333333,2.3,2.46,-0.1600000000000001
950,Latvia,LVA,2007,-21.962565355950005,11.8784246343675,1057.45,17.4219565967813,,78.67714,10.414533878750078,0.731059679,6.075,2.24,2.3,-0.0599999999999996
951,Latvia,LVA,2008,-12.924006882354838,-30.702226435949,1054.925,-11.224316813715063,,90.7952441666667,-3.388710015877171,0.684140481,7.75,1.72,2.24,-0.5200000000000002
952,Latvia,LVA,2009,8.386317728037234,-45.6338278869612,908.5,-30.893209249410944,,94.004045,-16.040026648089018,0.719332843916667,17.55,1.85,1.72,0.1300000000000001
953,Latvia,LVA,2010,2.7935104776395008,39.0969406915944,850.675,12.73768845642086,,92.9844433333334,-3.66125042948869,0.754797923666666,19.475,2.13,1.85,0.2799999999999998
954,Latvia,LVA,2011,-2.82467257337087,12.863914119037,861.575,22.57590744319348,,97.0485475,3.0363404274189185,0.7131907805,16.2083333333333,1.59,2.13,-0.5399999999999998
955,Latvia,LVA,2012,-3.406884446345266,-5.74496666250924,875.625,5.218574269966544,,99.2396991666667,7.305240883915618,0.7781330215,15.0416666666667,1.46,1.59,-0.1300000000000001
956,Latvia,LVA,2013,-3.005985600509159,12.5527396413379,893.875,-0.12734191232997,,99.2104683333334,2.0960943439214224,0.753256479166666,11.8583333333333,1.49,1.46,0.03
957,Latvia,LVA,2014,-1.6717489003314716,0.905642777021832,884.65,2.99891164176435,,99.8260616666667,2.0949636683219346,0.753695140645586,10.8416666666667,2.03,1.49,0.5399999999999998
958,Latvia,LVA,2015,-0.1642501953313861,9.33384521647122,896.075,1.013343862126869,,100.0,3.783363159132336,0.901451643908024,9.875,2.02,2.03,-0.0099999999999997
959,Latvia,LVA,2016,1.7225773643374398,37.5174040267284,893.275,4.189702435105192,,100.140630833333,2.5516896978781345,0.904281526915114,9.63333333333333,2.09,2.02,0.0699999999999998
960,Latvia,LVA,2017,1.27992600567111,37.5813024654972,894.825,8.563528899658882,,103.075120833333,3.398945017713596,0.887107173889516,8.70833333333334,1.96,2.09,-0.1299999999999999
961,Latvia,LVA,2018,-0.3445404528320035,11.5515162259538,909.375,6.328858030769766,,105.687518333333,4.309712862945019,0.847324485146496,7.4,1.83,1.96,-0.1299999999999999
962,Latvia,LVA,2019,-0.1183752156119998,0.933596993021423,910.025,2.0274607180472586,,108.65882,0.6753727718842378,0.893348371188594,6.31666666666667,1.84,1.83,0.01
963,Latvia,LVA,2020,2.983814074712583,3.88444499845002,,-1.122767313893189,,108.896849166667,-3.4692242047105144,0.877541570440429,8.09166666666667,1.48,1.84,-0.3600000000000001
964,Latvia,LVA,2021,-3.940059063715587,14.8409852151418,869.475,15.139944572798871,,112.4641075,6.942534649455396,0.845553392731664,7.575,1.39,1.48,-0.09
965,Latvia,LVA,2022,-5.142878502903634,-6.85008626793238,891.225,9.912790440859164,,131.93197,1.90853745103189,0.950882523746784,6.858333333333333,1.33,1.39,-0.0599999999999998
966,Lithuania,LTU,1991,,,,,,0.346458333333333,,,,,,
967,Lithuania,LTU,1992,,,,,,3.88248333333333,,,,,,
968,Lithuania,LTU,1993,,,,,,19.8182083333333,,1.2581286685,,,,
969,Lithuania,LTU,1994,,,,,,34.1377916666667,,1.15203602858333,,,,
970,Lithuania,LTU,1995,,,,,,47.6726166666667,,1.158480074,,2.55,,
971,Lithuania,LTU,1996,,,,29.40200758098306,,59.4120916666667,5.026942367737743,1.158480074,,,2.55,
972,Lithuania,LTU,1997,,,,29.1179519676452,,64.6885083333333,8.300630468590004,1.158480074,,2.28,,
973,Lithuania,LTU,1998,,,,6.418828284848364,,67.9666333333333,7.462936804372888,1.158480074,,,2.28,
974,Lithuania,LTU,1999,,,,-14.507557694764966,,68.461125,-1.097004652401745,1.158480074,14.6416666666667,,,
975,Lithuania,LTU,2000,,,,6.39178132694954,,69.13315,3.4186202266076062,1.158480074,16.4416666666667,,,
976,Lithuania,LTU,2001,,-15.9577331492624,,19.71746496530878,,70.0782833333333,6.484124532691435,1.158480074,17.4166666666667,,,
977,Lithuania,LTU,2002,,5.86193359092507,,20.127980582795477,,70.2755583333333,6.719840347658394,1.06492074058333,13.775,0.63,,
978,Lithuania,LTU,2003,,57.520396611625,,9.5970229616554,,69.4784166666666,10.551897513155884,0.886488260666666,12.4333333333333,0.66,0.63,0.03
979,Lithuania,LTU,2004,-7.631276106416395,62.6945380650277,,18.45028945182476,,70.2872166666667,6.502034944414999,0.80531501,10.8916666666667,2.24,0.66,1.58
980,Lithuania,LTU,2005,-7.300113159125562,86.9757275268277,1434.45,19.659345893446183,,72.1557916666667,7.731446160533355,0.803413171833334,8.31666666666667,2.46,2.24,0.2199999999999997
981,Lithuania,LTU,2006,-10.596845885381171,2.33318805218717,1428.95,14.302398076674509,,74.8537833333334,7.395480953860798,0.797099455333334,5.79166666666667,2.3,2.46,-0.1600000000000001
982,Lithuania,LTU,2007,-15.103638356946783,25.0946347754439,1451.575,10.647597778969669,,79.148275,11.077928961529471,0.73092128125,4.25833333333333,2.24,2.3,-0.0599999999999996
983,Lithuania,LTU,2008,-12.975606689119417,-26.5306706886348,1427.1,10.820306443673184,,87.795925,2.599460544470411,0.682656105166667,5.825,1.72,2.24,-0.5200000000000002
984,Lithuania,LTU,2009,1.934753857492292,-44.2417549102406,1317.4,-28.653757786095696,,91.7055166666667,-14.83861071314788,0.719425780083334,13.8,1.85,1.72,0.1300000000000001
985,Lithuania,LTU,2010,0.0344498089222586,55.9634310214924,1247.65,16.810717051048982,,92.9153083333334,0.4271992710821663,0.754846308333333,17.8416666666667,2.13,1.85,0.2799999999999998
986,Lithuania,LTU,2011,-3.952818908230577,11.2272899318698,1253.625,14.217429293039688,,96.7529666666667,6.323636618841638,0.718576228,15.3916666666667,1.59,2.13,-0.5399999999999998
987,Lithuania,LTU,2012,-1.6017842780361315,-10.0071417217594,1275.725,5.169700764177383,,99.7426166666667,4.382904806674519,0.778003842333334,13.4083333333333,1.46,1.59,-0.1300000000000001
988,Lithuania,LTU,2013,1.5783952894233,19.3433871015891,1292.775,5.811386652835736,,100.7874,4.046915411414947,0.753304081666666,11.8,1.49,1.46,0.03
989,Lithuania,LTU,2014,3.4742255390557224,14.1226155709393,1319.025,-1.8107851685647187,,100.891975,3.772542639424485,0.753096520666667,10.725,2.03,1.49,0.5399999999999998
990,Lithuania,LTU,2015,-2.5557739426922943,6.6453933224592,1334.925,9.50237433298619,,99.9999916666667,2.832806304836237,0.901451643908024,9.13333333333334,2.02,2.03,-0.0099999999999997
991,Lithuania,LTU,2016,-0.934218184719621,7.21098758433116,1361.4,4.04429018624155,,100.905516666667,2.6719220913532293,0.904281526915114,7.9,2.09,2.02,0.0699999999999998
992,Lithuania,LTU,2017,0.8877208337470675,16.754558191325,1354.8,11.196899984084698,,104.662116666667,4.612243508817237,0.887107173889516,7.11666666666666,1.96,2.09,-0.1299999999999999
993,Lithuania,LTU,2018,0.2021876980148358,12.3663520506597,1374.725,5.940090702822494,,107.485825,4.918368594299827,0.847324485146496,6.18333333333333,1.83,1.96,-0.1299999999999999
994,Lithuania,LTU,2019,3.803227382432039,-0.870173011728958,1378.425,6.096500040878912,,109.995091666667,4.677351908165784,0.893348371188594,6.28333333333333,1.84,1.83,0.01
995,Lithuania,LTU,2020,7.110828494544435,8.6668222634417,,-4.336830638124383,,111.314916666667,0.0428149863078954,0.877541570440429,8.51666666666667,1.48,1.84,-0.3600000000000001
996,Lithuania,LTU,2021,1.847939007243841,25.0379822387817,1368.625,19.17433265965727,,116.5284,6.394816961803064,0.845553392731664,7.141666666666666,1.39,1.48,-0.09
997,Lithuania,LTU,2022,-5.816733126646864,-0.447511834201835,1420.825,12.99666008995552,,139.490375,2.4653210033137047,0.950882523746784,5.95,1.33,1.39,-0.0599999999999998
998,Luxembourg,LUX,1988,,,124.010036333333,,,55.4878706332055,,0.911552416672657,2.0,,,
999,Luxembourg,LUX,1989,,,128.109541666667,,,57.3583464574572,,0.976692844222883,1.78333333333333,,,
1000,Luxembourg,LUX,1990,,,133.591438333333,,,59.2246520869521,,0.828512424010306,1.65833333333333,,,
1001,Luxembourg,LUX,1991,,,139.216341,,,61.0714895448423,,0.846844150167287,1.65833333333333,,,
1002,Luxembourg,LUX,1992,,,142.862994,,,62.9977874064526,,0.7968843089183,2.06666666666667,,,
1003,Luxembourg,LUX,1993,,,145.341764666667,,,65.2582137979912,,0.856441347978883,2.58333333333333,,,
1004,Luxembourg,LUX,1994,,,148.702405666667,,,66.6904752364727,,0.829467640392432,3.175,,,
1005,Luxembourg,LUX,1995,12.07553019428692,,152.801911,,,67.9360518264496,,0.731216901049994,2.86666666666667,,,
1006,Luxembourg,LUX,1996,11.790528436022164,,156.543901333333,7.812921488491204,,68.740320276219,1.3980806959466427,0.767861554771661,2.925,,,
1007,Luxembourg,LUX,1997,10.487647401376115,,162.5027532081,16.02126018357761,,69.6803519898063,5.419723057270698,0.886427168469266,2.7,,,
1008,Luxembourg,LUX,1998,8.741270616683387,,170.6,17.3889116438526,,70.3482843341534,6.6741981970653095,,2.69166666666667,,,
1009,Luxembourg,LUX,1999,8.207221873287931,,176.1,13.164531601564876,,71.0694908703716,8.176134800060433,0.938562898111359,2.40833333333333,,,
1010,Luxembourg,LUX,2000,12.184500728350065,37.8792892463155,180.9,16.87834278416172,,73.3087254647243,6.938181063261822,1.0850960701302,2.23333333333333,,,
1011,Luxembourg,LUX,2001,9.06861553689129,-33.6477971562653,185.3,6.830096836729426,,75.2615396695745,3.074352695893748,1.11663108833636,1.9,,,
1012,Luxembourg,LUX,2002,7.44440876296968,-30.7517367063636,,-1.4888608569708413,,76.8225307837044,3.2253046821125118,1.06106513282085,2.55833333333333,,,
1013,Luxembourg,LUX,2003,7.443423079856121,-12.2321477569985,187.1,3.643480618029473,,78.3972700785455,2.6192503301894083,0.885163216727309,3.80833333333333,,,
1014,Luxembourg,LUX,2004,7.816329609486341,26.5510801843011,,9.095358499475866,,80.1421430807688,4.230676895315477,0.804862094234843,4.95,,,
1015,Luxembourg,LUX,2005,8.00193693037798,24.3723497932537,193.6,6.147680228180219,,82.1358333333333,2.4825096520080487,0.804619415077062,4.65,,,
1016,Luxembourg,LUX,2006,6.240166210562599,47.599836151828,,11.491631262097265,,84.3258333333333,6.016608710353729,0.796697220760242,4.575,,,
1017,Luxembourg,LUX,2007,6.186255170642955,31.2703281086829,202.9,2.5636028838013813,,86.2758333333333,8.098524228940741,0.730485427146717,4.16666666666667,,,
1018,Luxembourg,LUX,2008,6.613327064223986,-13.9628817429078,,2.1805766795638686,,89.2108333333333,-0.3022763912071637,0.683982339822683,4.91666666666667,,,
1019,Luxembourg,LUX,2009,4.937030187532398,-42.1819758981018,217.2,-9.07344293062781,,89.5391666666667,-3.238952605918348,0.719800423489554,5.11666666666667,,,
1020,Luxembourg,LUX,2010,5.63335981837815,24.6725780761266,220.8,14.253119019941812,,91.575,3.760409312537147,0.755043518257105,4.58333333333333,,,
1021,Luxembourg,LUX,2011,4.171680023597719,-12.5860388095733,224.775,6.745901660800186,,94.6983333333333,1.0442830299478352,0.719158754470168,4.83333333333333,,,
1022,Luxembourg,LUX,2012,4.108841224780472,-17.0646883664483,236.075,1.7603576570912518,,97.22,1.6497116593683476,0.778006210395884,5.06666666666667,,,
1023,Luxembourg,LUX,2013,2.77221889016648,-3.05593838670451,238.7,6.2294282081341565,,98.9058333333334,3.17168511742383,0.753297658306669,5.875,,,
1024,Luxembourg,LUX,2014,7.057190466315491,10.6561061377064,,8.236166574981803,,99.5275,2.623090214876461,0.753695140645586,6.05,,,
1025,Luxembourg,LUX,2015,4.621435274162948,-4.84221862202847,257.45,5.707648376560916,,100.0,2.268356917772726,0.901451643908024,6.45833333333333,,,
1026,Luxembourg,LUX,2016,7.406855038980677,-12.5868884551774,260.475,3.7519892475094574,,100.290833333333,4.978183048878004,0.904281526915114,6.33333333333333,,,
1027,Luxembourg,LUX,2017,8.7908172692101,15.050736200151,271.825,0.7535226330697217,,102.026666666667,1.3171138608984634,0.887107173889516,5.61666666666667,,,
1028,Luxembourg,LUX,2018,6.219610852563124,-0.997767165287018,279.9,3.4575730863785066,,103.585833333333,1.6112968548050195,0.847324485146496,5.5,,,
1029,Luxembourg,LUX,2019,6.094193645168515,-21.9900414176522,289.1,7.446418868288684,,105.391666666667,2.7493215824122155,0.893348371188594,5.59166666666667,,,
1030,Luxembourg,LUX,2020,3.667379244337607,-22.8177514429885,,1.449291095837708,,106.255833333333,-0.510052342995236,0.877541570440429,6.69166666666667,,,
1031,Luxembourg,LUX,2021,7.532188606166201,62.6250047609033,306.825,13.394039828243605,,108.940833333333,6.929732453208205,0.845553392731664,5.425,,,
1032,Luxembourg,LUX,2022,7.049440503929178,-0.0211800764723075,312.0,2.4055097037125703,,115.843333333333,-1.097285509847366,0.950882523746784,4.6,,,
1033,Mexico,MEX,1988,,16.5535342099169,,36.71420152610164,47.82779142829164,6.476398853433324,1.2832609974048896,2.28077548057179,3.54166666666667,,,
1034,Mexico,MEX,1989,,74.3775416039315,,17.96736100849005,22.43249629913359,7.772188865720052,4.10550933059427,2.49488340270781,2.925,,,
1035,Mexico,MEX,1990,,73.0396126789877,23403.413,19.744214109665563,24.860568975841645,9.843607275612811,5.175768386195298,2.84075232468045,2.74166666666667,,,
1036,Mexico,MEX,1991,,85.5921902440362,,15.17762819188788,20.403472563650286,12.074401513007013,4.214754839125776,3.02246744121494,2.69166666666667,11.91,,
1037,Mexico,MEX,1992,,56.1331884519914,30259.0,19.6162862926034,11.941414331313242,13.94688748940074,3.541102415564606,3.09502014408933,2.78333333333333,,11.91,
1038,Mexico,MEX,1993,,10.9306690473459,,9.69992173658108,14.399750855226474,15.306912696039262,3.165364497605753,3.11529444785304,3.425,,,
1039,Mexico,MEX,1994,,36.6286193430986,32439.0,18.088160415081035,12.43716159993061,16.373163649716343,4.394127904462847,3.38859412577922,3.64166666666667,,,
1040,Mexico,MEX,1995,,-11.9562327567188,32174.886,-17.497019929837236,12.0880518148787,22.10365030616429,-5.910299618309955,6.42132883655065,6.26666666666667,7.25,,
1041,Mexico,MEX,1996,,44.0709803955278,33495.833,18.10294677764202,17.828217130921175,29.70252814701572,6.21829713626201,7.60071016588826,5.525,14.02,7.25,6.77
1042,Mexico,MEX,1997,,38.892222097332,35425.187,23.55420389314468,19.547779374178358,35.82886099256245,7.198876148665798,7.92356504532631,3.735,13.08,14.02,-0.9399999999999996
1043,Mexico,MEX,1998,,-2.77481983189021,36356.971,14.42787589932133,19.717874193621824,41.53582255056861,6.185078944790975,9.15333505255646,3.16,13.05,13.08,-0.0299999999999993
1044,Mexico,MEX,1999,,22.3373427603029,36774.938,11.77481586712186,19.448389450068667,48.42479591273868,2.755030391614657,9.55296691682682,2.505,6.59,13.05,-6.460000000000001
1045,Mexico,MEX,2000,,27.015846773369,37594.296,21.03133486864053,18.57817146118567,53.02106443646686,5.029284005872574,9.45306870255349,2.50583333333333,15.15,6.59,8.56
1046,Mexico,MEX,2001,,-8.31379585611452,37684.468,-0.298370379766991,25.365630659644737,56.39730620716793,-0.4508452644191076,9.34425728587636,2.75666666666667,15.24,15.15,0.0899999999999998
1047,Mexico,MEX,2002,,6.90213160328579,38559.818,3.613854165243131,16.23986287133321,59.23450383906346,-0.2365880075742766,9.66048922308655,2.97833333333333,5.03,15.24,-10.21
1048,Mexico,MEX,2003,,8.53153342540796,38877.605,3.012313030306508,15.818959188762886,61.927836275311066,1.1855448771224864,10.7947164413545,3.40583333333333,15.44,5.03,10.41
1049,Mexico,MEX,2004,,48.4857360490973,,7.02679295655496,17.111677593853237,64.83126537639744,3.565441010916453,11.2834859185802,,3.0,15.44,-12.44
1050,Mexico,MEX,2005,,35.7422907118916,42079.13625,5.925822627716995,19.010803991785913,67.41677561525064,2.1132471258625967,10.8896752991091,3.59578537833333,3.0,3.0,0.0
1051,Mexico,MEX,2006,-0.2904766090309252,45.4091953993462,43378.461,7.7071869568933025,25.8574591875904,69.86364269419882,4.805013527469938,10.9031296693644,3.5967434775,2.39,3.0,-0.6099999999999999
1052,Mexico,MEX,2007,-0.8153737616518735,43.0034642338333,44231.24825,5.742522831819702,24.11562710504877,72.63502834530124,2.077863933127415,10.9286421411318,3.7216039175,2.41,2.39,0.02
1053,Mexico,MEX,2008,-1.3319380068002813,-9.82341905434066,44943.527,3.811546270483363,28.709888684613286,76.35756025007476,0.9433318642818128,11.1532355292051,3.97465474583333,1.87,2.41,-0.54
1054,Mexico,MEX,2009,-0.7635729802385176,-5.49164098838852,45435.35175,-16.386825561465702,29.699721358827585,80.40249290963996,-6.295250559026923,13.5042362373737,5.47906766,1.61,1.87,-0.26
1055,Mexico,MEX,2010,-0.3410675620002072,31.580098181353,46121.62125,17.11081896556405,30.570121359125135,83.74460571419846,4.971334583283154,12.631879703871,5.38087571416667,5.37,1.61,3.76
1056,Mexico,MEX,2011,-0.8956048722367728,7.97701068498485,47138.88725,6.235032816855309,38.622295024446025,86.59810233940054,3.4440450579870663,12.4337364020641,5.23357277083333,5.37,5.37,0.0
1057,Mexico,MEX,2012,-1.4862646122934196,10.6003665944559,48706.734,5.64763668145494,46.14013284201884,90.15859071739,3.553210759979261,13.1502058661146,4.95276899333333,5.17,5.37,-0.2000000000000001
1058,Mexico,MEX,2013,-2.5294479342199714,5.59132016832736,49227.3125,3.629788157981859,47.94011859442029,93.590378139407,0.8521015594205198,12.7698675125871,4.92946614916667,4.87,5.17,-0.2999999999999998
1059,Mexico,MEX,2014,-1.8528269627878544,1.44456503996535,49415.4115,5.9618380849784325,51.31275817284998,97.35141717464978,2.5037635040675013,13.305470838823,4.82895774916667,1.02,4.87,-3.85
1060,Mexico,MEX,2015,-2.645169971840302,3.09716359998829,50611.33175,4.948894841711215,54.58587079721856,100.0,2.702323425505344,15.8742021397986,4.35294290916667,4.45,1.02,3.43
1061,Mexico,MEX,2016,-2.391101772023887,3.83022506260977,51594.74825,2.533581902372606,54.79794619091364,102.82170775169716,1.772493238455097,18.6273949699636,3.88135597083333,4.35,4.45,-0.1000000000000005
1062,Mexico,MEX,2017,-1.7769705591664051,7.51845024859847,51680.27925,5.648599989394646,59.982133859210606,109.03363580200622,1.8717285332697715,18.8714924516516,3.41904586166667,1.24,4.35,-3.1099999999999994
1063,Mexico,MEX,2018,-2.1120890063451725,-3.80389382577691,53161.791,5.604095234685881,63.62938202605215,114.37557628959864,1.972082094058484,19.1781627076746,3.320195495,1.21,1.24,-0.03
1064,Mexico,MEX,2019,-0.3985674776974693,-8.77427294333204,54614.54875,-1.080977052930638,,118.5342278806838,-0.3926905050678236,19.2167448427442,3.49046186,,1.21,
1065,Mexico,MEX,2020,2.4966919957791527,-9.05462101781963,,-11.990834423190778,,122.56063901953011,-8.354034576489385,21.400863614201,,,,
1066,Mexico,MEX,2021,,26.3394851913097,55165.86475,,,129.5333692838956,,20.2233416966795,4.13862064333333,,,
1067,Mexico,MEX,2022,,1.58667753107569,57322.3985,,,139.76168188294787,,20.0653671626749,3.27377120166667,1.62,,
1068,Netherlands,NLD,1988,,-9.41252678260004,5910.0,,,57.07306767730376,,0.897040294170588,7.375,,,
1069,Netherlands,NLD,1989,,26.4961496149615,6030.3,,,57.69069015151174,4.420857473928161,0.962456493821782,6.675,,,
1070,Netherlands,NLD,1990,,-2.5264164891073,6274.5,,,59.10647090408278,4.1824982540866245,0.826250580460526,6.08333333333333,,,
1071,Netherlands,NLD,1991,,2.83279800142757,,,,60.97317307316619,2.4398834309476025,0.848429088521932,5.675,,,
1072,Netherlands,NLD,1992,,4.79371827686433,6613.8,,,62.91430350228929,1.7066123951909942,0.79797629149631,5.75833333333333,,,
1073,Netherlands,NLD,1993,,15.9794667991389,6639.9,,,64.54012340485431,1.2559601538666985,0.842741709813602,6.46666666666667,,,
1074,Netherlands,NLD,1994,,18.4323243860651,6706.5,,,66.34823220558573,2.9600073232853643,0.825755203724628,7.19166666666667,,,
1075,Netherlands,NLD,1995,,4.64737793851719,6781.6,10.171609678167426,,67.62425449275042,3.1167954980492154,0.7284533808895,8.35833333333334,,,
1076,Netherlands,NLD,1996,,29.200506883244,6931.8,5.256709432191864,,68.9425,3.415931456265153,0.765118822349583,7.675,,,
1077,Netherlands,NLD,1997,,49.7871202157776,7186.0,10.84583100879167,,70.39666666666666,4.245484163121371,0.885264697563049,6.5,,,
1078,Netherlands,NLD,1998,,25.3437704625275,7402.0,8.346943167967742,,71.77583333333332,4.653712012118476,,5.13333333333333,,,
1079,Netherlands,NLD,1999,,10.5596846579441,,9.843250461700526,,73.32416666666667,5.038414634398428,0.938562898111359,4.23333333333333,,,
1080,Netherlands,NLD,2000,,21.0036512027491,7869.8,11.365461220815108,,75.05500000000002,4.227832183827141,1.0850960701302,3.66666666666667,2.41,,
1081,Netherlands,NLD,2001,,-18.2862584377158,8067.9,2.545555545412941,,78.17416666666666,2.3279071917996905,1.11663108833636,3.075,3.37,2.41,0.96
1082,Netherlands,NLD,2002,,-23.0146653937761,8167.425,0.2896912486994906,,80.74416666666666,0.2462086917255736,1.06106513282085,,2.45,3.37,-0.92
1083,Netherlands,NLD,2003,,-25.6749817305603,8121.125,2.155674220493352,,82.43333333333331,0.0981712771585482,0.885163216727309,5.90833333333333,2.52,2.45,0.0699999999999998
1084,Netherlands,NLD,2004,7.472363139242866,12.5563500183167,,6.402154129270113,,83.475,2.013391168716168,0.804862094234843,6.775,2.24,2.52,-0.2799999999999998
1085,Netherlands,NLD,2005,7.5127619145782845,15.8138460319093,7831.4,5.475554252037296,,84.88416666666666,2.028841787324233,0.804619415077062,6.95833333333333,2.46,2.24,0.2199999999999997
1086,Netherlands,NLD,2006,9.25364884096474,20.9590429373529,7956.45,7.604533843954385,,85.81916666666669,3.539020706808091,0.796697220760242,6.08333333333333,2.3,2.46,-0.1600000000000001
1087,Netherlands,NLD,2007,6.865019553760902,15.6760257515276,8186.55,7.721614808589713,,87.20416666666665,3.882140661221994,0.730485427146717,5.30833333333333,2.24,2.3,-0.0599999999999996
1088,Netherlands,NLD,2008,4.376321893153033,-24.2517144849261,8377.875,-0.5968340406761785,,89.3725,2.1267006559586417,0.683982339822683,4.75833333333333,1.72,2.24,-0.5200000000000002
1089,Netherlands,NLD,2009,2.996951991752443,-29.7673543182467,8383.4,-7.8923483703332495,,90.43583333333336,-3.670183101356949,0.719800423489554,5.425,1.85,1.72,0.1300000000000001
1090,Netherlands,NLD,2010,6.3374011169838695,22.4909284743209,8289.675,8.435826750501622,,91.58916666666669,1.3168086443635474,0.755043518257105,6.06666666666667,2.13,1.85,0.2799999999999998
1091,Netherlands,NLD,2011,7.45777543276143,-1.26478779671409,8291.375,4.674302926236187,,93.73333333333336,1.7768664173799495,0.719158754470168,6.05,1.59,2.13,-0.5399999999999998
1092,Netherlands,NLD,2012,7.499079219160267,-2.12980694581026,8345.05,2.8853496103212906,,96.035,-0.9773727291050052,0.778006210395884,6.81666666666667,1.46,1.59,-0.1300000000000001
1093,Netherlands,NLD,2013,7.836312887036328,10.5638039080886,8285.1,2.86670502080922,,98.44250000000002,-0.0321067225217534,0.753297658306669,8.19166666666667,1.49,1.46,0.03
1094,Netherlands,NLD,2014,8.252210122192642,11.677124655843,8235.75,3.9590276977123393,,99.40333333333334,1.6124474952440275,0.753695140645586,8.35,2.03,1.49,0.5399999999999998
1095,Netherlands,NLD,2015,4.603875160534837,14.5633601865224,8318.1,15.407783846894796,,100.0,2.121038660846161,0.901451643908024,7.89166666666667,2.02,2.03,-0.0099999999999997
1096,Netherlands,NLD,2016,7.377906508066792,-5.19277208370962,8426.9,-2.23770833258109,,100.31666666666668,2.4248087288891496,0.904281526915114,7.0,2.09,2.02,0.0699999999999998
1097,Netherlands,NLD,2017,8.470584237721473,16.5666269465232,8604.525,7.610804567338609,,101.70250000000004,2.782872366850703,0.887107173889516,5.875,1.96,2.09,-0.1299999999999999
1098,Netherlands,NLD,2018,8.863241610526423,1.93635822574321,8796.925,5.533232609002641,,103.435,2.2602011284860843,0.847324485146496,4.86666666666667,1.83,1.96,-0.1299999999999999
1099,Netherlands,NLD,2019,6.735605494026457,2.19648479468362,8981.925,4.000644919207085,,106.15916666666666,2.300029209244827,0.893348371188594,4.43333333333333,1.84,1.83,0.01
1100,Netherlands,NLD,2020,5.495266978903386,-2.12969126732206,,-4.11460678755486,,107.51,-3.876615078116848,0.877541570440429,4.85,1.48,1.84,-0.3600000000000001
1101,Netherlands,NLD,2021,10.572881069441738,29.5245738293202,9282.175,6.5326618162825625,,110.3866666666667,6.277841581453701,0.845553392731664,4.225,1.39,1.48,-0.09
1102,Netherlands,NLD,2022,7.229633531563117,-7.60878440363299,9586.95,4.353948603665669,,121.42666666666666,5.007234591441879,0.950882523746784,3.54166666666667,1.33,1.39,-0.0599999999999998
1103,New Zealand,NZL,1988,-0.2522849811146671,-39.0659464852184,1571.725,,17.53898085114753,53.4189015633091,,1.52917545284396,5.8,,,
1104,New Zealand,NZL,1989,-2.9426920886333434,3.83734762532137,1523.575,14.422603077260046,12.025289799195004,56.4723215240833,1.3846380766252326,1.67406286629831,7.275,,,
1105,New Zealand,NZL,1990,-2.79529460916794,-16.6942189482501,1534.65,4.158491649519051,11.209172262091549,59.9162518249973,0.8601720344068862,1.67793630974505,7.975,,,
1106,New Zealand,NZL,1991,-2.3631989579595145,-18.2316773823396,1509.175,-5.356978774235035,12.008673238332719,61.4755116197866,-2.156431430529004,1.72923956614377,10.6,,,
1107,New Zealand,NZL,1992,-3.6490683229813663,7.97959394039132,1513.875,8.572815533980567,13.043350980486435,62.0992155428139,0.9619282792171828,1.8600409494833,10.65,11.24,,
1108,New Zealand,NZL,1993,-3.334459704086312,23.5555972386442,1544.75,5.320575874094623,12.287334173613385,62.8991835841093,4.874242534861632,1.85068574796316,9.8,9.02,11.24,-2.2200000000000006
1109,New Zealand,NZL,1994,-3.090782624304434,20.1861611281901,1611.275,12.578536254032947,14.326213860681388,63.9970109194816,7.202589695171318,1.68709620296167,8.35,,9.02,
1110,New Zealand,NZL,1995,-3.908540572465144,-1.87747202739235,1686.225,8.586296617519508,17.32736806468425,66.4000607799531,3.9336331314836928,1.52395456365878,6.45,,,
1111,New Zealand,NZL,1996,-4.745698619776896,5.5163995475987,1740.025,7.337824697874701,19.57041164691651,67.9177764261529,3.626210559200226,1.45363824708608,6.3,4.83,,
1112,New Zealand,NZL,1997,-5.18922874004756,9.81189911308929,1750.125,3.105891487916137,18.493300339588167,68.7240628783714,3.1247409238561032,1.51254433579007,6.825,4.15,4.83,-0.6799999999999997
1113,New Zealand,NZL,1998,-2.657007112429277,-14.9110250740755,1738.475,-0.1004110577677348,17.565120703389322,69.5935874686711,0.942051758033764,1.86852508775645,7.725,3.57,4.15,-0.5800000000000005
1114,New Zealand,NZL,1999,-4.888333453211537,6.82462554326538,1765.675,12.366114897760474,16.819080934995,69.5140654590464,4.637339086867731,1.8917312732878,7.025,3.0,3.57,-0.5699999999999998
1115,New Zealand,NZL,2000,-3.2430879470019605,-4.81820681948146,1799.1,-0.8497791692290448,17.28896175015184,71.3320200967586,3.865128733834784,2.20468809406174,6.15,2.37,3.0,-0.6299999999999999
1116,New Zealand,NZL,2001,-0.8123451120735385,-1.37898060690282,1844.675,2.29771638003946,19.918086395768224,73.2050709751169,2.348959755910694,2.38170947333062,5.45,3.61,2.37,1.2399999999999998
1117,New Zealand,NZL,2002,-2.172969900065825,3.46281240590186,1904.55,9.811216756235364,22.269641124030716,75.1648371376041,5.109512806326681,2.16332128257485,5.3,3.85,3.61,0.2400000000000002
1118,New Zealand,NZL,2003,-2.4440048046350595,3.85785752491225,1953.275,8.595808758940905,24.630320255035947,76.4829099419603,4.558937362603336,1.72351440432772,4.775,4.21,3.85,0.3599999999999999
1119,New Zealand,NZL,2004,-4.564377724477326,17.6954220475712,2022.8,16.77605731453661,27.074625781890536,78.234559345865,4.598245749110136,1.5090135594297,4.025,4.32,4.21,0.1100000000000003
1120,New Zealand,NZL,2005,-7.075072759384095,11.5799034203677,2082.325,6.222169447248126,27.171060828528265,80.6105590766326,2.427368623698415,1.42082306371165,3.825,4.14,4.32,-0.1800000000000006
1121,New Zealand,NZL,2006,-7.141927083333334,3.08953726146712,2131.425,-2.4164850110856584,30.82817767124323,83.3234304335565,2.444471470110235,1.54163807641634,3.85,4.52,4.14,0.3799999999999999
1122,New Zealand,NZL,2007,-6.7985065665222,10.3084536240664,2167.75,9.33251871085994,35.009443856016965,85.3033145736531,3.845240664796015,1.36097305194805,3.575,2.62,4.52,-1.8999999999999997
1123,New Zealand,NZL,2008,-7.670783888034062,-24.6549746750796,2174.675,3.2516065940206675,37.065103555528566,88.6804252421355,-0.3102168920112554,1.42547488115161,4.025,1.82,2.62,-0.8
1124,New Zealand,NZL,2009,-2.262377575845792,-17.2525236596093,2144.925,-14.448804248553932,34.81531096743406,90.5565978840124,0.4373231030654257,1.60000991382944,5.875,1.68,1.82,-0.1400000000000001
1125,New Zealand,NZL,2010,-2.23660831390716,3.54068787120633,2153.725,10.902872506573368,35.34447640854333,92.6412341016492,2.0795275263638664,1.3875688219148,6.225,5.53,1.68,3.850000000000001
1126,New Zealand,NZL,2011,-2.8004032353484054,2.75205160896423,2184.75,6.918250204998382,40.45681873292796,96.3727329383752,1.6238338544446935,1.26644621737562,6.025,2.11,5.53,-3.4200000000000004
1127,New Zealand,NZL,2012,-3.919275588076231,4.81197209482167,2179.925,2.690941829640384,43.23811994358927,97.3942047023964,2.7009990544752327,1.23489836760462,6.475,2.32,2.11,0.2099999999999999
1128,New Zealand,NZL,2013,-3.085995172108632,20.7876538166539,2223.575,6.401701492052652,47.58800553810715,98.4990618967216,2.088285725419902,1.22038843773135,5.85,1.38,2.32,-0.94
1129,New Zealand,NZL,2014,-3.1113249573805306,9.81994876878571,2308.375,8.029174804687495,49.61489035097323,99.7081509428208,3.247047596325904,1.20583153078926,5.425,1.31,1.38,-0.0699999999999998
1130,New Zealand,NZL,2015,-2.7041828716564806,7.87946684599782,2368.575,4.529788977089755,54.26709694194736,100.0,4.1404011461318015,1.43424500833647,5.4,1.32,1.31,0.01
1131,New Zealand,NZL,2016,-2.0855967571536684,13.0787503987113,2482.675,3.848388622390386,58.80709157016352,100.646237225423,4.014396087672356,1.43652576283016,5.125,1.27,1.32,-0.05
1132,New Zealand,NZL,2017,-2.9068103610740788,7.30469716016818,2586.4,7.347793840188409,61.39951592110271,102.508984771157,4.0066557160227685,1.40740141766265,4.725,1.35,1.27,0.08
1133,New Zealand,NZL,2018,-4.260214961335392,11.1742157121054,2651.55,6.808484848484859,65.69031572380345,104.147383773237,4.055362299816231,1.44562224397704,4.325,,1.35,
1134,New Zealand,NZL,2019,-2.8702705237001265,13.3715221037618,2689.25,2.334396313991636,,105.83418802576,3.269705355946088,1.51801896777558,4.1,0.91,,
1135,New Zealand,NZL,2020,-1.2637742748431091,9.05613532514186,2717.85,-15.564353361279316,,107.648780479232,-0.9856617141809866,1.54124931311563,4.6,0.85,0.91,-0.06
1136,New Zealand,NZL,2021,-5.603290754102819,9.31202797245546,2771.775,14.38290495015694,,111.891348750731,5.834432132750377,1.41403551478292,3.8,0.86,0.85,0.01
1137,New Zealand,NZL,2022,-8.750479627497953,-11.6119610692457,2812.9,4.698587667929733,,119.916447770313,3.268040523556781,1.57779562278844,3.325,1.7,0.86,0.84
1138,Norway,NOR,1988,-3.9410171547046144,-11.9090212113468,2079.0,-2.7031782505692266,16.21235716453939,54.9916666666667,-0.2552139102792464,6.51709091773648,,0.87,,
1139,Norway,NOR,1989,-0.0889131741108883,66.1154627212068,2014.0,2.1511487720023483,11.979435166591399,57.4916666666667,1.038245526106328,6.90331217940944,4.88333333333333,,0.87,
1140,Norway,NOR,1990,2.4205971588184583,21.4984282221446,1992.0,2.400482203975653,13.51508270469283,59.8666666666667,1.93230970790674,6.25827320317245,5.21666666666667,,,
1141,Norway,NOR,1991,3.586815230099531,-18.0537588040822,1973.0,0.3891923486965931,13.896513476099573,61.925,3.084477564622112,6.48393489461074,5.45,,,
1142,Norway,NOR,1992,3.354013418559928,-17.4706191896158,1970.0,1.7198714965485522,16.422987140553392,63.3666666666667,3.5744038610531703,6.2144791393915,5.925,,,
1143,Norway,NOR,1993,2.9075548467602625,28.0977683315622,1970.0,4.960315060928174,15.101340067517668,64.8166666666667,2.845187050538131,7.0944114691981,5.95,1.26,,
1144,Norway,NOR,1994,2.987171766006054,26.0328521652563,2003.0,5.3816567422408,14.243551448932976,65.7083333333333,5.055328861142445,7.0565457227587,5.40833333333333,,1.26,
1145,Norway,NOR,1995,3.542514714706952,,2047.0,5.587514463506415,16.0341667861159,67.325,4.155617599554822,6.33718151050872,,6.45,,
1146,Norway,NOR,1996,6.736981885850926,20.9007200823285,2104.0,8.840142270635198,19.928139349151262,68.175,5.027891367360479,6.45735185033465,4.75,2.41,6.45,-4.04
1147,Norway,NOR,1997,6.182709078033247,45.0749890699224,2166.0,12.61915634454022,16.587052101698994,69.925,5.2845765902075765,7.07231639159658,,4.42,2.41,2.01
1148,Norway,NOR,1998,-0.2952655269203239,-7.92639530273557,2219.0,9.21000575836546,18.465052302983825,71.5,2.668750848359595,7.54524817217203,3.09166666666667,3.61,4.42,-0.81
1149,Norway,NOR,1999,5.4685743309047,-3.95756716956571,,-1.8354052601113304,20.21486706992133,73.1916666666667,2.0720382777127875,7.79690319358178,3.03333333333333,2.49,3.61,-1.1199999999999997
1150,Norway,NOR,2000,14.748669984922191,28.5697370312593,2255.025,2.805174338433224,24.257292531961536,75.45,3.318933913524849,8.79668717626576,3.24166666666667,3.45,2.49,0.96
1151,Norway,NOR,2001,15.8592268929451,-9.45656301974426,2265.3,1.9745532121459823,25.415718938964158,77.7166666666666,2.0671233023229907,8.98835910724742,3.40833333333333,3.11,3.45,-0.3400000000000003
1152,Norway,NOR,2002,12.33305224354832,-15.7311875650866,2275.525,0.5401701435735112,26.159641704905006,78.7166666666667,1.3775482974145463,7.98555545363739,3.66666666666667,2.65,3.11,-0.4599999999999999
1153,Norway,NOR,2003,12.023774586523912,-4.13131411374989,2257.625,0.8267098939792952,25.74683323093303,80.675,0.9449258792813204,7.07752583356861,4.20833333333333,2.45,2.65,-0.1999999999999997
1154,Norway,NOR,2004,12.370342884712738,52.8717042836852,,9.147765609591534,26.75937175970824,81.0416666666667,4.014611316268697,6.73933017990464,4.275,2.79,2.45,0.3399999999999998
1155,Norway,NOR,2005,16.47957333596948,46.2654346290029,,7.908844604914406,31.705173945668317,82.2833333333334,2.685108932589068,6.44140654259991,,2.87,2.79,0.08
1156,Norway,NOR,2006,16.382797857698485,41.1316474277707,2352.975,8.826525847949773,35.584595677958774,84.2,2.4614761008349304,6.41478064417466,3.6,2.35,2.87,-0.52
1157,Norway,NOR,2007,12.475303122913497,24.5489187476952,2434.15,9.729102271653607,42.770635091436716,84.8,2.914042344290204,5.85845357456553,2.71666666666667,2.57,2.35,0.2199999999999997
1158,Norway,NOR,2008,15.808336679285112,-19.2907336212185,2513.7,4.479453138042221,37.99308221163239,87.9833333333333,0.4819018790177042,5.64781888528139,2.93333333333333,2.46,2.57,-0.1099999999999998
1159,Norway,NOR,2009,10.921282717093884,-24.807166991504,2499.475,-10.239910117802197,38.615238178294604,89.9166666666666,-1.9403738539200128,6.29010033487044,3.45833333333333,2.33,2.46,-0.1299999999999999
1160,Norway,NOR,2010,10.879990040179209,26.6606786327267,2500.775,7.984649804937101,39.39587815202387,92.0916666666667,0.787087118857287,6.04184666619612,3.95833333333333,3.04,2.33,0.71
1161,Norway,NOR,2011,12.561248240509586,8.55652895337236,2535.525,3.935372367192685,45.047524397839446,93.275,1.1056190110174495,5.60457492471297,3.56666666666667,3.35,3.04,0.31
1162,Norway,NOR,2012,12.621479457364083,3.60978379145574,2585.425,2.9345621196564062,46.06703447988898,93.925,2.717975003853772,5.81492121839513,3.48333333333333,3.57,3.35,0.2199999999999997
1163,Norway,NOR,2013,10.273829138457153,14.0655075518089,2601.6,5.043370930123171,47.78157798109867,95.9166666666666,1.0161887815760036,5.87652067217203,3.93333333333333,3.82,3.57,0.25
1164,Norway,NOR,2014,11.097756597841038,19.0094058559883,2626.6,2.179463325491997,51.68853196829981,97.875,2.0481193894385954,6.3018876984127,3.775,3.0,3.82,-0.8199999999999998
1165,Norway,NOR,2015,8.015881025001894,2.92204053804046,2641.0,1.8828820184011656,51.67651599604033,100.0,1.857354978542662,8.06431832494197,4.69166666666667,3.52,3.0,0.52
1166,Norway,NOR,2016,4.015511442956362,0.048646263728136,2638.175,1.932553805445325,53.83697449101882,103.55,1.1647155486235627,8.40022578423991,4.90833333333333,3.41,3.52,-0.1099999999999998
1167,Norway,NOR,2017,5.435341370386323,22.1856051944527,2643.875,1.840838948782167,58.40308518959291,105.491666666667,2.463753766290519,8.271009138983,4.36666666666667,3.13,3.41,-0.2800000000000002
1168,Norway,NOR,2018,7.925580791546118,20.1887492840669,2685.875,1.3902859298291563,61.23056636803923,108.408333333333,0.8289239961497995,8.13482412000439,3.99166666666667,3.2,3.13,0.0700000000000002
1169,Norway,NOR,2019,2.7452688173499062,0.493650136374059,2715.55,5.336147035924041,63.08710794818107,110.758333333333,1.1237449596623457,8.79855526366146,3.875,2.62,3.2,-0.5800000000000001
1170,Norway,NOR,2020,1.0664248458962116,-5.81127076639644,,-9.854726959192702,71.13152680068488,112.183333333333,-1.2781712361868611,9.41320581192359,4.75,2.8,2.62,0.1799999999999997
1171,Norway,NOR,2021,13.201191723383632,30.5164531424842,2797.675,1.8233935763832148,78.81127386358494,116.091666666667,3.908693114482035,8.59149748643265,4.45833333333333,3.0,2.8,0.2000000000000001
1172,Norway,NOR,2022,29.045234030089997,13.5469890732104,2859.175,13.259195831587377,84.09322965793065,122.783333333333,3.246250035793708,9.61291515269151,3.23333333333333,2.31,3.0,-0.69
1173,Poland,POL,1988,,,,,,,,0.0430545833333333,,,,
1174,Poland,POL,1989,,,,,,0.967063789783239,,0.143918416666667,,,,
1175,Poland,POL,1990,,,,,1.3971685610786393,6.45881391721896,,0.949999988,,,,
1176,Poland,POL,1991,,,,,37.20160824243009,11.4172137121076,,1.05774069268734,,9.45,,
1177,Poland,POL,1992,,,,,19.315194775332007,16.6803851255945,,1.36285346412148,,9.61,9.45,0.1600000000000001
1178,Poland,POL,1993,,417.071707456433,14894.0,,24.29504385081549,22.8461494095458,,1.81354719189537,,,9.61,
1179,Poland,POL,1994,,157.102971212409,14658.0,,20.676246295367726,30.3833859771898,,2.27277253770276,,,,
1180,Poland,POL,1995,,-32.4588649078445,14791.0,,23.23053323559022,38.8759643492862,,2.42503080216993,,6.07,,
1181,Poland,POL,1996,,60.8359909681073,14968.5,27.449025094480543,22.24633915946633,46.5714477188947,6.093937342635594,2.69549900332963,,8.5,6.07,2.43
1182,Poland,POL,1997,,27.9663855793502,15176.75,21.18614750043845,20.95624337408419,53.5167240273379,6.358878223921948,3.27686117756513,10.8666666666667,8.63,8.5,0.1300000000000007
1183,Poland,POL,1998,,-8.00541069772234,,18.591245939006985,21.742518791864477,59.7235152599467,4.621672440653438,3.49198788349332,10.1666666666667,6.39,8.63,-2.240000000000001
1184,Poland,POL,1999,,3.76969125280704,,1.12969695199106,23.638861625028596,63.996178912989,4.699194272856998,3.96436807516155,13.3916666666667,4.19,6.39,-2.1999999999999997
1185,Poland,POL,2000,,22.9749145675412,,15.442190749942233,20.696136023633553,70.3319119842356,4.656246430440396,4.34567309743397,16.075,2.87,4.19,-1.3200000000000005
1186,Poland,POL,2001,,-24.2755707880813,14205.6,-5.219950155110358,20.80617557115037,74.1356962240496,1.2339013807887589,4.09719836564402,18.3083333333333,3.12,2.87,0.25
1187,Poland,POL,2002,,0.448818818218814,,2.710250249721671,16.358426496520348,75.5481954563997,1.90114630913566,4.0816234645408,20.0333333333333,3.8,3.12,0.6799999999999997
1188,Poland,POL,2003,,18.2353803736909,,9.331188343364776,16.37565899568301,76.0639628109508,3.523416021116452,3.8884117573248,19.75,2.36,3.8,-1.44
1189,Poland,POL,2004,-5.997352872526172,41.1240800706147,,8.192720390215607,20.157282134321406,78.6369385910407,5.090814048872438,3.65086631062174,19.1416666666667,2.24,2.36,-0.1199999999999996
1190,Poland,POL,2005,-3.009694744639464,22.5875756196558,14115.45,6.564731773493761,25.088419646690298,80.3542094419891,3.2608109757472064,3.23403139312378,17.925,2.46,2.24,0.2199999999999997
1191,Poland,POL,2006,-4.517200488614645,45.9153092756936,14593.4,18.09599553402437,27.185126297748415,81.3865147198481,6.202116844408826,3.10347551916682,13.9666666666667,2.3,2.46,-0.1600000000000001
1192,Poland,POL,2007,-6.539602768542251,36.8615286180835,15240.375,15.753829494844844,32.245263455114426,83.3876000542667,6.760437143684425,2.76527845771379,9.60833333333334,2.24,2.3,-0.0599999999999996
1193,Poland,POL,2008,-6.629405138733103,-31.0342432779928,15799.425,9.331468207208642,35.930624442334064,86.8606701940035,4.3838262979224405,2.41008694318966,,1.72,2.24,-0.5200000000000002
1194,Poland,POL,2009,-3.782530833954976,-21.3308096839701,,-12.685117015500696,38.40449398075573,90.1573734907068,2.6150942434850446,3.11913786859276,8.125,1.85,1.72,0.1300000000000001
1195,Poland,POL,2010,-5.18017594908226,33.5508106727497,15472.825,14.709380175338488,37.72571244393592,92.4840591507258,3.1689136893803687,3.01451361832612,9.98333333333333,2.13,1.85,0.2799999999999998
1196,Poland,POL,2011,-5.107497388068546,4.36025960806887,15562.0,5.378942017851102,41.91622758680317,96.4048297381631,5.255445378173775,2.96210218175544,9.95,1.59,2.13,-0.5399999999999998
1197,Poland,POL,2012,-4.074795796437936,-6.65691959561277,15590.575,-0.9084011961194848,45.8151220754573,99.8371998371998,1.5118299204902337,3.25184110750361,10.3916666666667,1.46,1.59,-0.1300000000000001
1198,Poland,POL,2013,-1.8637537451943351,16.0661847973963,15568.025,1.7607802400362236,46.44452633060447,100.827567494234,0.6842550978567205,3.16028084148943,10.6083333333333,1.49,1.46,0.03
1199,Poland,POL,2014,-2.9644655315144943,8.06297230765495,15861.525,9.202344939800682,49.342286867730216,100.881834215168,3.920479411395114,3.15426586807516,9.20833333333334,2.03,1.49,0.5399999999999998
1200,Poland,POL,2015,-1.1589887521044258,-0.313798158701208,16083.225,5.601790440183302,54.15764629813856,100.0,4.431780655362023,3.77023783714474,7.68333333333333,2.02,2.03,-0.0099999999999997
1201,Poland,POL,2016,-1.181053355390281,-9.83055252639885,16196.1,7.734737403328218,60.14927776107779,99.335232668566,3.031187767526955,3.94410796317209,6.28333333333333,2.09,2.02,0.0699999999999998
1202,Poland,POL,2017,-1.2248533971228834,30.0132847439194,16422.2,9.835698345718509,61.67489442979016,101.397368064035,5.152450688375258,3.77932822722567,4.95833333333333,1.96,2.09,-0.1299999999999999
1203,Poland,POL,2018,-1.993389837969144,-2.67096445805522,16484.05,7.547767337719161,65.92690203113588,103.235653235653,6.245852872396623,3.61139989875463,3.9,1.83,1.96,-0.1299999999999999
1204,Poland,POL,2019,-0.3710828982636437,-1.24509626391292,16921.85,3.221418675596422,,105.535205535206,4.580531610089366,3.83947584948868,3.2333333333333334,1.84,1.83,0.01
1205,Poland,POL,2020,2.385061037435304,-13.8414103228514,16947.75,-2.4606091316501093,,109.096459096459,-2.035582815472768,3.89944807304411,3.1416666666666666,1.48,1.84,-0.3600000000000001
1206,Poland,POL,2021,-1.256569200044137,29.1173447747838,17161.175,16.31035938502796,,114.611314611315,6.927212504114649,3.86087240181316,3.3833333333333333,1.39,1.48,-0.09
1207,Poland,POL,2022,-2.2910527804594905,-12.4603837378254,17250.925,6.79996257676968,,131.149097815764,5.255462070394184,4.45774675818746,2.8833333333333333,1.33,1.39,-0.0599999999999998
1208,Portugal,PRT,1988,,,4280.0,,,34.9940827715353,,0.718000119711495,5.84166666666667,,,
1209,Portugal,PRT,1989,,1.03932915659613,4377.0,,,39.43353836993,,0.783609293269886,5.18333333333333,,,
1210,Portugal,PRT,1990,,-0.481265815485752,4658.0,,,44.8085546454183,,0.709849055443049,4.8,,,
1211,Portugal,PRT,1991,,-16.1854533363919,,,,50.1181372382342,,0.720033635604859,4.18333333333333,,,
1212,Portugal,PRT,1992,,-11.5497853453768,4498.1,,,54.9090604502733,,0.672350344004283,4.125,,,
1213,Portugal,PRT,1993,,14.499174828106,4418.2,,,58.6339702819951,,0.801343221170313,5.5,,,
1214,Portugal,PRT,1994,,34.1096370258772,4408.9,,,61.8121895735698,,0.828182247450311,6.825,,,
1215,Portugal,PRT,1995,,-3.27998319072014,4381.6,,,64.4224046919848,,0.74787133840777,7.18333333333333,,,
1216,Portugal,PRT,1996,-4.553607438289423,15.5760270278369,4409.1,5.920804164226402,,66.3995136842646,3.504246560818756,0.769213279330148,7.24166666666667,,,
1217,Portugal,PRT,1997,-6.137059645488029,56.9205640868588,,10.306298693312856,,67.9511793405379,4.400867681174734,0.873696183863556,6.74166666666667,,,
1218,Portugal,PRT,1998,-7.568716078835665,58.3972003824795,4847.875,14.654402537640395,,69.6993948421008,4.807962854204165,,6.1,,,
1219,Portugal,PRT,1999,-8.927346062016825,-8.45915665273962,4924.8,9.022048148904943,,71.3304268283075,3.90657776206825,0.938562898111359,5.725,,,
1220,Portugal,PRT,2000,-10.797195338633822,21.1004491860498,5039.975,5.543871319279563,,73.3655055850841,3.8161773607625777,1.0850960701302,5.26666666666667,2.41,,
1221,Portugal,PRT,2001,-10.42595082530713,-23.0189687840713,5127.775,1.0200477400417347,,76.5715072387566,1.9436723318518792,1.11663108833636,5.375,3.37,2.41,0.96
1222,Portugal,PRT,2002,-8.436276018275324,-18.3034508731744,5143.0,-0.2603148970250536,,79.3283468831092,0.7709245036052244,1.06106513282085,6.46666666666667,2.45,3.37,-0.92
1223,Portugal,PRT,2003,-6.715545729059405,-6.97777819336197,5092.5,-0.2365490325071147,,81.8819191558143,-0.930520921213716,0.885163216727309,7.80833333333333,2.52,2.45,0.0699999999999998
1224,Portugal,PRT,2004,-7.983559391056099,27.5202636854953,,7.418124565781918,,83.8187229899461,1.788735503581621,0.804862094234843,8.16666666666666,2.24,2.52,-0.2799999999999998
1225,Portugal,PRT,2005,-9.684026463663034,11.3291118785369,5047.05,2.198346446614164,,85.7274127322834,0.7818476787839617,0.804619415077062,9.23333333333334,2.46,2.24,0.2199999999999997
1226,Portugal,PRT,2006,-10.145014775602544,29.5625283221933,5078.1,7.584467096591746,,88.3915339264108,1.6250351021744986,0.796697220760242,9.3,2.3,2.46,-0.1600000000000001
1227,Portugal,PRT,2007,-9.609230213871854,30.3921249837758,5091.25,5.613993524545493,,90.5606314806506,2.506579377325938,0.730485427146717,9.58333333333333,2.24,2.3,-0.0599999999999996
1228,Portugal,PRT,2008,-11.804844026495788,-25.1309743147843,5115.95,2.2489058544336595,,92.9047993823193,0.3192473069317215,0.683982339822683,9.24166666666667,1.72,2.24,-0.5200000000000002
1229,Portugal,PRT,2009,-10.406374542262814,-16.2682187345355,4968.425,-9.50382867046893,,92.1285518920618,-3.122078245337053,0.719800423489554,11.225,1.85,1.72,0.1300000000000001
1230,Portugal,PRT,2010,-10.135622766888687,7.62745689260374,,7.789012585093976,,93.4207219930984,1.737624769277743,0.755043518257105,12.5833333333333,2.13,1.85,0.2799999999999998
1231,Portugal,PRT,2011,-6.106560285991673,-4.50554344936231,4738.175,-6.195777889096543,,96.8333912478096,-1.7135278132150018,0.719158754470168,13.533333333333331,1.59,2.13,-0.5399999999999998
1232,Portugal,PRT,2012,-0.9788693314570848,-17.1607429015808,4545.5,-6.297527113310442,,99.5189090073735,-4.050902319037878,0.778006210395884,16.566666666666666,1.46,1.59,-0.1300000000000001
1233,Portugal,PRT,2013,1.6567901561912586,19.8670184572256,4427.85,4.707323123572659,,99.7920054801746,-0.9841067316943312,0.753297658306669,17.241666666666667,1.49,1.46,0.03
1234,Portugal,PRT,2014,0.6275070799269991,6.9275333551481,4498.3,8.008046581997846,,99.5144306564682,0.7413911750484661,0.753695140645586,14.65,2.03,1.49,0.5399999999999998
1235,Portugal,PRT,2015,0.595698020476893,-7.86623139477645,4547.4,8.06564283065219,,100.0,1.5897978649057238,0.901451643908024,12.983333333333333,2.02,2.03,-0.0099999999999997
1236,Portugal,PRT,2016,1.2340033661182257,-2.83400971246294,4604.425,5.220515461557129,,100.607397074642,2.004141987402397,0.904281526915114,11.475,2.09,2.02,0.0699999999999998
1237,Portugal,PRT,2017,1.3130167351040516,15.1238826133196,4755.425,8.028525679887327,,101.984324113183,3.3147194052107047,0.887107173889516,9.241666666666667,1.96,2.09,-0.1299999999999999
1238,Portugal,PRT,2018,0.7210661107006113,9.55662339337616,4866.05,4.906791269170399,,102.997758336575,2.9462829424096264,0.847324485146496,7.15,1.83,1.96,-0.1299999999999999
1239,Portugal,PRT,2019,0.7551356482008873,2.32577319811382,4912.1,5.062938127968561,,103.3460745181,2.745685193381552,0.893348371188594,6.65,1.84,1.83,0.01
1240,Portugal,PRT,2020,-0.6476309568501122,2.21667562818092,,-11.590375954668158,,103.333219992354,-8.204631139980734,0.877541570440429,7.108333333333333,1.48,1.84,-0.3600000000000001
1241,Portugal,PRT,2021,-0.772432469466092,21.4938435240929,4782.875,12.258843536925538,,104.641064321559,5.558758409637329,0.845553392731664,6.7333333333333325,1.39,1.48,-0.09
1242,Portugal,PRT,2022,-2.043293325376734,12.2892052417409,4939.925,11.265567087866472,,112.837275802558,6.985840006928614,0.950882523746784,6.174999999999999,1.33,1.39,-0.0599999999999998
1243,Russian Federation,RUS,1992,,,,,,0.0353698742671762,,,,,,
1244,Russian Federation,RUS,1993,,,,,,0.344589513008951,,0.9732088156310827,,6.25,,
1245,Russian Federation,RUS,1994,,,,,,1.40496942994539,,2.204072533102933,,9.21,6.25,2.960000000000001
1246,Russian Federation,RUS,1995,,,,,,4.1785795273376,,4.56050023843709,,,9.21,
1247,Russian Federation,RUS,1996,,,,,0.697526368524943,6.17393541405003,,5.125472368450568,,9.64,,
1248,Russian Federation,RUS,1997,,,,,15.26870265184842,7.08528961944236,,5.783538012961354,,11.28,9.64,1.6399999999999988
1249,Russian Federation,RUS,1998,,,,,8.549713268222206,9.04690098748325,,9.691790652345592,,,11.28,
1250,Russian Federation,RUS,1999,,97.2651007367207,62944.75,,31.519550042742537,16.8043007935372,,24.61900962725107,,,,
1251,Russian Federation,RUS,2000,,108.780932055217,65070.25,,31.377854391133223,20.2993881422774,,28.117069814531675,,,,
1252,Russian Federation,RUS,2001,,-8.97330207382443,65123.0,,25.524316128508705,24.659089200089,,29.17527226455066,,10.78,,
1253,Russian Federation,RUS,2002,,59.1804097067906,66658.75,,18.314501884089964,28.5524461955629,,31.375542512580168,,10.8,10.78,0.0200000000000013
1254,Russian Federation,RUS,2003,,40.8288835355632,66432.25,,22.714152151725525,32.4536502739863,,30.69150974509516,,,10.8,
1255,Russian Federation,RUS,2004,,34.986372477726,67274.75,,22.9933132444513,35.9874031598147,,28.799163465553665,,,,
1256,Russian Federation,RUS,2005,,24.8372167717823,68168.9083225,,23.318973250006202,40.552515546049,,28.24461602827995,,10.48,,
1257,Russian Federation,RUS,2006,,91.8657209517183,68854.9484625,,27.17223686109392,44.4733985482886,,27.17516304962875,,,10.48,
1258,Russian Federation,RUS,2007,,25.8297041048631,70570.49001,,34.933213093476496,48.4792491346988,,25.57101117250797,,7.26,,
1259,Russian Federation,RUS,2008,,-20.1508830007639,70965.0826975,,32.39125467121806,55.3200437967567,,24.866899718343088,,8.59,7.26,1.33
1260,Russian Federation,RUS,2009,,-26.1505468972755,69302.7033358334,,23.568233904583458,61.7633514514144,,31.77374636592845,,8.12,8.59,-0.4700000000000006
1261,Russian Federation,RUS,2010,,41.2676298151606,69933.7084625,,34.006035545835836,65.9937655851738,,30.372860951399147,,5.2,8.12,-2.919999999999999
1262,Russian Federation,RUS,2011,4.702784608007956,12.1776670083951,70856.6131125,20.2867677067456,37.94610781081438,71.5639500705735,4.2641765649955,29.40261445132222,,7.24,5.2,2.04
1263,Russian Federation,RUS,2012,3.281557459415301,-9.56240374432315,71545.4158633333,9.68111011361389,41.21155022854627,75.1956292211495,4.02408631523915,31.048261051235624,,6.84,7.24,-0.4000000000000003
1264,Russian Federation,RUS,2013,1.515955149095893,-0.884825390711416,71391.4595816667,3.53925376572918,45.482010615332754,80.2741292838782,1.75542206417974,31.858979352391017,,6.21,6.84,-0.6299999999999999
1265,Russian Federation,RUS,2014,2.790907984554678,-0.763531827705399,71539.04357,-7.26060272314282,48.758981667414744,86.5543081542464,0.73626728317556,38.59415046977539,,5.37,6.21,-0.8399999999999999
1266,Russian Federation,RUS,2015,5.006519564391128,17.7824216578341,72323.6225316667,-25.038887127194,59.0979738834043,100.0,-1.97271925256698,61.26249891669647,,3.08,5.37,-2.29
1267,Russian Federation,RUS,2016,1.748604446443183,14.6625376519437,,-3.6719937654449,62.839723734233445,107.042435565288,0.193671101211002,67.04974231676447,,3.62,3.08,0.54
1268,Russian Federation,RUS,2017,1.9861979518068136,5.66396044004407,72315.9359316667,17.315102729158,59.25194853432119,110.985166408261,1.82580927627059,58.32545241019861,,3.61,3.62,-0.0100000000000002
1269,Russian Federation,RUS,2018,6.916341828533044,13.3297423958359,72531.6398875,2.6571117296753,67.71700721127124,114.179658420872,2.80724545455074,62.80536836327559,,3.51,3.61,-0.1
1270,Russian Federation,RUS,2019,4.138029068402762,16.2052775145306,71933.0809258333,3.41223231658686,73.00079361244654,119.283908426387,2.03298258767162,64.71092720742361,,5.34,3.51,1.83
1271,Russian Federation,RUS,2020,2.443479396577928,6.98919096255566,70601.38743,-11.9782124108623,83.02653475241475,123.317685024341,-2.9512736778162,72.32429872110076,,4.07,5.34,-1.2699999999999996
1272,Russian Federation,RUS,2021,,30.6854094498778,71719.406475,,91.87714995073277,131.573133170014,,73.70564308174134,,4.17,4.07,0.0999999999999996
1273,Russian Federation,RUS,2022,,-34.4680654767119,,,100.35354635819381,,,69.91689013771251,,,4.17,
1274,Saudi Arabia,SAU,1988,,,,,,,,3.75,,,,
1275,Saudi Arabia,SAU,1989,,,,,,,,3.75,,,,
1276,Saudi Arabia,SAU,1990,,,,,,,,3.75,,,,
1277,Saudi Arabia,SAU,1991,,,,,,,,3.75,,,,
1278,Saudi Arabia,SAU,1992,,,,,,,,3.75,,,,
1279,Saudi Arabia,SAU,1993,,,,,,,,3.75,,,,
1280,Saudi Arabia,SAU,1994,,,,,,,,3.75,,10.72,,
1281,Saudi Arabia,SAU,1995,,,,,,66.80830613378792,,3.7505801567695594,,,10.72,
1282,Saudi Arabia,SAU,1996,,,,,,67.62475010947664,,3.750450945981557,,,,
1283,Saudi Arabia,SAU,1997,,,,,,67.66339834548583,,3.750999999999999,,,,
1284,Saudi Arabia,SAU,1998,,,,,,67.41218481571414,,3.750999999999999,,,,
1285,Saudi Arabia,SAU,1999,,,,,,66.5130715852421,,3.750999999999999,,11.5,,
1286,Saudi Arabia,SAU,2000,,,,,,65.76479953061654,,3.750999999999999,,12.48,11.5,0.9800000000000004
1287,Saudi Arabia,SAU,2001,,,,,,65.02761298761493,,3.750999999999999,,11.12,12.48,-1.3600000000000012
1288,Saudi Arabia,SAU,2002,,,,,,65.18835290973513,,3.750999999999999,,6.53,11.12,-4.589999999999999
1289,Saudi Arabia,SAU,2003,,,,,,65.58743133891642,,3.750999999999999,,7.28,6.53,0.75
1290,Saudi Arabia,SAU,2004,,,,,,65.92553945416613,,3.750999999999999,,7.01,7.28,-0.2700000000000004
1291,Saudi Arabia,SAU,2005,,,,,,66.24147654330929,,3.750999999999999,,4.05,7.01,-2.96
1292,Saudi Arabia,SAU,2006,27.389526532000858,,,,,67.70476411911798,,3.750999999999999,,4.12,4.05,0.0700000000000002
1293,Saudi Arabia,SAU,2007,23.912855512621466,,,,,70.52658118052926,,3.750999999999999,,3.77,4.12,-0.3500000000000001
1294,Saudi Arabia,SAU,2008,26.884239448463056,,,,,77.48772839666054,,3.750999999999999,,3.25,3.77,-0.52
1295,Saudi Arabia,SAU,2009,6.602953853776556,,,,,81.40645686577649,,3.750999999999999,,3.13,3.25,-0.1200000000000001
1296,Saudi Arabia,SAU,2010,14.088181488788749,,,,,85.75308609215186,,3.749983928571428,,,3.13,
1297,Saudi Arabia,SAU,2011,24.239650535675526,,,,,,,3.75,,4.16,,
1298,Saudi Arabia,SAU,2012,23.096029740699827,,,,,93.35036571867256,,3.75,,3.57,4.16,-0.5900000000000003
1299,Saudi Arabia,SAU,2013,18.58620204366129,,,,,96.64559255826424,,3.7502161344422498,,3.57,3.57,0.0
1300,Saudi Arabia,SAU,2014,10.196216882425915,,,,,98.80964845164782,,3.7509145861958086,,3.39,3.57,-0.1799999999999997
1301,Saudi Arabia,SAU,2015,-7.5914658755284,,,,,100.0,,3.751147657828284,,4.45,3.39,1.06
1302,Saudi Arabia,SAU,2016,-3.5477978027683403,,,,,102.0674103008036,,3.7507652683668975,,,4.45,
1303,Saudi Arabia,SAU,2017,1.6357716026776528,,,,,101.21370756653904,,3.750339795038899,,4.85,,
1304,Saudi Arabia,SAU,2018,8.229061934333508,,,,,103.7007208150269,,3.750628739373549,,,4.85,
1305,Saudi Arabia,SAU,2019,4.325750994648607,,,,,101.52991089981504,,3.750540430900621,,,,
1306,Saudi Arabia,SAU,2020,-3.326674788988328,,,,,105.02809004146802,,3.752371202788758,,4.23,,
1307,Saudi Arabia,SAU,2021,4.124883849433063,,,,,108.24540490475452,,3.75086374921576,,,4.23,
1308,Saudi Arabia,SAU,2022,12.134332847809937,,,,,110.9234760198028,,3.7548617994776943,,5.4,,
1309,Slovak Republic,SVK,1991,,,,,,24.0201104445581,,,,,,
1310,Slovak Republic,SVK,1992,,,,,,26.396539532823,,,,,,
1311,Slovak Republic,SVK,1993,,,,,,32.5435099743067,,1.02137688375,,,,
1312,Slovak Republic,SVK,1994,,,2110.225,,,36.9093905727453,,1.06368253325,,,,
1313,Slovak Republic,SVK,1995,,-27.3251639627201,2146.775,,,40.5416797062621,,0.987051605583333,,,,
1314,Slovak Republic,SVK,1996,,11.1333292169147,2224.875,,,42.883299208692,,1.01751809075,,,,
1315,Slovak Republic,SVK,1997,,-6.2193615666363,2205.875,,,45.5171862270271,,1.11585230933333,,,,
1316,Slovak Republic,SVK,1998,,-35.0585844039248,,-1.8528897078235829,,48.551201392137,3.8261077356061466,1.16953517433333,12.7083333333333,,,
1317,Slovak Republic,SVK,1999,,-29.6598572621562,2131.925,-3.801467853102051,,53.6832797964227,-0.4732612096210976,1.37299453408333,16.4916666666667,,,
1318,Slovak Republic,SVK,2000,,-1.04754873595786,2101.575,6.222557345918861,,60.1444795230386,0.7892244779251367,1.5336199075,18.9083333333333,,,
1319,Slovak Republic,SVK,2001,,23.7649217615745,2121.1,18.871004417408603,,64.5528478879403,2.9251607724848827,1.60508641491667,19.4583333333333,,,
1320,Slovak Republic,SVK,2002,,14.0108345892224,,5.484802226418003,,66.5715014019883,4.417253482715146,1.50457246225,18.8083333333333,4.61,,
1321,Slovak Republic,SVK,2003,,40.7040884862169,2161.675,8.10532850296438,,72.2661228651542,4.856698515913196,1.22063997883333,17.6916666666667,,4.61,
1322,Slovak Republic,SVK,2004,-7.48773485149965,29.7012507553791,,22.57051406346668,,77.7211317868978,5.389498569967712,1.070736241,18.3583333333333,2.24,,
1323,Slovak Republic,SVK,2005,-7.998796952930508,104.942269066478,2215.25,15.429110008867433,,79.8266632679072,6.484932222743873,1.029617274,16.375,2.46,2.24,0.2199999999999997
1324,Slovak Republic,SVK,2006,-7.555995443317064,-7.55462411236413,2302.275,19.068136095472568,,83.4055569717053,8.92568704770218,0.985768107333334,13.4666666666667,2.3,2.46,-0.1600000000000001
1325,Slovak Republic,SVK,2007,-4.84913490716109,4.69335416421263,2357.675,9.64070653461956,,85.7048177415244,10.81862950749034,0.819701697416666,11.2333333333333,2.24,2.3,-0.0599999999999996
1326,Slovak Republic,SVK,2008,-6.32186590877487,2.12985187758583,2433.75,4.137161380706226,,89.6456793270456,5.36337721231949,0.709069131916667,,1.72,2.24,-0.5200000000000002
1327,Slovak Republic,SVK,2009,-4.00152957334173,-26.2602483967855,2366.325,-18.761508034631355,,91.0935508539383,-5.505337909722231,0.719800423489554,12.0833333333333,1.85,1.72,0.1300000000000001
1328,Slovak Republic,SVK,2010,-4.645109741015405,-28.9139984483446,,17.60064667563832,,91.9653326535814,6.790581591424219,0.755043518257105,14.433333333333334,2.13,1.85,0.2799999999999998
1329,Slovak Republic,SVK,2011,-4.673279232098071,0.908142308812627,2315.325,7.1887976527146655,,95.5697170532756,2.5624247321555385,0.719158754470168,13.6083333333333,1.59,2.13,-0.5399999999999998
1330,Slovak Republic,SVK,2012,0.8872316112388932,-13.70598810272,2328.975,2.210446159227347,,99.0160591384145,1.5691710470270512,0.778006210395884,13.9,1.46,1.59,-0.1300000000000001
1331,Slovak Republic,SVK,2013,2.645177988609426,-3.06225282216746,2329.25,5.02287193258708,,100.402752995157,0.7033235452471874,0.753297658306669,14.1333333333333,1.49,1.46,0.03
1332,Slovak Republic,SVK,2014,1.5990267377182552,10.6794971476496,2363.025,4.0832801471664615,,100.326280907469,2.7079515144948645,0.753695140645586,13.1,2.03,1.49,0.5399999999999998
1333,Slovak Republic,SVK,2015,-2.008727736002945,22.8476259259698,2424.0,9.138556503173184,,100.0,5.176879097221343,0.901451643908024,11.4666666666667,2.02,2.03,-0.0099999999999997
1334,Slovak Republic,SVK,2016,-1.345931425218445,21.5481487430728,2492.1,4.64697567836232,,99.4799898037216,1.9478184152455835,0.904281526915114,9.65833333333333,2.09,2.02,0.0699999999999998
1335,Slovak Republic,SVK,2017,-1.8231262688845864,0.800583588168604,2530.675,3.7914460868196,,100.785113433597,2.8747332745369625,0.887107173889516,8.08333333333334,1.96,2.09,-0.1299999999999999
1336,Slovak Republic,SVK,2018,-1.593918816122788,5.08550571873574,2566.725,5.027535230173352,,103.318888605659,4.062119818964827,0.847324485146496,6.50833333333333,1.83,1.96,-0.1299999999999999
1337,Slovak Republic,SVK,2019,-3.355100043760581,3.05784072280318,2583.65,2.3567028987639045,,106.071883762427,2.275899100193943,0.893348371188594,5.71666666666667,1.84,1.83,0.01
1338,Slovak Republic,SVK,2020,-0.8971937662683639,-0.124204654405977,,-7.903149684849443,,108.126433851644,-2.585512417332086,0.877541570440429,6.65833333333333,1.48,1.84,-0.3600000000000001
1339,Slovak Republic,SVK,2021,-4.631067003416693,8.80840696701936,2560.55,11.650255284394609,,111.531990823349,5.655858806555502,0.845553392731664,6.825,1.39,1.48,-0.09
1340,Slovak Republic,SVK,2022,-9.543266790668124,-1.47755045661032,2603.925,4.127972765215814,,125.779250573541,0.5445916321374579,0.950882523746784,6.15,1.33,1.39,-0.0599999999999998
1341,Slovenia,SVN,1988,,,,,,0.038978696125085,,,,,,
1342,Slovenia,SVN,1989,,,,,,0.538468683548606,,,,,,
1343,Slovenia,SVN,1990,,,,,,3.51126551563562,,,,,,
1344,Slovenia,SVN,1991,,,,,,7.5433544153637,,,,,,
1345,Slovenia,SVN,1992,,,,,,23.3794017675051,,,,,,
1346,Slovenia,SVN,1993,,,,,,30.8051971447995,,,,,,
1347,Slovenia,SVN,1994,,,,,,37.2717675050986,,,,,,
1348,Slovenia,SVN,1995,-0.4318675953977507,48.4691219492646,,,,42.2899354180829,,0.494578673565904,,,,
1349,Slovenia,SVN,1996,0.1349910658032581,-6.02807206964034,871.0,2.0911678592270944,,46.46160774983,2.888863808841724,0.564868135536638,6.89166666666667,,,
1350,Slovenia,SVN,1997,0.1911670603921904,21.708783041427,893.2,11.69055746114264,,50.3456492182189,5.171340956946134,0.666367606966005,6.91666666666667,,,
1351,Slovenia,SVN,1998,-0.7774850681106265,17.9759038988011,,10.058366143974805,,54.318507817811,3.0638251626542856,0.693265592833695,7.36666666666667,,,
1352,Slovenia,SVN,1999,-3.831781106776056,9.74169188067314,882.725,8.409504689171516,,57.6621312032631,5.268007243111936,0.758509291715351,7.40833333333333,11.38,,
1353,Slovenia,SVN,2000,-3.2175303515881533,-6.0906696318711,900.65,6.619835550150964,,62.8008333333333,3.497916709966739,0.929133283258221,6.74166666666667,,11.38,
1354,Slovenia,SVN,2001,0.1000393658093922,11.0065075290316,916.275,3.623125007959589,,68.0633333333333,2.8286865544027098,1.01297780003338,6.19166666666667,10.0,,
1355,Slovenia,SVN,2002,1.0130016072895145,52.8415300546448,909.525,5.625376773009116,,73.155,3.2825838428843253,1.00254896233239,6.34166666666667,1.65,10.0,-8.35
1356,Slovenia,SVN,2003,-0.7568399879422699,16.5883446549875,897.175,6.464488486128978,,77.2108333333333,3.1950310739869496,0.864275580036722,6.7,1.72,1.65,0.07
1357,Slovenia,SVN,2004,-2.6842297215439146,35.163214939331,,13.968162953081883,,79.985,4.546022187882207,0.802797946920381,6.34166666666667,2.24,1.72,0.5200000000000002
1358,Slovenia,SVN,2005,-1.812388931862968,1.84570427711884,949.2,7.3368931607246655,,81.9458333333334,3.854126250738924,0.80414719301174,6.54166666666667,2.46,2.24,0.2199999999999997
1359,Slovenia,SVN,2006,-1.7453955542649262,,961.2,12.38855920536048,,83.96,5.908781909489798,0.797154064429978,5.99166666666667,2.3,2.46,-0.1600000000000001
1360,Slovenia,SVN,2007,-3.941360097289193,79.7014333610824,985.15,17.05726752863879,,87.0308333333334,7.139232376520998,0.730485427146717,4.85833333333333,2.24,2.3,-0.0599999999999996
1361,Slovenia,SVN,2008,-5.397606301492375,-22.0808550687742,996.1,4.090181488203269,,91.9458333333334,3.372238080214228,0.683982339822684,4.39166666666667,1.72,2.24,-0.5200000000000002
1362,Slovenia,SVN,2009,-1.1530802115659524,-42.1045154040548,980.525,-18.3853643713585,,92.7175,-7.590586534737884,0.719800423489554,5.85,1.85,1.72,0.1300000000000001
1363,Slovenia,SVN,2010,-0.7409788692844623,-8.59159770781283,966.05,6.952387355575383,,94.3875,1.1121376278250268,0.755043518257105,7.25833333333333,2.13,1.85,0.2799999999999998
1364,Slovenia,SVN,2011,-0.797170384335175,-18.589016852251,936.1,5.026892686091015,,96.0891666666667,0.6554389554158088,0.719158754470168,8.18333333333333,1.59,2.13,-0.5399999999999998
1365,Slovenia,SVN,2012,1.3989267506545668,-21.812326143332,923.65,-3.174701947959412,,98.585,-2.915538584832263,0.778006210395884,8.85,1.46,1.59,-0.1300000000000001
1366,Slovenia,SVN,2013,3.579397561744581,10.333289247454,905.85,1.7710537600076044,,100.329166666667,-0.8237773685180294,0.753297658306669,10.1083333333333,1.49,1.46,0.03
1367,Slovenia,SVN,2014,5.243984646599497,23.1396350859808,916.65,3.966140760442426,,100.529166666667,2.7628331960154333,0.753695140645586,9.7,2.03,1.49,0.5399999999999998
1368,Slovenia,SVN,2015,4.124365516797683,-3.14631801077507,917.45,5.27285065128784,,100.000833333333,2.3933066389971738,0.901451643908024,8.98333333333333,2.02,2.03,-0.0099999999999997
1369,Slovenia,SVN,2016,5.175182554908879,-5.01612593416509,915.0,6.626984333804664,,99.9458333333334,3.034415893517961,0.904281526915114,8.00833333333333,2.09,2.02,0.0699999999999998
1370,Slovenia,SVN,2017,6.7060685721253535,11.0477522970836,959.075,10.671717213492654,,101.374166666667,5.174402771197001,0.887107173889516,6.575,1.96,2.09,-0.1299999999999999
1371,Slovenia,SVN,2018,6.407521191411119,7.04287983059821,980.6,7.086747754307833,,103.136666666667,4.379083190237602,0.847324485146496,5.125,1.83,1.96,-0.1299999999999999
1372,Slovenia,SVN,2019,6.438151817716146,3.06017685110086,982.525,4.668943687545001,,104.818333333333,3.505252065880146,0.893348371188594,4.44166666666667,1.84,1.83,0.01
1373,Slovenia,SVN,2020,7.456986773267121,-1.42040137855713,,-9.117377125574295,,104.760833333333,-4.084999797076726,0.877541570440429,4.98333333333333,1.48,1.84,-0.3600000000000001
1374,Slovenia,SVN,2021,3.6194993824296704,29.2302360199347,971.55,17.782056584016395,,106.769166666667,8.416862991682658,0.845553392731664,4.775,1.39,1.48,-0.09
1375,Slovenia,SVN,2022,-0.9032883719486388,2.53653759228565,986.125,9.25494331241646,,116.200833333333,2.6685068603561044,0.950882523746784,4.025,1.33,1.39,-0.0599999999999998
1376,South Africa,ZAF,1988,2.4481295760011617,-24.869628814457,,,13.751150555987618,14.9053262894138,,2.273226902583333,,13.39,,
1377,South Africa,ZAF,1989,1.343438770685891,33.6680468816054,,,14.997400669014837,17.1010117484776,,2.6227479676666667,,,13.39,
1378,South Africa,ZAF,1990,1.1826031127423111,9.39231855782236,,,11.21117336508652,19.55004552974105,,2.587868434666667,,10.5,,
1379,South Africa,ZAF,1991,1.0192814346533106,7.05989632576901,,,10.21389305535532,22.548000675770464,,2.761239849583333,,11.32,10.5,0.8200000000000003
1380,South Africa,ZAF,1992,1.3594123261023767,5.30760242283756,,,7.9114853683365896,25.67646859384212,,2.8518268456666664,,,11.32,
1381,South Africa,ZAF,1993,1.8703615246963,14.4675815226808,,7.01735564677958,5.82649770405047,28.171565706414608,1.270130846398076,3.266857151,,13.45,,
1382,South Africa,ZAF,1994,0.0239949847627688,40.4213985809479,,16.092832725079493,10.772661583662853,30.68969448464161,3.2000000000010367,3.549837649166666,,,13.45,
1383,South Africa,ZAF,1995,-1.4384179287227097,2.64814039880675,,16.79080833937586,11.770905366555311,33.35369047868055,3.1000000000167485,3.627051547418011,,,,
1384,South Africa,ZAF,1996,-1.0146842230322255,20.6604486499043,,8.710615131366492,14.628417288599131,35.806562870886424,4.299999999958458,4.297231195767748,,8.27,,
1385,South Africa,ZAF,1997,-1.2869083753786692,3.4582631189678,,5.385159252669394,14.640163512069186,38.88512884670664,2.600000000025304,4.607529805848338,,5.99,8.27,-2.28
1386,South Africa,ZAF,1998,-1.5047966972775295,-5.39217014119939,,2.0136269194591985,14.895101795725271,41.56064067357282,0.5000000000007674,5.533908622511483,,,5.99,
1387,South Africa,ZAF,1999,-0.3971541427830631,5.61930951524367,,-8.361797655567624,12.225506749084419,43.71410141227,2.3999999999836934,6.113748891452116,,5.47,,
1388,South Africa,ZAF,2000,-0.068903551307559,6.154747819709,,5.33755159020442,12.862942174047504,46.04797686526088,4.200000000043191,6.936363395438981,,5.27,5.47,-0.2000000000000001
1389,South Africa,ZAF,2001,0.2885347550001915,11.7198694834467,,0.249889199767839,16.792117053374803,48.67358674987563,2.699999999959356,8.608837648496515,,5.1,5.27,-0.1699999999999999
1390,South Africa,ZAF,2002,0.8330196544651499,16.7974941120094,,5.341588908187197,21.56001048564845,53.29500258312344,3.700374403416243,10.523263335983232,,4.95,5.1,-0.1499999999999994
1391,South Africa,ZAF,2003,-0.7653156092408985,-13.7699647573139,,8.084819505231986,20.431838998655135,56.32184921425532,2.949075466902138,7.569261367821728,,5.15,4.95,0.2000000000000001
1392,South Africa,ZAF,2004,-2.461697266856329,23.9469141448473,,15.507868974212789,21.75445642399075,55.932084590219965,4.554559906803278,6.454161721380472,,5.29,5.15,0.1399999999999996
1393,South Africa,ZAF,2005,-2.829999714721823,33.8647542695146,,10.879259601242794,25.583992871970608,57.08587972175327,5.277051974333541,6.364473923160172,,5.64,5.29,0.3499999999999996
1394,South Africa,ZAF,2006,-4.056757853299249,43.8700315088009,,18.26111496339752,33.07656471007841,58.937692206492784,5.603806116104656,6.76981640083386,,5.29,5.64,-0.3499999999999996
1395,South Africa,ZAF,2007,-4.956581899786432,33.0523587421419,,9.366345355428184,38.17338475322678,62.57874818625185,5.360473788526578,7.055916497943642,,4.81,5.29,-0.4800000000000004
1396,South Africa,ZAF,2008,-5.06317712615643,-4.84347569688315,,2.8090973357468427,41.36194193543016,68.78029608279837,3.191044626654716,8.262805737074075,,3.9,4.81,-0.9099999999999996
1397,South Africa,ZAF,2009,-2.431697278362252,-13.3448755882023,,-17.65993545707629,37.52051738977576,73.75867941831523,-1.5380889571255296,8.41739905742205,,4.32,3.9,0.4200000000000004
1398,South Africa,ZAF,2010,-1.4159200038165332,22.6668038243211,,10.793741503547912,36.66683215711727,76.758810428403,3.039732306834797,7.3051546270155,,4.59,4.32,0.2699999999999996
1399,South Africa,ZAF,2011,-1.9426792811307068,10.6951301458424,,11.838457818944256,40.77816840194447,80.59740600026203,3.1685562788814057,7.249075301932365,,4.39,4.59,-0.2000000000000001
1400,South Africa,ZAF,2012,-4.681444719909908,11.0117444459691,,3.868340438808484,43.30392974190972,85.22206209878162,2.396232384424481,8.20239227523684,,4.22,4.39,-0.1699999999999999
1401,South Africa,ZAF,2013,-5.372589945006488,19.0062105221177,,4.038730712010872,46.74855163795625,90.14804139918776,2.48546800897221,9.647726751717483,,4.15,4.22,-0.0699999999999994
1402,South Africa,ZAF,2014,-4.88451249985126,17.6491617422205,,-0.6870395233424268,49.54350453271209,95.67666710336697,1.4138264512240026,10.84617888026226,,3.87,4.15,-0.2800000000000002
1403,South Africa,ZAF,2015,-4.361800133957677,5.44772202307074,,5.044861331699255,54.34069926978164,100.0,1.3218622370799542,12.764715893641382,,4.38,3.87,0.5099999999999998
1404,South Africa,ZAF,2016,-2.6888757177500966,-0.760401804070676,,-4.133248422876923,56.65294288798613,106.60290842394866,0.6645523078786297,14.703304354492134,,4.51,4.38,0.1299999999999999
1405,South Africa,ZAF,2017,-2.446675303289497,6.45837786607452,,1.5324305981381323,59.889327900909834,112.13153412812788,1.157946951139297,13.30580655777495,,4.61,4.51,0.1000000000000005
1406,South Africa,ZAF,2018,-2.9717031671717486,2.94243681845339,,3.4791947540260897,63.34515771214802,117.18852351631077,1.5567838465111157,13.247603507395375,,4.32,4.61,-0.29
1407,South Africa,ZAF,2019,-2.536208001745504,-0.339412478945755,,0.5531564771315952,68.1516359083279,121.9965937377178,0.2599355770758612,14.447194659012483,,5.37,4.32,1.0499999999999998
1408,South Africa,ZAF,2020,1.792550801560008,-3.6866816934608,,-17.571793823956916,75.38484821377939,125.93999737979826,-6.1689177132214885,16.461386925975603,,4.4,5.37,-0.9699999999999998
1409,South Africa,ZAF,2021,3.71394008066281,23.9631013607699,,9.703425232743434,75.59218042143205,131.75684527708637,4.858648648915654,14.783072210811524,,4.46,4.4,0.0599999999999996
1410,South Africa,ZAF,2022,-0.4627923722138325,5.54250423366231,,14.974434977191398,83.30918194716656,141.03235949168086,2.058136617051036,16.36616774844719,,4.66,4.46,0.2000000000000001
1411,Spain,ESP,1988,,11.0163899282166,12123.1,,,42.7331496531719,,0.700033256003109,18.6916666666667,,,
1412,Spain,ESP,1989,,8.78841366825074,12557.5,,,45.635344205764,,0.711585259577128,16.5416666666667,,,
1413,Spain,ESP,1990,,-12.486409727307,12869.6,,,48.7028705792922,,0.612687165186174,15.4583333333333,,,
1414,Spain,ESP,1991,,0.365097676305424,12970.4,,,51.5930032873419,,0.624646855304332,15.5,,,
1415,Spain,ESP,1992,,-12.0463932500537,12730.6,,,54.6496465522771,,0.615431436539132,17.0166666666667,,,
1416,Spain,ESP,1993,,14.7116161344176,12197.3,,,57.1466284019051,,0.764744730125532,20.8416666666667,,,
1417,Spain,ESP,1994,,18.458148676732,12169.5,,,59.8430424753103,,0.805118870177379,22.05,,,
1418,Spain,ESP,1995,-1.4523123438687142,-6.17641774640146,12461.1,,,62.6399887651124,,0.749375899013939,20.75,,,
1419,Spain,ESP,1996,-0.9516199440430873,22.0674662288693,12811.5492,7.306880686338935,,64.8692476012296,2.6075421244030035,0.761427543984069,19.8916666666667,,,
1420,Spain,ESP,1997,-0.8144144276115283,52.7312993828941,13286.4517,12.890725744055288,,66.1478709936046,3.587167519842564,0.879955344800644,18.3916666666667,,,
1421,Spain,ESP,1998,-1.6571392503056446,46.6921027351326,,14.04257263448875,,67.3612415533943,4.301977453335806,,16.4083333333333,,,
1422,Spain,ESP,1999,-3.2197405209147827,10.5004437909425,14689.825,13.686672409303084,,68.9175189765745,4.40886545305924,0.938562898111359,13.6,,,
1423,Spain,ESP,2000,-4.272954494487209,12.5685361680874,,9.572916896103598,,71.283813539035,5.200754391661405,1.0850960701302,11.9166666666667,2.41,,
1424,Spain,ESP,2001,-4.336223035857589,-15.2175100742031,16146.275,3.6536729705390414,,73.8427838032151,3.918977050308647,1.11663108833636,10.5583333333333,3.37,2.41,0.96
1425,Spain,ESP,2002,-3.671640011790983,-14.8064397389971,16790.1,3.677314757353866,,76.1065499549931,2.755456115640989,1.06106513282085,11.4416666666667,2.45,3.37,-0.92
1426,Spain,ESP,2003,-3.8971817807897065,-3.01505349232998,17475.6,6.031686650081362,,78.4193430686237,2.9392895953076184,0.885163216727309,11.4916666666667,2.52,2.45,0.0699999999999998
1427,Spain,ESP,2004,-5.475850266242618,21.9375666915215,,9.668769493486886,,80.8027020203597,3.114531479916085,0.804862094234843,10.9583333333333,2.24,2.52,-0.2799999999999998
1428,Spain,ESP,2005,-7.148440654833249,23.2777041805691,19206.925,6.960351572553663,,83.5247948371856,3.551130703091055,0.804619415077062,9.16666666666667,2.46,2.24,0.2199999999999997
1429,Spain,ESP,2006,-8.708482724437465,24.947684683679,19938.85,8.212845184634864,,86.4611722850218,4.043438860957714,0.796697220760242,8.45833333333334,2.3,2.46,-0.1600000000000001
1430,Spain,ESP,2007,-9.342311430895558,23.1579814929925,20579.825,8.238829036167344,,88.8706700364605,3.533591310275099,0.730485427146717,8.225,2.24,2.3,-0.0599999999999996
1431,Spain,ESP,2008,-8.737075816653695,-21.6876105023813,20469.65,-5.5077770901330965,,92.4924549863998,0.7672508093560475,0.683982339822683,11.2666666666667,1.72,2.24,-0.5200000000000002
1432,Spain,ESP,2009,-3.974956396097961,-18.3545402004183,19106.85,-18.302284184637127,,92.226249599666,-3.768214301994026,0.719800423489554,17.8666666666667,1.85,1.72,0.1300000000000001
1433,Spain,ESP,2010,-3.56749499180746,3.30475703488284,18724.425,6.198543671557685,,93.8861971971713,0.0942100304735243,0.755043518257105,19.875,2.13,1.85,0.2799999999999998
1434,Spain,ESP,2011,-2.665564174054275,-9.70701084236995,18421.125,-0.5920069662618743,,96.8868957186787,-0.639920075717733,0.719158754470168,21.4083333333333,1.59,2.13,-0.5399999999999998
1435,Spain,ESP,2012,0.1461623214374939,-20.92082643453,17632.125,-5.864577786320397,,99.2568730323416,-2.86528756070412,0.778006210395884,24.7916666666667,1.46,1.59,-0.1300000000000001
1436,Spain,ESP,2013,2.0184563160639675,14.3145571841408,17138.825,-0.2788275185689796,,100.654986578217,-1.4271419387410496,0.753297658306669,26.1166666666667,1.49,1.46,0.03
1437,Spain,ESP,2014,1.7727453705631409,21.2245969239632,17343.825,6.802878644459248,,100.502881958786,1.5203924187642532,0.753695140645586,24.45,2.03,1.49,0.5399999999999998
1438,Spain,ESP,2015,2.113126153959599,1.34846039307946,17865.55,5.091691940223439,,100.0,4.06095746225319,0.901451643908024,22.075,2.02,2.03,-0.0099999999999997
1439,Spain,ESP,2016,3.214365471263842,-18.5917107100908,18341.2,2.6457447381170285,,99.7974019995736,2.915066247542142,0.904281526915114,19.65,2.09,2.02,0.0699999999999998
1440,Spain,ESP,2017,2.804582243200665,17.4985079151548,18824.8,6.695743124932615,,101.749515361674,2.8960420786500767,0.887107173889516,17.2333333333333,1.96,2.09,-0.1299999999999999
1441,Spain,ESP,2018,1.9105443292486983,-6.12394469308922,19327.5,3.888426197725382,,103.453800786662,2.39541124478878,0.847324485146496,15.2666666666667,1.83,1.96,-0.1299999999999999
1442,Spain,ESP,2019,2.1751665709780346,-4.88248556030318,19779.125,1.3184213638932338,,104.177479773654,1.9612589241342016,0.893348371188594,14.1083333333333,1.84,1.83,0.01
1443,Spain,ESP,2020,1.0632442370372075,-18.3293197059623,19202.275,-15.148480689857328,,103.841243814338,-10.940140875618232,0.877541570440429,15.5333333333333,1.48,1.84,-0.3600000000000001
1444,Spain,ESP,2021,0.8346649293200573,14.3851079731649,19833.45,14.98113599814109,,107.053193795559,6.683144204730007,0.845553392731664,14.933333333333335,1.39,1.48,-0.09
1445,Spain,ESP,2022,,-4.61939212928733,20547.5,,,116.035573746654,,0.950882523746784,13.033333333333331,1.33,1.39,-0.0599999999999998
1446,Sweden,SWE,1988,,9.15076714129069,4375.0,,10.987525437527513,56.3900376314775,,6.12875986851993,1.8,0.99,,
1447,Sweden,SWE,1989,,38.9410541621573,4442.0,,13.112999833446553,60.023403321676,,6.44622656923115,1.55833333333333,4.31,0.99,3.3199999999999994
1448,Sweden,SWE,1990,,-4.96422514600304,4485.0,,15.04696324272628,66.2457614722817,,5.91836925388358,1.71666666666667,,4.31,
1449,Sweden,SWE,1991,,-8.39662239154816,4396.0,,16.76508233524843,72.5024267648897,,6.04546458315185,3.1,,,
1450,Sweden,SWE,1992,,-14.676593016174,4209.0,,12.453822909400824,74.2239006422616,,5.82302467608041,5.55833333333333,,,
1451,Sweden,SWE,1993,-1.1886900443257018,30.826686133904,3964.0,-2.1597379753258914,16.12633073455405,77.7333351063122,-1.995281371638784,7.78543950420439,9.05,,,
1452,Sweden,SWE,1994,1.009527717344348,27.4881589619426,3928.0,12.864068601494742,15.55975786038531,79.4109277555416,4.015785782867229,7.71570436735397,9.35833333333334,,,
1453,Sweden,SWE,1995,3.141532913045394,11.3629728204957,3986.0,7.241767812767176,13.797564303558678,81.3605840192546,4.094384206753849,7.13361872263263,8.8,,,
1454,Sweden,SWE,1996,3.192361025483401,21.7485662560414,3963.0,3.571854337061628,19.41238005853418,81.7943433107722,1.7047019165564372,6.70707939700602,9.55833333333333,,,
1455,Sweden,SWE,1997,3.7829953096103286,45.6168814931566,3922.0,12.424245227076751,17.507354217898644,82.3328856561574,3.065009482219735,7.63461683850189,9.89166666666667,,,
1456,Sweden,SWE,1998,3.524606394931193,15.561008798107,3979.0,10.97168567756374,17.615693185344607,82.1129476217704,4.24583705776395,7.94707818958216,8.2,,,
1457,Sweden,SWE,1999,3.8061024589733687,15.9577949557072,4068.0,5.578451296050848,32.087997037124964,82.4924537584937,4.201114986353428,8.2623434051485,6.73333333333333,,,
1458,Sweden,SWE,2000,3.8944634608870543,48.9818465681245,,12.556751818125766,26.661378190779587,83.2341794875204,4.631126829801592,9.16059325270484,,2.41,,
1459,Sweden,SWE,2001,4.651187304892315,-29.7414545363883,4318.1,-1.3684880363007506,23.016218042701006,85.2367591718416,1.3608101485830986,10.3383767896549,5.825,3.37,2.41,0.96
1460,Sweden,SWE,2002,4.354890435099403,-23.055003548616,4323.925,-0.9530020971668725,23.388848314381534,87.0765793917796,2.2777128052351223,9.72104173495791,5.95,2.45,3.37,-0.92
1461,Sweden,SWE,2003,5.794211004066009,-11.3881317708261,4314.4,3.2512318067255555,25.753485990781837,88.7533742004973,1.881013331528992,8.07822306961618,6.56666666666667,2.52,2.45,0.0699999999999998
1462,Sweden,SWE,2004,5.943653461761103,28.3233925615963,4290.025,6.892433126341808,25.31322598405271,89.0850099065197,4.179604509598772,7.34599586064327,7.375,2.24,2.52,-0.2799999999999998
1463,Sweden,SWE,2005,6.041656955473136,21.7758093430349,4336.425,6.838512407533364,30.49198307324298,89.4887172054306,2.79315622935198,7.47387105419306,,2.46,2.24,0.2199999999999997
1464,Sweden,SWE,2006,8.210043229726987,26.5627081612533,4429.45,8.169063072799634,38.1394223295934,90.7059558794197,4.676077350124496,7.37330715677657,7.24166666666667,2.3,2.46,-0.1600000000000001
1465,Sweden,SWE,2007,8.278602815449915,20.3148930795101,4540.675,8.864914241463511,43.21585683960182,92.7125247662992,3.2248568305183523,6.75773017086693,6.31666666666666,2.24,2.3,-0.0599999999999996
1466,Sweden,SWE,2008,7.968362090078498,-29.8600828085801,4592.975,2.831011120661368,43.50540599939272,95.899099769956,-0.9231168426374682,6.59710500074157,6.35,1.72,2.24,-0.5200000000000002
1467,Sweden,SWE,2009,5.889257853393445,-9.59588872361459,4499.325,-14.020388630312208,40.527190533583195,95.4249165591798,-4.255608459723032,7.65260470151829,8.48333333333334,1.85,1.72,0.1300000000000001
1468,Sweden,SWE,2010,5.895301948354287,30.653278465163,4523.7,12.176403882633242,40.850730887269584,96.529925667859,5.75075469070024,7.20219173724826,8.775,2.13,1.85,0.2799999999999998
1469,Sweden,SWE,2011,5.524478469349914,1.50829124568014,4625.875,6.709679014940982,42.84913728302197,99.3883222743773,3.1638816304823623,6.48918810308049,7.95,1.59,2.13,-0.5399999999999998
1470,Sweden,SWE,2012,5.496455191694045,-0.881176427750297,4657.125,0.5510699341690162,47.430480437405805,100.271265773972,-0.4144131826528049,6.76893428932179,8.15,1.46,1.59,-0.1300000000000001
1471,Sweden,SWE,2013,4.7591020611906965,17.0824827209799,4704.475,0.8750645265849535,46.28484178697351,100.226852652155,1.1376493440319917,6.51300535855449,8.20833333333333,1.49,1.46,0.03
1472,Sweden,SWE,2014,3.669318145749816,15.5352208319606,4772.125,6.502743373869057,48.94761396070856,100.046806643352,2.2957835049042945,6.85987996196436,8.1,2.03,1.49,0.5399999999999998
1473,Sweden,SWE,2015,2.9737669511568345,16.6027502487794,4836.85,5.791844727195862,53.26890092894577,100.0,4.388245006654819,8.4293252232731,7.59166666666667,2.02,2.03,-0.0099999999999997
1474,Sweden,SWE,2016,2.2684402538376194,-4.58520695982578,4909.9,5.630234206859486,58.36779277692411,100.984269244578,2.1311879885136165,8.55645321303093,7.15,2.09,2.02,0.0699999999999998
1475,Sweden,SWE,2017,2.317891781703814,15.6467234480294,5021.65,4.392388755363212,64.315127624669,102.796430993444,1.882827070157844,8.54703068040655,6.85833333333333,1.96,2.09,-0.1299999999999999
1476,Sweden,SWE,2018,2.41846424031648,0.523605201979239,5097.275,4.181943087994861,65.53961532042943,104.804595561347,1.7702547371753856,8.69041202169208,,1.83,1.96,-0.1299999999999999
1477,Sweden,SWE,2019,5.519583885714657,6.20299088576232,5131.55,1.984218342352218,,106.674467773892,2.608228991210878,9.45588466034569,6.90833333333333,1.84,1.83,0.01
1478,Sweden,SWE,2020,5.502384335239682,10.5995046023403,5064.325,-6.301921452085937,,107.20503171416,-1.933784594779252,9.20972998227618,8.48333333333334,1.48,1.84,-0.3600000000000001
1479,Sweden,SWE,2021,6.264010060377563,37.0849427011843,5105.15,13.384120327767764,,109.524088134782,5.22586462304481,8.57694616843905,8.89166666666667,1.39,1.48,-0.09
1480,Sweden,SWE,2022,3.976809780550207,-11.3418683606321,5257.15,9.80125000721302,,118.690477773493,1.2554395220007166,10.1076997493569,7.48333333333333,1.33,1.39,-0.0599999999999998
1481,Switzerland,CHE,1988,3.5988461966603644,-15.4696582821752,,5.6606412469096,22.110535948124138,70.9254907451092,3.277596252373899,1.46311544792603,,,,
1482,Switzerland,CHE,1989,3.181969613700085,22.1986567691764,,7.176410022419168,21.142593600185382,73.1633813330411,4.330794053178969,1.63549988127235,,,,
1483,Switzerland,CHE,1990,2.713090155882826,-2.73012207192346,,5.878442207469502,19.649746276084276,77.1171005307411,3.674625633334845,1.38885964464511,,7.35,,
1484,Switzerland,CHE,1991,3.9985849091117753,0.0593572458237713,,-3.1988665447470424,20.41068284907875,81.6358515582084,-0.9158165715250604,1.43367662127667,,,7.35,
1485,Switzerland,CHE,1992,4.556143098608561,9.61864406779664,,1.2374095684877355,20.54257539574535,84.9315155459978,-0.0437329929897376,1.40576483143641,,,,
1486,Switzerland,CHE,1993,6.402078983546633,27.3521453420951,,-1.308231743190899,22.121704051049658,87.7279891445992,-0.1259835459030825,1.47735833951146,,8.84,,
1487,Switzerland,CHE,1994,5.425425737864806,17.4467310143871,,4.507200052911941,23.842547768480536,88.475534249578,1.2697576965880115,1.36706645005216,,,8.84,
1488,Switzerland,CHE,1995,4.900696054218782,3.32868144932033,,15.02345430864605,22.85306445536344,90.0679414834824,1.6453994795503073,1.18208039937323,,16.77,,
1489,Switzerland,CHE,1996,5.380120628128028,25.6117712970837,,4.324245429237378,26.575359583321696,90.7989635778716,0.560166837873645,1.23613187323924,,7.91,16.77,-8.86
1490,Switzerland,CHE,1997,8.57366792424028,40.7507894970792,,11.587922172865577,27.036578740956003,91.2713228699851,2.097616849869379,1.45001723822484,,3.04,7.91,-4.87
1491,Switzerland,CHE,1998,7.932206528817043,33.5747934585786,3833.0,6.020063987484043,25.3755167034809,91.2876955195075,2.776113772482514,1.44965355856704,,2.7,3.04,-0.3399999999999998
1492,Switzerland,CHE,1999,8.881292404421181,2.44448627349642,3862.0,4.62355879201118,25.659351968738477,92.023880010532,1.680075591032255,1.50273295720197,,2.6,2.7,-0.1
1493,Switzerland,CHE,2000,11.143999792260656,11.8422973085393,3878.8,8.522359364286421,23.984579590581355,93.4580990485152,3.6332168615401135,1.68794338035733,,2.34,2.6,-0.2600000000000002
1494,Switzerland,CHE,2001,6.983849611846042,-11.0129294172736,3938.2,1.6441640989553017,26.85460042125481,94.38241864798,1.5921977184163252,1.6869474692102,,2.35,2.34,0.0100000000000002
1495,Switzerland,CHE,2002,7.336556589609249,-18.4866113265811,3964.9,-2.2374641123824537,28.61955429961089,94.9890253127844,0.3804102111300908,1.55677142205214,,2.19,2.35,-0.1600000000000001
1496,Switzerland,CHE,2003,11.200321024589083,-14.8817570396046,3963.0,0.3252230918884138,33.011625756918576,95.5953145486696,-0.2842224545256374,1.34481620493337,,2.65,2.19,0.4599999999999999
1497,Switzerland,CHE,2004,12.213395687537696,17.9282308209344,3959.2,4.948364616147164,31.873922607360143,96.3628576755649,2.5869289494258103,1.24274273194793,,2.11,2.65,-0.54
1498,Switzerland,CHE,2005,11.291789184116723,15.3080806415047,3974.5,9.989141606188348,33.386625503682495,97.4921862365494,2.95208489416109,1.24593857783194,,2.32,2.11,0.2099999999999999
1499,Switzerland,CHE,2006,12.751453542627686,25.8769865874977,4051.4,3.183339622844012,33.407019618709334,98.525125000167,4.134322593415278,1.25320420484475,,2.71,2.32,0.3900000000000001
1500,Switzerland,CHE,2007,8.302342571522582,13.5528983899797,4122.0,5.7901721789410665,34.0434460931201,99.2466743473327,3.983193736492949,1.19987174388574,,1.89,2.71,-0.8200000000000001
1501,Switzerland,CHE,2008,1.3696640269795224,-22.8891750779926,4228.8,4.317821082521665,34.98774491473341,101.654439527452,2.531596289715522,1.0836299855322,,1.79,1.89,-0.0999999999999998
1502,Switzerland,CHE,2009,5.963592038226313,-18.4785885283436,,-2.5953618363434003,38.370720846813114,101.16600830795,-1.93490949501715,1.08609893343371,,1.77,1.79,-0.02
1503,Switzerland,CHE,2010,13.66506786003622,14.6668353352599,4207.475,7.98045447014004,41.48234470068727,101.862271935675,3.260630796478653,1.04270904934437,4.803625370376183,1.49,1.77,-0.28
1504,Switzerland,CHE,2011,6.905441975223239,-6.71222535137582,4297.775,9.408477928519709,44.3854189239621,102.097929494693,1.4076606134574388,0.887214761747914,4.401668394045508,1.91,1.49,0.4199999999999999
1505,Switzerland,CHE,2012,8.835964038788177,2.67240041674148,4351.1,-2.181966097113703,48.18311242616361,101.390848223534,1.124135890807936,0.937480038741452,4.484188237313427,1.36,1.91,-0.5499999999999998
1506,Switzerland,CHE,2013,10.286456624140452,23.089919295061,4392.4,11.84112365650373,50.941398577992835,101.170502433176,1.8361239061643675,0.927016492251709,4.747292142222041,1.97,1.36,0.6099999999999999
1507,Switzerland,CHE,2014,7.173991485193007,10.3603786348741,4468.35,-6.618401629249193,50.92167299499404,101.157145358387,2.543423480291312,0.91504721963423,4.829987515398798,1.87,1.97,-0.0999999999999998
1508,Switzerland,CHE,2015,8.819974400472011,4.59962088682891,4537.95,4.758654998371148,50.963134834981076,100.0,1.454503248968655,0.962342149209486,4.800638596252196,1.3,1.87,-0.5700000000000001
1509,Switzerland,CHE,2016,6.994491612112168,-7.73844035908042,4603.9,5.232956830300695,52.31692327892726,99.5653813357142,1.9115910628378696,0.985124702773072,4.9191804927589455,1.31,1.3,0.01
1510,Switzerland,CHE,2017,4.912032191378085,12.6334248394354,4636.25,-0.5411113995491625,54.89227111463845,100.09684923396,1.4203461265460986,0.984746508093356,4.797587531576728,1.68,1.31,0.3699999999999999
1511,Switzerland,CHE,2018,5.925940911168647,0.965300961535175,4675.125,0.5529464052591827,56.03038434958381,101.034091531798,3.327432508387393,0.977904059304222,4.714413963724699,1.7,1.68,0.02
1512,Switzerland,CHE,2019,4.001240358580074,8.84644452861891,4705.775,0.3456776063135673,,101.400730286996,1.115321898936181,0.993780631077859,4.394451842306626,6.12,1.7,4.42
1513,Switzerland,CHE,2020,0.6932683740067866,3.73786915403624,,-2.767764581116961,,100.664687803646,-2.2552579865602462,0.938997617949683,,1.36,6.12,-4.76
1514,Switzerland,CHE,2021,7.873831134749361,15.4673136649369,4707.025,5.110086058927501,,101.250369219954,6.1762283854523305,0.914026063507748,5.015058236729323,1.4,1.36,0.0399999999999998
1515,Switzerland,CHE,2022,8.649328829021233,-4.75126891129753,4752.225,6.191780457276213,,104.120845523718,3.534302914657077,0.954656859040718,4.123311167521486,1.3,1.4,-0.0999999999999998
1516,Turkiye,TUR,1988,,,,,28.150436098051664,0.0187413916168165,,0.0014214173337039,,,,
1517,Turkiye,TUR,1989,,68.75,,,34.92121900697429,0.030599548519856,,0.0021199612034982,,,,
1518,Turkiye,TUR,1990,,343.518518518518,,,31.12376377092519,0.0490522651506362,,0.0026064373712278,,,,
1519,Turkiye,TUR,1991,,-6.47181628392483,,,28.69891398520015,0.0814162383514996,,0.0041688720992534,,,,
1520,Turkiye,TUR,1992,,6.25,,,43.711530719317004,0.13846956690016,,0.0068605412074941,,,,
1521,Turkiye,TUR,1993,,161.134453781513,,,32.192967892465596,0.229989429762932,,0.0109644455934343,,6.1,,
1522,Turkiye,TUR,1994,,109.332260659694,,,59.083328541442,0.471972817552524,,0.0297781480708251,,,6.1,
1523,Turkiye,TUR,1995,-0.8213371918336732,93.3897002305918,,,55.77723011121011,0.892563411672202,,0.0457384395296129,,6.74,,
1524,Turkiye,TUR,1996,-0.8278885567176006,62.9968203497615,,20.06311586489098,54.51330228522527,1.61029277594395,7.157798475577446,0.0812810041977061,,3.19,6.74,-3.5500000000000003
1525,Turkiye,TUR,1997,-1.0109017048928874,196.671543525969,,20.97363469214318,57.52207737974273,2.98982043140505,7.357862369133981,0.151594914155448,,5.65,3.19,2.4600000000000004
1526,Turkiye,TUR,1998,0.8607673619004254,60.0501376731188,,2.12471028922403,51.749933555802144,5.52044437949069,1.9085706458372464,0.260472600898739,,3.2,5.65,-2.45
1527,Turkiye,TUR,1999,-0.0226987504446843,77.1138785466684,,-3.232970629274911,43.9263995124548,9.10141748926672,-3.0527705542197867,0.418984027455455,,5.34,3.2,2.14
1528,Turkiye,TUR,2000,-3.537604801518525,151.607057424939,21538.0,21.668578019462817,40.300355013443955,14.0994957081306,6.985286976953334,0.624325301685332,,2.38,5.34,-2.96
1529,Turkiye,TUR,2001,1.979864366218822,-29.8719108504129,21530.5,-24.150108660068422,39.6254657941511,21.7696473215743,-5.459408393435844,1.22826860623445,,1.95,2.38,-0.4299999999999999
1530,Turkiye,TUR,2002,-0.3620828230052092,8.65267689880699,21463.25,21.360607618403996,26.184125937571412,31.5581784392106,6.435508848156491,1.51234220640204,,1.84,1.95,-0.1099999999999998
1531,Turkiye,TUR,2003,-2.776721908405713,11.3922519075311,21290.5,23.34249487257157,16.142804184707153,38.3755140677066,5.799093201793313,1.5025415854053,,1.92,1.84,0.0799999999999998
1532,Turkiye,TUR,2004,-3.714711206920565,62.0560202031173,,21.131778280994205,19.683504069013413,41.6751411887356,9.925405521542716,1.42599539916714,,2.18,1.92,0.2600000000000002
1533,Turkiye,TUR,2005,-4.326244505081128,47.5730473577278,20095.75,12.192792699466228,20.268942188276725,45.083817820161,9.111577463345688,1.34129764241797,9.50833333333334,1.5,2.18,-0.6800000000000002
1534,Turkiye,TUR,2006,-5.76759197032035,35.7091964039866,20432.1,7.1823784818718845,25.570990424395653,49.410620974602,7.067626077954384,1.42995441629023,,1.47,1.5,-0.03
1535,Turkiye,TUR,2007,-5.445198093737422,21.1427077341421,20749.125,9.699593944180307,23.707927682799554,53.7371043357574,5.108185138795708,1.29988548348391,9.15833333333333,2.06,1.47,0.5900000000000001
1536,Turkiye,TUR,2008,-5.037866886063493,-22.0307932446176,21192.1,-2.9344979227723256,26.924121601523048,59.3494764983914,0.9201182160487026,1.298778228951,10.025,1.97,2.06,-0.09
1537,Turkiye,TUR,2009,-1.7384892855657077,-0.339931925033409,21270.35,-14.375455275739244,29.855373364956613,63.0593984048711,-4.882694013456528,1.54686925646214,13.0416666666667,2.21,1.97,0.24
1538,Turkiye,TUR,2010,-5.6163078787206375,58.616168843578,22592.3,19.3374590242569,31.1648067687812,68.4613465855671,8.542198478021414,1.49896398189974,11.15,2.35,2.21,0.1400000000000001
1539,Turkiye,TUR,2011,-8.736490240140336,2.12786524220592,24098.625,14.516665250760646,38.80861552050338,72.8920825578346,10.979962531413731,1.67165758187465,9.14166666666666,2.65,2.35,0.2999999999999998
1540,Turkiye,TUR,2012,-4.876695199444766,4.95347755770553,24819.075,0.3402192112023551,36.400368589368384,79.3733330774987,4.807626970527663,1.79160369267206,8.43333333333333,,2.65,
1541,Turkiye,TUR,2013,-5.0954487956114045,22.2353793029535,,10.476244618145374,44.70586360163171,85.3208486034627,8.488256886725464,1.90452909090909,,2.78,,
1542,Turkiye,TUR,2014,-3.426369728357248,-3.4859501304478,25929.35,-0.0056439017691323,50.996408655536904,92.8756451829537,4.600794475930624,2.18900970324362,9.883333333333336,,2.78,
1543,Turkiye,TUR,2015,-2.452068330244636,7.25540028228369,26616.775,2.1336611529964298,58.65139718704592,100.0,5.80557386479459,2.72296580698287,10.3333333333333,3.19,,
1544,Turkiye,TUR,2016,-2.482439913420041,-4.33558372446616,27214.725,2.9238180278776893,62.39041504224427,107.775134153283,3.323665083596894,3.02245681661334,10.9083333333333,2.74,3.19,-0.4499999999999997
1545,Turkiye,TUR,2017,-4.117223770064554,28.3084670583942,28196.075,10.686541157215828,76.1734047453635,119.785930374606,7.825857301125095,3.64857035612335,10.925,3.45,2.74,0.71
1546,Turkiye,TUR,2018,-1.5678371914623694,2.86527188484044,28733.075,-5.911130120322119,89.79267230657187,139.349924208991,3.468153056335104,4.83966475429763,10.891666666666667,2.5,3.45,-0.9500000000000002
1547,Turkiye,TUR,2019,1.8355085196876808,-2.53971136705924,28078.9,-5.355355172521512,,160.49881356691,1.3016236542392876,5.67649483319217,13.741666666666664,3.13,2.5,0.6299999999999999
1548,Turkiye,TUR,2020,-3.992447091464353,14.1850591519787,26804.45,6.842696363532406,,180.206394586539,1.8030624719625843,7.01660732746722,13.1416666666667,2.85,3.13,-0.2799999999999998
1549,Turkiye,TUR,2021,-0.912250930012286,33.1892261436563,28826.5,2.136275976487875,,215.520527531004,11.811094450407785,8.8614759757513,12.0333333333333,3.22,2.85,0.3700000000000001
1550,Turkiye,TUR,2022,-5.024106134263645,97.3316782692254,30724.75,8.254101136195777,,371.360912306285,5.441225114783877,16.5631910490777,10.4833333333333,4.31,3.22,1.0899999999999994
1551,United Kingdom,GBR,1988,-3.532354645894232,-11.3820917421174,25708.0,12.358823106251348,15.704669652625121,,5.421495492538435,0.562152195832681,8.45,,,
1552,United Kingdom,GBR,1989,-4.063607392210447,20.6877347700478,26549.0,7.118333440040977,17.486848890175196,51.0,2.4229742719588376,0.611413518523902,7.075,,,
1553,United Kingdom,GBR,1990,-3.0718731843733145,2.27213006161992,26818.0,0.4090506662482751,17.39742004358196,55.1,0.5680173949519611,0.563030125664294,6.825,,,
1554,United Kingdom,GBR,1991,-1.3138494390400977,10.8284859876728,,-4.5061535485214925,12.950111789556152,59.2,-1.4056871625037433,0.566894323112241,8.6,,,
1555,United Kingdom,GBR,1992,-1.5157776441209403,3.87368251360809,25435.0,6.550670884695095,11.955685592021045,61.9,0.2757876515409671,0.569730331767967,9.85,,,
1556,United Kingdom,GBR,1993,-1.3163039397195715,15.5708878958851,25088.0,3.114921934988492,12.407833531001947,63.5,2.273596600319216,0.66603865776232,10.4,,,
1557,United Kingdom,GBR,1994,-0.4814837122799857,6.16550091371936,25253.0,5.743433720200404,14.039783151492214,64.9,3.418681245520797,0.653265505541989,9.525,,,
1558,United Kingdom,GBR,1995,-0.6667282707992902,6.62334142796561,25489.0,5.333226024962618,15.844559965075684,66.6,2.405679162414435,0.633697695774595,8.65,,,
1559,United Kingdom,GBR,1996,-0.5684050835751399,14.2691768127203,25727.0,9.20219031549457,21.82248967137096,68.5,2.614916034749688,0.640818980481159,8.125,,,
1560,United Kingdom,GBR,1997,-0.2027043239763849,22.5285079303604,26155.0,9.8637085841727,21.48603867502965,70.0,4.879985345389338,0.610501264771778,7.0,,,
1561,United Kingdom,GBR,1998,-0.4175292479886399,20.048962611245,26395.0,7.015011317530356,21.495076435170347,71.3,3.2463148322383195,0.603551144127612,6.275,,,
1562,United Kingdom,GBR,1999,-2.137615634258025,11.5618834793157,,7.440643713502865,19.52875126222414,72.6,2.9444586804041872,0.618086952118502,5.975,,,
1563,United Kingdom,GBR,2000,-1.8521686630296743,1.4071566753581,27483.5,9.11717733076078,22.85053990454545,73.4,4.52438076262652,0.660570959419346,5.45,2.41,,
1564,United Kingdom,GBR,2001,-1.7814212779715997,-12.7524002334507,27711.5,5.939348048629869,26.169650104532614,74.6,2.3910223004350057,0.69428920040175,5.075,3.37,2.41,0.96
1565,United Kingdom,GBR,2002,-1.988789984648172,-17.2539806447618,27944.0,4.333399217772017,24.78213411367341,75.7,1.7090273676961143,0.66654228320575,5.175,2.45,3.37,-0.92
1566,United Kingdom,GBR,2003,-1.828353539241918,-11.9849115127622,28223.0,1.928118457964503,26.31011701147269,76.7,3.218516082186132,0.612278850640196,5.025,2.52,2.45,0.0699999999999998
1567,United Kingdom,GBR,2004,-2.314219341849371,11.6877935915223,28533.25,7.134221207604112,30.954971322509813,77.8,2.326018550220913,0.545747185898468,4.75,2.24,2.52,-0.2799999999999998
1568,United Kingdom,GBR,2005,-1.9909510001432391,14.0454383431821,28853.25,7.212713722205392,33.452399807645065,79.4,2.790654734679503,0.550103007736171,4.8,2.46,2.24,0.2199999999999997
1569,United Kingdom,GBR,2006,-3.1040945009742367,14.8611629380621,29140.75,9.9740282665298,38.36416293386043,81.4,2.1898212882980395,0.543382086230194,5.425,2.3,2.46,-0.1600000000000001
1570,United Kingdom,GBR,2007,-3.712826144255859,8.12956014256186,29378.75,-0.8846058955891665,43.08494924711778,83.3,2.9309113329612617,0.499748115459572,5.325,2.24,2.3,-0.0599999999999996
1571,United Kingdom,GBR,2008,-3.841239981850149,-16.1747386427026,29627.75,-1.33575252290482,48.75837177770115,86.2,-0.0494116545622491,0.545696415775903,5.7,1.72,2.24,-0.5200000000000002
1572,United Kingdom,GBR,2009,-3.053408190944623,-14.9504052474708,29154.25,-7.24746269654794,51.25551255668139,87.9,-4.587408196328893,0.641314034757513,7.625,1.85,1.72,0.1300000000000001
1573,United Kingdom,GBR,2010,-2.754296684261241,19.7576159552005,29227.0,8.650079060126675,54.34815423516963,90.1,2.260544617770388,0.647462325898739,7.875,2.13,1.85,0.2799999999999998
1574,United Kingdom,GBR,2011,-1.6305926243079865,4.07922933581282,29374.5,2.741122569319814,48.369800615493205,93.6,0.8514377373098765,0.623809400683857,8.125,1.59,2.13,-0.5399999999999998
1575,United Kingdom,GBR,2012,-3.116498267998987,0.883987624846855,29694.25,2.2586024172785306,47.49215836109311,96.0,1.5282603445570897,0.631076817868122,7.975,1.46,1.59,-0.1300000000000001
1576,United Kingdom,GBR,2013,-4.514463364246939,12.7023630180083,30041.75,3.1790758330235014,52.45474002953803,98.2,1.718469620113609,0.639745653718866,7.6,1.49,1.46,0.03
1577,United Kingdom,GBR,2014,-4.815723819854875,3.28122080124195,30752.5,5.065275822347383,49.8654968401554,99.6,3.160173492692604,0.607363961321287,6.175,2.03,1.49,0.5399999999999998
1578,United Kingdom,GBR,2015,-4.782429191458992,-1.31802105556657,31285.0,4.931773491965747,49.8950709250397,100.0,2.140405611061972,0.654496101088525,5.35,2.02,2.03,-0.0099999999999997
1579,United Kingdom,GBR,2016,-5.24507982272148,-1.85382427468954,31745.5,4.480661240456829,56.48611074182453,101.0,2.206520216006735,0.740952732762407,4.9,2.09,2.02,0.0699999999999998
1580,United Kingdom,GBR,2017,-3.379470556765092,13.9967828164184,32060.5,3.0615116485517766,62.05255075860604,103.6,3.023222178854964,0.77656438104649,4.425,1.96,2.09,-0.1299999999999999
1581,United Kingdom,GBR,2018,-3.722763231392746,-0.31755629941027,32443.0,3.412496118035167,61.61255750265728,106.0,1.5513309622721243,0.749743805822197,4.1,1.83,1.96,-0.1299999999999999
1582,United Kingdom,GBR,2019,-2.4794925433684827,-1.03713309935201,32918.75,3.0825317534428085,61.354292213766264,107.8,1.2562990120422075,0.783608901224983,3.825,1.84,1.83,0.01
1583,United Kingdom,GBR,2020,-2.720358447230694,-13.7739175911495,32555.0,-15.18350968805827,70.09173451801459,108.9,-10.047896643494472,0.779717869643641,4.6,1.28,1.84,-0.56
1584,United Kingdom,GBR,2021,-0.7560323285623503,11.502067932056,32551.5,5.2779477182467645,75.17208625918317,111.6,8.543111843708393,0.726969660494698,4.55,0.72,1.28,-0.56
1585,United Kingdom,GBR,2022,-1.915845683118884,5.20940951983567,32955.5,13.914251100670755,78.4117511768596,120.5,5.149703902177769,0.811220349418094,3.8,1.0,0.72,0.28
1586,United States,USA,1988,-2.313767488510319,-7.29015502874949,114968.416666667,3.928079269774677,14.829021944345207,49.8944520153969,4.176982509825512,,5.49166666666667,,,
1587,United States,USA,1989,-1.7634245870327625,20.0750904903019,117325.833333333,4.403692610026709,14.760727729267304,52.3028587260267,3.6722431841812537,,5.26666666666667,3.91,,
1588,United States,USA,1990,-1.3242174493675274,1.89689046037699,118793.25,3.577103883630584,16.12461572407047,55.1261442568817,1.8859579360255885,,5.61666666666667,3.92,3.91,0.0099999999999997
1589,United States,USA,1991,0.0470110301760879,12.4905664454629,117718.333333333,-0.14958784224283,15.722374657332889,57.4607166012002,-0.1083128872992451,,6.81666666666667,3.95,3.92,0.0300000000000002
1590,United States,USA,1992,-0.7915860358082487,10.9910390092852,118492.0,7.009747989125058,15.055695524100782,59.2010980928232,3.522504819305597,,7.50833333333333,3.95,3.95,0.0
1591,United States,USA,1993,-1.23664469727859,8.98002075727288,120259.25,8.64669522800915,14.78207555554804,60.9485114288567,2.7517909915047785,,6.9,3.75,3.95,-0.2000000000000001
1592,United States,USA,1994,-1.6688356416043313,1.82111818324518,123065.166666667,11.928320124070655,15.081364370084783,62.5377082656518,4.0290181404911305,,6.08333333333333,,3.75,
1593,United States,USA,1995,-1.4865802041866754,14.5712154439718,124899.666666667,8.000860589855876,15.781942412649286,64.292153446096,2.684439911886547,,5.60833333333333,2.94,,
1594,United States,USA,1996,-1.545535963210266,23.0187707170014,126707.5,8.696463826772828,17.904214176030404,66.1766877481362,3.772770418256575,,5.41666666666667,2.86,2.94,-0.08
1595,United States,USA,1997,-1.640561220697862,27.4648453960281,129557.916666667,13.467416963281249,18.917169855679074,67.7236935184677,4.447132159742986,,4.95,2.6,2.86,-0.2599999999999998
1596,United States,USA,1998,-2.3730591264575662,20.527069997781,131463.5,11.688722245981602,21.01598511532827,68.7749542578521,4.483127106178817,,4.50833333333333,3.09,2.6,0.4899999999999997
1597,United States,USA,1999,-2.975847668794817,12.5216589137558,133487.916666667,11.594223989050736,22.449819256165085,70.27976896172,4.788427076368587,,4.21666666666667,2.31,3.09,-0.7799999999999998
1598,United States,USA,2000,-3.920777309268447,3.93222834497376,136890.75,12.999569337480658,22.906012155729158,72.6530164502968,4.077585760069555,,3.99166666666667,2.1,2.31,-0.2099999999999999
1599,United States,USA,2001,-3.7241319611953534,-5.87305294528939,136933.333333333,-2.461317242679592,25.94398748678193,74.7063150181914,0.955538341886668,,4.73333333333333,2.11,2.1,0.0099999999999997
1600,United States,USA,2002,-4.173313957248068,-12.8502726350453,136485.166666667,3.6694574759609537,26.96743850824798,75.8911808013771,1.7004438143212075,,5.775,2.16,2.11,0.0500000000000002
1601,United States,USA,2003,-4.558942977926975,-2.38813903091025,137735.666666667,5.124475138996408,28.321437502489463,77.6139826819736,2.795612971349569,,5.99166666666667,1.96,2.16,-0.2000000000000001
1602,United States,USA,2004,-5.204885089935635,21.3906162745398,139251.916666667,10.98144043825124,28.405385392900214,79.6918927053052,3.847769884513763,,5.53333333333333,1.79,1.96,-0.1699999999999999
1603,United States,USA,2005,-5.74599800892647,11.1182231244959,141729.75,6.491220862254937,29.261520845247862,82.3956368811801,3.4835514972249744,,5.06666666666667,1.75,1.79,-0.04
1604,United States,USA,2006,-5.911057101245746,13.7200486682564,144427.0,6.4202556459129445,31.178677820000345,85.0536740683861,2.784533296388862,,4.61666666666667,1.7,1.75,-0.05
1605,United States,USA,2007,-5.088693164754153,15.435285375805,146046.666666667,2.5632438184192,33.3829446970845,87.4799768230408,2.0038644453230825,,4.61666666666667,1.55,1.7,-0.1499999999999999
1606,United States,USA,2008,-4.715839672636069,-16.6746466885961,145362.5,-2.147026669460778,35.755859681440334,90.8384208727644,0.1135827704853552,,5.775,1.58,1.55,0.03
1607,United States,USA,2009,-2.6227879277187363,-24.220945112141,139877.5,-12.627561195293632,39.026893540816076,90.5154482589856,-2.576495801421844,,9.26666666666667,1.71,1.58,0.1299999999999999
1608,United States,USA,2010,-2.87069461426964,18.6455494033837,139063.916666667,12.969101815210358,37.11288675838388,91.9999409325069,2.695192499922246,,9.61666666666666,1.66,1.71,-0.05
1609,United States,USA,2011,-2.918652798607463,8.92209810722062,139869.25,4.816103862607464,42.112476156938314,94.9042333109721,1.5644068087849337,,8.95,1.67,1.66,0.01
1610,United States,USA,2012,-2.5727991376875927,1.73271922572477,142469.083333333,2.448369418098169,46.00744425206591,96.8681219771859,2.28911185313065,,8.06666666666667,1.67,1.67,0.0
1611,United States,USA,2013,-2.0112752248935184,17.676341268302,143929.333333333,1.2130036080335296,47.90700910615679,98.2870778608004,2.1178286342512203,,7.375,1.67,1.67,0.0
1612,United States,USA,2014,-2.101619119216082,13.0768638332944,146305.333333333,5.1609668503664015,50.34645504493235,99.8815134216814,2.523821217261199,,6.16666666666667,1.69,1.67,0.02
1613,United States,USA,2015,-2.232596752154234,0.191834206200362,148833.416666667,5.19080367057249,52.88091141127492,100.0,2.945549046689315,,5.29166666666667,1.69,1.69,0.0
1614,United States,USA,2016,-2.1069812699082777,-2.76086351481483,151435.833333333,1.456609908085582,56.748679049090555,101.261583205705,1.8194528060191617,,4.86666666666667,1.65,1.69,-0.04
1615,United States,USA,2017,-1.8744293224043675,14.0666629317249,153337.416666667,4.710087921307845,59.2147543707793,103.418566319434,2.457623575704078,,4.35,1.66,1.65,0.01
1616,United States,USA,2018,-2.125208387639242,6.75313577650508,155761.0,4.037870250388965,60.44788436968943,105.944650946275,2.9664986199210013,,3.9,1.59,1.66,-0.0699999999999998
1617,United States,USA,2019,-2.0518262747811558,1.74984931968431,157538.083333333,1.1769488969126891,64.08265173508862,107.864590584923,2.5838316161415475,,3.66666666666667,13.78,1.59,12.19
1618,United States,USA,2020,-2.7765622642209413,-1.74883629333151,147794.75,-8.822875575326032,82.74753278491927,109.195191343518,-2.0813783419958187,,8.09166666666667,1.52,13.78,-12.26
1619,United States,USA,2021,-3.619007963344981,28.5347843891979,152580.666666667,14.570038891490318,93.34203277667113,114.325027318716,6.152022480218891,,5.36666666666667,1.47,1.52,-0.05
1620,United States,USA,2022,-3.811739411954641,-4.79956155814088,158291.083333333,8.465670386102746,92.08791317253495,123.474230399788,2.524215012283573,,3.65,1.49,1.47,0.02
